code,name,exchange,market
000001,平安银行,SZSE,深市
000002,万  科Ａ,SZSE,深市
000004,*ST国华,SZSE,深市
000006,深振业Ａ,SZSE,深市
000007,全新好,SZSE,深市
000008,神州高铁,SZSE,深市
000009,中国宝安,SZSE,深市
000010,*ST美丽,SZSE,深市
000011,深物业A,SZSE,深市
000012,南  玻Ａ,SZSE,深市
000014,沙河股份,SZSE,深市
000016,*ST康佳A,SZSE,深市
000017,深中华A,SZSE,深市
000019,深粮控股,SZSE,深市
000020,深华发Ａ,SZSE,深市
000021,深科技,SZSE,深市
000025,特  力Ａ,SZSE,深市
000026,飞亚达,SZSE,深市
000027,深圳能源,SZSE,深市
000028,国药一致,SZSE,深市
000029,深深房Ａ,SZSE,深市
000030,富奥股份,SZSE,深市
000031,大悦城,SZSE,深市
000032,深桑达Ａ,SZSE,深市
000034,神州数码,SZSE,深市
000035,中国天楹,SZSE,深市
000036,华联控股,SZSE,深市
000037,深南电A,SZSE,深市
000039,中集集团,SZSE,深市
000042,中洲控股,SZSE,深市
000045,深纺织Ａ,SZSE,深市
000048,京基智农,SZSE,深市
000049,德赛电池,SZSE,深市
000050,深天马Ａ,SZSE,深市
000055,方大集团,SZSE,深市
000056,*ST皇庭,SZSE,深市
000058,深 赛 格,SZSE,深市
000059,华锦股份,SZSE,深市
000060,中金岭南,SZSE,深市
000061,农 产 品,SZSE,深市
000062,深圳华强,SZSE,深市
000063,中兴通讯,SZSE,深市
000065,北方国际,SZSE,深市
000066,中国长城,SZSE,深市
000068,华控赛格,SZSE,深市
000069,华侨城Ａ,SZSE,深市
000070,特发信息,SZSE,深市
000078,ST海王,SZSE,深市
000088,盐 田 港,SZSE,深市
000089,深圳机场,SZSE,深市
000090,天健集团,SZSE,深市
000096,广聚能源,SZSE,深市
000099,中信海直,SZSE,深市
000100,TCL科技,SZSE,深市
000151,中成股份,SZSE,深市
000153,丰原药业,SZSE,深市
000155,川能动力,SZSE,深市
000156,华数传媒,SZSE,深市
000157,中联重科,SZSE,深市
000158,常山北明,SZSE,深市
000159,国际实业,SZSE,深市
000166,申万宏源,SZSE,深市
000301,东方盛虹,SZSE,深市
000333,美的集团,SZSE,深市
000338,潍柴动力,SZSE,深市
000400,许继电气,SZSE,深市
000401,金隅冀东,SZSE,深市
000402,金 融 街,SZSE,深市
000403,派林生物,SZSE,深市
000404,长虹华意,SZSE,深市
000407,胜利股份,SZSE,深市
000408,藏格矿业,SZSE,深市
000409,云鼎科技,SZSE,深市
000410,沈阳机床,SZSE,深市
000411,英特集团,SZSE,深市
000415,渤海租赁,SZSE,深市
000417,合百集团,SZSE,深市
000419,通程控股,SZSE,深市
000420,吉林化纤,SZSE,深市
000421,南京公用,SZSE,深市
000422,湖北宜化,SZSE,深市
000423,东阿阿胶,SZSE,深市
000425,徐工机械,SZSE,深市
000426,兴业银锡,SZSE,深市
000428,华天酒店,SZSE,深市
000429,粤高速Ａ,SZSE,深市
000430,ST张家界,SZSE,深市
000488,ST晨鸣,SZSE,深市
000498,山东路桥,SZSE,深市
000501,武商集团,SZSE,深市
000503,国新健康,SZSE,深市
000504,*ST生物,SZSE,深市
000505,京粮控股,SZSE,深市
000506,招金黄金,SZSE,深市
000507,珠海港,SZSE,深市
000509,华塑控股,SZSE,深市
000510,新金路,SZSE,深市
000513,丽珠集团,SZSE,深市
000514,渝 开 发,SZSE,深市
000516,国际医学,SZSE,深市
000517,荣安地产,SZSE,深市
000518,*ST四环,SZSE,深市
000519,中兵红箭,SZSE,深市
000520,凤凰航运,SZSE,深市
000521,长虹美菱,SZSE,深市
000523,红棉股份,SZSE,深市
000524,岭南控股,SZSE,深市
000525,红太阳,SZSE,深市
000526,学大教育,SZSE,深市
000528,柳    工,SZSE,深市
000529,广弘控股,SZSE,深市
000530,冰山冷热,SZSE,深市
000531,穗恒运Ａ,SZSE,深市
000532,华金资本,SZSE,深市
000533,顺钠股份,SZSE,深市
000534,万泽股份,SZSE,深市
000536,华映科技,SZSE,深市
000537,绿发电力,SZSE,深市
000538,云南白药,SZSE,深市
000539,粤电力Ａ,SZSE,深市
000541,佛山照明,SZSE,深市
000543,皖能电力,SZSE,深市
000544,中原环保,SZSE,深市
000545,金浦钛业,SZSE,深市
000546,金圆股份,SZSE,深市
000547,航天发展,SZSE,深市
000548,湖南投资,SZSE,深市
000550,江铃汽车,SZSE,深市
000551,创元科技,SZSE,深市
000552,甘肃能化,SZSE,深市
000553,安道麦A,SZSE,深市
000554,泰山石油,SZSE,深市
000555,神州信息,SZSE,深市
000557,西部创业,SZSE,深市
000558,天府文旅,SZSE,深市
000559,万向钱潮,SZSE,深市
000560,我爱我家,SZSE,深市
000561,烽火电子,SZSE,深市
000563,陕国投Ａ,SZSE,深市
000564,供销大集,SZSE,深市
000565,渝三峡Ａ,SZSE,深市
000566,海南海药,SZSE,深市
000567,海德股份,SZSE,深市
000568,泸州老窖,SZSE,深市
000570,苏常柴Ａ,SZSE,深市
000571,新大洲A,SZSE,深市
000572,海马汽车,SZSE,深市
000573,粤宏远Ａ,SZSE,深市
000576,甘化科工,SZSE,深市
000581,威孚高科,SZSE,深市
000582,北部湾港,SZSE,深市
000586,汇源通信,SZSE,深市
000589,贵州轮胎,SZSE,深市
000590,古汉医药,SZSE,深市
000591,太阳能,SZSE,深市
000592,平潭发展,SZSE,深市
000593,德龙汇能,SZSE,深市
000595,*ST宝实,SZSE,深市
000596,古井贡酒,SZSE,深市
000597,东北制药,SZSE,深市
000598,兴蓉环境,SZSE,深市
000599,青岛双星,SZSE,深市
000600,建投能源,SZSE,深市
000601,韶能股份,SZSE,深市
000603,盛达资源,SZSE,深市
000605,渤海股份,SZSE,深市
000607,华媒控股,SZSE,深市
000608,*ST阳光,SZSE,深市
000609,*ST中迪,SZSE,深市
000610,*ST西旅,SZSE,深市
000612,焦作万方,SZSE,深市
000615,*ST美谷,SZSE,深市
000617,中油资本,SZSE,深市
000619,海螺新材,SZSE,深市
000620,盈新发展,SZSE,深市
000623,吉林敖东,SZSE,深市
000625,长安汽车,SZSE,深市
000626,远大控股,SZSE,深市
000628,高新发展,SZSE,深市
000629,钒钛股份,SZSE,深市
000630,铜陵有色,SZSE,深市
000631,顺发恒能,SZSE,深市
000632,ST三木,SZSE,深市
000633,合金投资,SZSE,深市
000635,英 力 特,SZSE,深市
000636,风华高科,SZSE,深市
000637,茂化实华,SZSE,深市
000638,*ST万方,SZSE,深市
000639,ST西王,SZSE,深市
000650,仁和药业,SZSE,深市
000651,格力电器,SZSE,深市
000652,泰达股份,SZSE,深市
000655,金岭矿业,SZSE,深市
000656,*ST金科,SZSE,深市
000657,中钨高新,SZSE,深市
000659,珠海中富,SZSE,深市
000661,长春高新,SZSE,深市
000663,永安林业,SZSE,深市
000665,湖北广电,SZSE,深市
000668,*ST荣控,SZSE,深市
000669,ST金鸿,SZSE,深市
000670,盈方微,SZSE,深市
000672,上峰水泥,SZSE,深市
000676,智度股份,SZSE,深市
000677,ST海龙,SZSE,深市
000678,襄阳轴承,SZSE,深市
000679,大连友谊,SZSE,深市
000680,山推股份,SZSE,深市
000681,视觉中国,SZSE,深市
000682,东方电子,SZSE,深市
000683,博源化工,SZSE,深市
000685,中山公用,SZSE,深市
000686,东北证券,SZSE,深市
000688,国城矿业,SZSE,深市
000690,宝新能源,SZSE,深市
000691,*ST亚太,SZSE,深市
000692,惠天热电,SZSE,深市
000695,滨海能源,SZSE,深市
000697,炼石航空,SZSE,深市
000698,ST沈化,SZSE,深市
000700,模塑科技,SZSE,深市
000701,厦门信达,SZSE,深市
000702,正虹科技,SZSE,深市
000703,恒逸石化,SZSE,深市
000705,浙江震元,SZSE,深市
000707,双环科技,SZSE,深市
000708,中信特钢,SZSE,深市
000709,河钢股份,SZSE,深市
000710,贝瑞基因,SZSE,深市
000711,ST京蓝,SZSE,深市
000712,锦龙股份,SZSE,深市
000713,国投丰乐,SZSE,深市
000715,中兴商业,SZSE,深市
000716,黑芝麻,SZSE,深市
000717,中南股份,SZSE,深市
000718,苏宁环球,SZSE,深市
000719,中原传媒,SZSE,深市
000720,新能泰山,SZSE,深市
000721,西安饮食,SZSE,深市
000722,湖南发展,SZSE,深市
000723,美锦能源,SZSE,深市
000725,京东方Ａ,SZSE,深市
000726,鲁  泰Ａ,SZSE,深市
000727,冠捷科技,SZSE,深市
000728,国元证券,SZSE,深市
000729,燕京啤酒,SZSE,深市
000731,四川美丰,SZSE,深市
000733,振华科技,SZSE,深市
000735,罗 牛 山,SZSE,深市
000736,*ST中地,SZSE,深市
000737,北方铜业,SZSE,深市
000738,航发控制,SZSE,深市
000739,普洛药业,SZSE,深市
000750,国海证券,SZSE,深市
000751,锌业股份,SZSE,深市
000752,*ST西发,SZSE,深市
000753,漳州发展,SZSE,深市
000755,山西高速,SZSE,深市
000756,新华制药,SZSE,深市
000757,浩物股份,SZSE,深市
000758,中色股份,SZSE,深市
000759,中百集团,SZSE,深市
000761,本钢板材,SZSE,深市
000762,西藏矿业,SZSE,深市
000766,通化金马,SZSE,深市
000767,晋控电力,SZSE,深市
000768,中航西飞,SZSE,深市
000776,广发证券,SZSE,深市
000777,中核科技,SZSE,深市
000778,新兴铸管,SZSE,深市
000779,甘咨询,SZSE,深市
000782,恒申新材,SZSE,深市
000783,长江证券,SZSE,深市
000785,居然智家,SZSE,深市
000786,北新建材,SZSE,深市
000788,北大医药,SZSE,深市
000789,万年青,SZSE,深市
000790,华神科技,SZSE,深市
000791,甘肃能源,SZSE,深市
000792,盐湖股份,SZSE,深市
000793,*ST华闻,SZSE,深市
000795,英洛华,SZSE,深市
000796,凯撒旅业,SZSE,深市
000797,中国武夷,SZSE,深市
000798,中水渔业,SZSE,深市
000799,酒鬼酒,SZSE,深市
000800,一汽解放,SZSE,深市
000801,四川九洲,SZSE,深市
000802,北京文化,SZSE,深市
000803,山高环能,SZSE,深市
000807,云铝股份,SZSE,深市
000809,和展能源,SZSE,深市
000810,创维数字,SZSE,深市
000811,冰轮环境,SZSE,深市
000812,陕西金叶,SZSE,深市
000813,德展健康,SZSE,深市
000815,美利云,SZSE,深市
000816,智慧农业,SZSE,深市
000818,航锦科技,SZSE,深市
000819,岳阳兴长,SZSE,深市
000820,*ST节能,SZSE,深市
000821,ST京机,SZSE,深市
000822,山东海化,SZSE,深市
000823,超声电子,SZSE,深市
000825,太钢不锈,SZSE,深市
000826,*ST启环,SZSE,深市
000828,东莞控股,SZSE,深市
000829,天音控股,SZSE,深市
000830,鲁西化工,SZSE,深市
000831,中国稀土,SZSE,深市
000833,粤桂股份,SZSE,深市
000837,秦川机床,SZSE,深市
000838,*ST发展,SZSE,深市
000839,国安股份,SZSE,深市
000848,承德露露,SZSE,深市
000850,华茂股份,SZSE,深市
000852,石化机械,SZSE,深市
000856,冀东装备,SZSE,深市
000858,五 粮 液,SZSE,深市
000859,国风新材,SZSE,深市
000860,顺鑫农业,SZSE,深市
000862,银星能源,SZSE,深市
000863,三湘印象,SZSE,深市
000868,安凯客车,SZSE,深市
000869,张  裕Ａ,SZSE,深市
000875,电投绿能,SZSE,深市
000876,新 希 望,SZSE,深市
000877,天山股份,SZSE,深市
000878,云南铜业,SZSE,深市
000880,潍柴重机,SZSE,深市
000881,中广核技,SZSE,深市
000882,华联股份,SZSE,深市
000883,湖北能源,SZSE,深市
000885,城发环境,SZSE,深市
000886,海南高速,SZSE,深市
000887,中鼎股份,SZSE,深市
000888,峨眉山Ａ,SZSE,深市
000889,中嘉博创,SZSE,深市
000890,法尔胜,SZSE,深市
000892,欢瑞世纪,SZSE,深市
000893,亚钾国际,SZSE,深市
000895,双汇发展,SZSE,深市
000897,津滨发展,SZSE,深市
000898,鞍钢股份,SZSE,深市
000899,赣能股份,SZSE,深市
000900,现代投资,SZSE,深市
000901,航天科技,SZSE,深市
000902,新洋丰,SZSE,深市
000903,ST云动,SZSE,深市
000905,厦门港务,SZSE,深市
000906,浙商中拓,SZSE,深市
000908,ST景峰,SZSE,深市
000909,*ST数源,SZSE,深市
000910,大亚圣象,SZSE,深市
000911,*ST广糖,SZSE,深市
000912,泸天化,SZSE,深市
000913,钱江摩托,SZSE,深市
000915,华特达因,SZSE,深市
000917,电广传媒,SZSE,深市
000919,金陵药业,SZSE,深市
000920,沃顿科技,SZSE,深市
000921,海信家电,SZSE,深市
000922,佳电股份,SZSE,深市
000923,河钢资源,SZSE,深市
000925,众合科技,SZSE,深市
000926,福星股份,SZSE,深市
000927,中国铁物,SZSE,深市
000928,中钢国际,SZSE,深市
000929,*ST兰黄,SZSE,深市
000930,中粮科技,SZSE,深市
000931,中 关 村,SZSE,深市
000932,华菱钢铁,SZSE,深市
000933,神火股份,SZSE,深市
000935,四川双马,SZSE,深市
000936,华西股份,SZSE,深市
000937,冀中能源,SZSE,深市
000938,紫光股份,SZSE,深市
000948,南天信息,SZSE,深市
000949,新乡化纤,SZSE,深市
000950,重药控股,SZSE,深市
000951,中国重汽,SZSE,深市
000952,广济药业,SZSE,深市
000953,河化股份,SZSE,深市
000955,欣龙控股,SZSE,深市
000957,中通客车,SZSE,深市
000958,电投产融,SZSE,深市
000959,首钢股份,SZSE,深市
000960,锡业股份,SZSE,深市
000962,东方钽业,SZSE,深市
000963,华东医药,SZSE,深市
000965,天保基建,SZSE,深市
000966,长源电力,SZSE,深市
000967,盈峰环境,SZSE,深市
000968,蓝焰控股,SZSE,深市
000969,安泰科技,SZSE,深市
000970,中科三环,SZSE,深市
000972,*ST中基,SZSE,深市
000973,佛塑科技,SZSE,深市
000975,山金国际,SZSE,深市
000977,浪潮信息,SZSE,深市
000978,桂林旅游,SZSE,深市
000980,众泰汽车,SZSE,深市
000981,山子高科,SZSE,深市
000983,山西焦煤,SZSE,深市
000985,大庆华科,SZSE,深市
000987,越秀资本,SZSE,深市
000988,华工科技,SZSE,深市
000989,九芝堂,SZSE,深市
000990,诚志股份,SZSE,深市
000993,闽东电力,SZSE,深市
000995,皇台酒业,SZSE,深市
000997,新 大 陆,SZSE,深市
000998,隆平高科,SZSE,深市
000999,华润三九,SZSE,深市
001201,东瑞股份,SZSE,深市
001202,炬申股份,SZSE,深市
001203,大中矿业,SZSE,深市
001205,盛航股份,SZSE,深市
001206,依依股份,SZSE,深市
001207,联科科技,SZSE,深市
001208,华菱线缆,SZSE,深市
001209,洪兴股份,SZSE,深市
001210,金房能源,SZSE,深市
001211,双枪科技,SZSE,深市
001212,中旗新材,SZSE,深市
001213,中铁特货,SZSE,深市
001215,千味央厨,SZSE,深市
001216,华瓷股份,SZSE,深市
001217,华尔泰,SZSE,深市
001218,丽臣实业,SZSE,深市
001219,青岛食品,SZSE,深市
001220,世盟股份,SZSE,深市
001221,悍高集团,SZSE,深市
001222,源飞宠物,SZSE,深市
001223,欧克科技,SZSE,深市
001225,和泰机电,SZSE,深市
001226,拓山重工,SZSE,深市
001227,兰州银行,SZSE,深市
001228,永泰运,SZSE,深市
001229,魅视科技,SZSE,深市
001230,劲旅环境,SZSE,深市
001231,农心科技,SZSE,深市
001233,海安集团,SZSE,深市
001234,泰慕士,SZSE,深市
001236,弘业期货,SZSE,深市
001238,浙江正特,SZSE,深市
001239,永达股份,SZSE,深市
001255,博菲电气,SZSE,深市
001256,炜冈科技,SZSE,深市
001257,盛龙股份,SZSE,深市
001258,立新能源,SZSE,深市
001259,利仁科技,SZSE,深市
001260,坤泰股份,SZSE,深市
001266,宏英智能,SZSE,深市
001267,汇绿生态,SZSE,深市
001268,联合精密,SZSE,深市
001269,欧晶科技,SZSE,深市
001270,*ST铖昌,SZSE,深市
001277,速达股份,SZSE,深市
001278,一彬科技,SZSE,深市
001279,强邦新材,SZSE,深市
001280,中国铀业,SZSE,深市
001282,三联锻造,SZSE,深市
001283,豪鹏科技,SZSE,深市
001285,瑞立科密,SZSE,深市
001286,陕西能源,SZSE,深市
001287,中电港,SZSE,深市
001288,运机集团,SZSE,深市
001289,龙源电力,SZSE,深市
001296,长江材料,SZSE,深市
001298,好上好,SZSE,深市
001299,美能能源,SZSE,深市
001300,三柏硕,SZSE,深市
001301,尚太科技,SZSE,深市
001306,夏厦精密,SZSE,深市
001308,康冠科技,SZSE,深市
001309,德明利,SZSE,深市
001311,多利科技,SZSE,深市
001312,福恩股份,SZSE,深市
001313,粤海饲料,SZSE,深市
001314,亿道信息,SZSE,深市
001316,润贝航科,SZSE,深市
001317,三羊马,SZSE,深市
001318,阳光乳业,SZSE,深市
001319,铭科精技,SZSE,深市
001322,箭牌家居,SZSE,深市
001323,慕思股份,SZSE,深市
001324,长青科技,SZSE,深市
001325,元创股份,SZSE,深市
001326,联域股份,SZSE,深市
001328,登康口腔,SZSE,深市
001330,博纳影业,SZSE,深市
001331,胜通能源,SZSE,深市
001332,锡装股份,SZSE,深市
001333,光华股份,SZSE,深市
001335,信凯科技,SZSE,深市
001336,楚环科技,SZSE,深市
001337,四川黄金,SZSE,深市
001338,永顺泰,SZSE,深市
001339,智微智能,SZSE,深市
001356,富岭股份,SZSE,深市
001358,兴欣新材,SZSE,深市
001359,平安电工,SZSE,深市
001360,南矿集团,SZSE,深市
001366,播恩集团,SZSE,深市
001367,海森药业,SZSE,深市
001368,通达创智,SZSE,深市
001369,双欣材料,SZSE,深市
001373,翔腾新材,SZSE,深市
001376,百通能源,SZSE,深市
001378,德冠新材,SZSE,深市
001379,腾达科技,SZSE,深市
001380,华纬科技,SZSE,深市
001382,新亚电缆,SZSE,深市
001386,马可波罗,SZSE,深市
001387,雪祺电气,SZSE,深市
001388,信通电子,SZSE,深市
001389,广合科技,SZSE,深市
001390,古麒绒材,SZSE,深市
001391,国货航,SZSE,深市
001395,亚联机械,SZSE,深市
001396,誉帆科技,SZSE,深市
001400,江顺科技,SZSE,深市
001696,宗申动力,SZSE,深市
001872,招商港口,SZSE,深市
001896,豫能控股,SZSE,深市
001914,招商积余,SZSE,深市
001965,招商公路,SZSE,深市
001979,招商蛇口,SZSE,深市
002001,新 和 成,SZSE,深市
002003,伟星股份,SZSE,深市
002004,华邦健康,SZSE,深市
002005,ST德豪,SZSE,深市
002006,精工科技,SZSE,深市
002007,华兰生物,SZSE,深市
002008,大族激光,SZSE,深市
002009,天奇股份,SZSE,深市
002010,传化智联,SZSE,深市
002011,盾安环境,SZSE,深市
002012,凯恩股份,SZSE,深市
002014,永新股份,SZSE,深市
002015,协鑫能科,SZSE,深市
002016,世荣兆业,SZSE,深市
002017,东信和平,SZSE,深市
002019,亿帆医药,SZSE,深市
002020,京新药业,SZSE,深市
002021,中捷资源,SZSE,深市
002022,科华生物,SZSE,深市
002023,海特高新,SZSE,深市
002024,ST易购,SZSE,深市
002025,航天电器,SZSE,深市
002026,山东威达,SZSE,深市
002027,分众传媒,SZSE,深市
002028,思源电气,SZSE,深市
002029,七 匹 狼,SZSE,深市
002030,达安基因,SZSE,深市
002031,巨轮智能,SZSE,深市
002032,苏 泊 尔,SZSE,深市
002033,丽江股份,SZSE,深市
002034,旺能环境,SZSE,深市
002035,华帝股份,SZSE,深市
002036,联创电子,SZSE,深市
002037,保利联合,SZSE,深市
002038,双鹭药业,SZSE,深市
002039,黔源电力,SZSE,深市
002040,南 京 港,SZSE,深市
002041,登海种业,SZSE,深市
002042,华孚时尚,SZSE,深市
002043,兔 宝 宝,SZSE,深市
002044,美年健康,SZSE,深市
002045,国光电器,SZSE,深市
002046,国机精工,SZSE,深市
002047,*ST宝鹰,SZSE,深市
002048,宁波华翔,SZSE,深市
002049,紫光国微,SZSE,深市
002050,三花智控,SZSE,深市
002051,中工国际,SZSE,深市
002052,同洲电子,SZSE,深市
002053,云南能投,SZSE,深市
002054,德美化工,SZSE,深市
002055,ST得润,SZSE,深市
002056,横店东磁,SZSE,深市
002057,中钢天源,SZSE,深市
002058,*ST威尔,SZSE,深市
002059,云南旅游,SZSE,深市
002060,广东建工,SZSE,深市
002061,浙江交科,SZSE,深市
002062,宏润建设,SZSE,深市
002063,远光软件,SZSE,深市
002064,华峰化学,SZSE,深市
002065,东华软件,SZSE,深市
002066,瑞泰科技,SZSE,深市
002067,景兴纸业,SZSE,深市
002068,黑猫股份,SZSE,深市
002069,獐子岛,SZSE,深市
002072,凯瑞德,SZSE,深市
002073,软控股份,SZSE,深市
002074,国轩高科,SZSE,深市
002075,沙钢股份,SZSE,深市
002076,*ST星光,SZSE,深市
002077,大港股份,SZSE,深市
002078,太阳纸业,SZSE,深市
002079,苏州固锝,SZSE,深市
002080,中材科技,SZSE,深市
002081,金 螳 螂,SZSE,深市
002082,ST万邦,SZSE,深市
002083,孚日股份,SZSE,深市
002084,海鸥住工,SZSE,深市
002085,万丰奥威,SZSE,深市
002086,东方海洋,SZSE,深市
002088,鲁阳节能,SZSE,深市
002090,金智科技,SZSE,深市
002091,江苏国泰,SZSE,深市
002092,中泰化学,SZSE,深市
002093,国脉科技,SZSE,深市
002094,青岛金王,SZSE,深市
002095,生 意 宝,SZSE,深市
002096,易普力,SZSE,深市
002097,山河智能,SZSE,深市
002098,浔兴股份,SZSE,深市
002099,海翔药业,SZSE,深市
002100,天康生物,SZSE,深市
002101,广东鸿图,SZSE,深市
002102,ST能特,SZSE,深市
002103,广博股份,SZSE,深市
002104,恒宝股份,SZSE,深市
002105,信隆健康,SZSE,深市
002106,莱宝高科,SZSE,深市
002107,沃华医药,SZSE,深市
002108,沧州明珠,SZSE,深市
002109,ST兴化,SZSE,深市
002110,三钢闽光,SZSE,深市
002111,威海广泰,SZSE,深市
002112,三变科技,SZSE,深市
002114,罗平锌电,SZSE,深市
002115,三维通信,SZSE,深市
002116,中国海诚,SZSE,深市
002117,东港股份,SZSE,深市
002119,康强电子,SZSE,深市
002120,韵达股份,SZSE,深市
002121,科陆电子,SZSE,深市
002122,ST汇洲,SZSE,深市
002123,梦网科技,SZSE,深市
002124,天邦食品,SZSE,深市
002125,湘潭电化,SZSE,深市
002126,银轮股份,SZSE,深市
002127,南极电商,SZSE,深市
002128,电投能源,SZSE,深市
002129,TCL中环,SZSE,深市
002130,沃尔核材,SZSE,深市
002131,利欧股份,SZSE,深市
002132,恒星科技,SZSE,深市
002133,广宇集团,SZSE,深市
002134,天津普林,SZSE,深市
002135,东南网架,SZSE,深市
002136,安 纳 达,SZSE,深市
002137,实益达,SZSE,深市
002138,顺络电子,SZSE,深市
002139,拓邦股份,SZSE,深市
002140,东华科技,SZSE,深市
002141,贤丰控股,SZSE,深市
002142,宁波银行,SZSE,深市
002144,宏达高科,SZSE,深市
002145,钛能化学,SZSE,深市
002146,荣盛发展,SZSE,深市
002148,北纬科技,SZSE,深市
002149,西部材料,SZSE,深市
002150,正泰电源,SZSE,深市
002151,北斗星通,SZSE,深市
002152,广电运通,SZSE,深市
002153,石基信息,SZSE,深市
002154,报 喜 鸟,SZSE,深市
002155,湖南黄金,SZSE,深市
002156,通富微电,SZSE,深市
002157,正邦科技,SZSE,深市
002158,汉钟精机,SZSE,深市
002159,三特索道,SZSE,深市
002160,常铝股份,SZSE,深市
002161,远 望 谷,SZSE,深市
002162,悦心健康,SZSE,深市
002163,海南发展,SZSE,深市
002164,宁波东力,SZSE,深市
002165,红 宝 丽,SZSE,深市
002166,莱茵生物,SZSE,深市
002167,东方锆业,SZSE,深市
002168,ST惠程,SZSE,深市
002169,智光电气,SZSE,深市
002170,芭田股份,SZSE,深市
002171,楚江新材,SZSE,深市
002172,澳洋健康,SZSE,深市
002173,创新医疗,SZSE,深市
002174,游族网络,SZSE,深市
002175,*ST东智,SZSE,深市
002176,江特电机,SZSE,深市
002177,御银股份,SZSE,深市
002178,延华智能,SZSE,深市
002179,中航光电,SZSE,深市
002180,奔图科技,SZSE,深市
002181,粤 传 媒,SZSE,深市
002182,宝武镁业,SZSE,深市
002183,怡 亚 通,SZSE,深市
002184,海得控制,SZSE,深市
002185,华天科技,SZSE,深市
002186,全 聚 德,SZSE,深市
002187,广百股份,SZSE,深市
002188,中天服务,SZSE,深市
002189,中光学,SZSE,深市
002190,成飞集成,SZSE,深市
002191,劲嘉股份,SZSE,深市
002192,融捷股份,SZSE,深市
002193,ST如意,SZSE,深市
002194,武汉凡谷,SZSE,深市
002195,岩山科技,SZSE,深市
002196,方正电机,SZSE,深市
002197,证通电子,SZSE,深市
002198,ST嘉应,SZSE,深市
002199,*ST东晶,SZSE,深市
002200,*ST交投,SZSE,深市
002201,九鼎新材,SZSE,深市
002202,金风科技,SZSE,深市
002203,海亮股份,SZSE,深市
002204,大连重工,SZSE,深市
002205,国统股份,SZSE,深市
002206,海 利 得,SZSE,深市
002207,*ST准油,SZSE,深市
002208,合肥城建,SZSE,深市
002209,达 意 隆,SZSE,深市
002210,飞马国际,SZSE,深市
002211,ST宏达,SZSE,深市
002212,天融信,SZSE,深市
002213,大为股份,SZSE,深市
002214,*ST大立,SZSE,深市
002215,诺 普 信,SZSE,深市
002216,三全食品,SZSE,深市
002217,合力泰,SZSE,深市
002218,拓日新能,SZSE,深市
002219,新里程,SZSE,深市
002221,东华能源,SZSE,深市
002222,福晶科技,SZSE,深市
002223,鱼跃医疗,SZSE,深市
002224,三 力 士,SZSE,深市
002225,濮耐股份,SZSE,深市
002226,江南化工,SZSE,深市
002227,*ST特迅,SZSE,深市
002228,合兴包装,SZSE,深市
002229,鸿博股份,SZSE,深市
002230,科大讯飞,SZSE,深市
002232,启明信息,SZSE,深市
002233,塔牌集团,SZSE,深市
002234,民和股份,SZSE,深市
002235,安妮股份,SZSE,深市
002236,大华股份,SZSE,深市
002237,恒邦股份,SZSE,深市
002238,天威视讯,SZSE,深市
002239,奥特佳,SZSE,深市
002240,盛新锂能,SZSE,深市
002241,歌尔股份,SZSE,深市
002242,九阳股份,SZSE,深市
002243,力合科创,SZSE,深市
002244,滨江集团,SZSE,深市
002245,蔚蓝锂芯,SZSE,深市
002246,北化股份,SZSE,深市
002247,聚力文化,SZSE,深市
002248,华东数控,SZSE,深市
002249,大洋电机,SZSE,深市
002250,联化科技,SZSE,深市
002251,步步高,SZSE,深市
002252,上海莱士,SZSE,深市
002253,*ST智胜,SZSE,深市
002254,泰和新材,SZSE,深市
002255,海陆重工,SZSE,深市
002256,兆新股份,SZSE,深市
002258,利尔化学,SZSE,深市
002259,升达林业,SZSE,深市
002261,拓维信息,SZSE,深市
002262,恩华药业,SZSE,深市
002263,大东南,SZSE,深市
002264,新 华 都,SZSE,深市
002265,建设工业,SZSE,深市
002266,浙富控股,SZSE,深市
002267,陕天然气,SZSE,深市
002268,电科网安,SZSE,深市
002269,美邦服饰,SZSE,深市
002270,华明装备,SZSE,深市
002271,东方雨虹,SZSE,深市
002272,川润股份,SZSE,深市
002273,水晶光电,SZSE,深市
002274,华昌化工,SZSE,深市
002275,桂林三金,SZSE,深市
002276,万马股份,SZSE,深市
002277,友阿股份,SZSE,深市
002278,神开股份,SZSE,深市
002279,久其软件,SZSE,深市
002281,光迅科技,SZSE,深市
002282,博深股份,SZSE,深市
002283,天润工业,SZSE,深市
002284,亚太股份,SZSE,深市
002285,世联行,SZSE,深市
002286,保龄宝,SZSE,深市
002287,奇正藏药,SZSE,深市
002289,*ST宇顺,SZSE,深市
002290,禾盛新材,SZSE,深市
002291,遥望科技,SZSE,深市
002292,奥飞娱乐,SZSE,深市
002293,罗莱生活,SZSE,深市
002294,信立泰,SZSE,深市
002295,精艺股份,SZSE,深市
002296,辉煌科技,SZSE,深市
002297,博云新材,SZSE,深市
002298,中电鑫龙,SZSE,深市
002299,圣农发展,SZSE,深市
002300,太阳电缆,SZSE,深市
002301,齐心集团,SZSE,深市
002302,西部建设,SZSE,深市
002303,美盈森,SZSE,深市
002304,洋河股份,SZSE,深市
002305,*ST南置,SZSE,深市
002306,*ST云网,SZSE,深市
002307,北新路桥,SZSE,深市
002309,中利集团,SZSE,深市
002310,东方新能,SZSE,深市
002311,海大集团,SZSE,深市
002312,川发龙蟒,SZSE,深市
002313,日海智能,SZSE,深市
002314,南山控股,SZSE,深市
002315,焦点科技,SZSE,深市
002316,亚联发展,SZSE,深市
002317,众生药业,SZSE,深市
002318,久立特材,SZSE,深市
002319,乐通股份,SZSE,深市
002320,海峡股份,SZSE,深市
002321,华英农业,SZSE,深市
002322,理工能科,SZSE,深市
002323,*ST雅博,SZSE,深市
002324,普利特,SZSE,深市
002326,永太科技,SZSE,深市
002327,富安娜,SZSE,深市
002328,新朋股份,SZSE,深市
002329,皇氏集团,SZSE,深市
002330,得利斯,SZSE,深市
002331,皖通科技,SZSE,深市
002332,仙琚制药,SZSE,深市
002333,罗普斯金,SZSE,深市
002334,英威腾,SZSE,深市
002335,科华数据,SZSE,深市
002337,赛象科技,SZSE,深市
002338,奥普光电,SZSE,深市
002339,积成电子,SZSE,深市
002340,格林美,SZSE,深市
002342,巨力索具,SZSE,深市
002343,慈文传媒,SZSE,深市
002344,海宁皮城,SZSE,深市
002345,潮宏基,SZSE,深市
002346,柘中股份,SZSE,深市
002347,泰尔股份,SZSE,深市
002348,高乐股份,SZSE,深市
002349,精华制药,SZSE,深市
002350,北京科锐,SZSE,深市
002351,漫步者,SZSE,深市
002352,顺丰控股,SZSE,深市
002353,杰瑞股份,SZSE,深市
002354,天娱数科,SZSE,深市
002355,兴民智通,SZSE,深市
002356,赫美集团,SZSE,深市
002357,富临运业,SZSE,深市
002358,森源电气,SZSE,深市
002360,ST同德,SZSE,深市
002361,神剑股份,SZSE,深市
002362,汉王科技,SZSE,深市
002363,隆基机械,SZSE,深市
002364,中恒电气,SZSE,深市
002365,永安药业,SZSE,深市
002366,融发核电,SZSE,深市
002367,康力电梯,SZSE,深市
002368,太极股份,SZSE,深市
002369,卓翼科技,SZSE,深市
002370,亚太药业,SZSE,深市
002371,北方华创,SZSE,深市
002372,伟星新材,SZSE,深市
002373,千方科技,SZSE,深市
002374,中锐股份,SZSE,深市
002375,亚厦股份,SZSE,深市
002376,新北洋,SZSE,深市
002377,国创高新,SZSE,深市
002378,章源钨业,SZSE,深市
002379,宏桥控股,SZSE,深市
002380,科远智慧,SZSE,深市
002381,双箭股份,SZSE,深市
002382,蓝帆医疗,SZSE,深市
002383,合众思壮,SZSE,深市
002384,东山精密,SZSE,深市
002385,大北农,SZSE,深市
002386,天原股份,SZSE,深市
002387,维信诺,SZSE,深市
002388,新亚制程,SZSE,深市
002389,航天彩虹,SZSE,深市
002390,信邦制药,SZSE,深市
002391,长青股份,SZSE,深市
002392,北京利尔,SZSE,深市
002393,力生制药,SZSE,深市
002394,联发股份,SZSE,深市
002395,双象股份,SZSE,深市
002396,星网锐捷,SZSE,深市
002397,梦洁股份,SZSE,深市
002398,垒知集团,SZSE,深市
002399,海普瑞,SZSE,深市
002400,省广集团,SZSE,深市
002401,中远海科,SZSE,深市
002402,和而泰,SZSE,深市
002403,爱仕达,SZSE,深市
002404,嘉欣丝绸,SZSE,深市
002405,四维图新,SZSE,深市
002406,远东传动,SZSE,深市
002407,多氟多,SZSE,深市
002408,齐翔腾达,SZSE,深市
002409,雅克科技,SZSE,深市
002410,广联达,SZSE,深市
002412,汉森制药,SZSE,深市
002413,雷科防务,SZSE,深市
002414,高德红外,SZSE,深市
002415,海康威视,SZSE,深市
002416,爱施德,SZSE,深市
002418,康盛股份,SZSE,深市
002419,天虹股份,SZSE,深市
002420,毅昌科技,SZSE,深市
002421,达实智能,SZSE,深市
002422,科伦药业,SZSE,深市
002423,中粮资本,SZSE,深市
002424,ST百灵,SZSE,深市
002425,凯撒文化,SZSE,深市
002426,胜利精密,SZSE,深市
002427,尤夫股份,SZSE,深市
002428,云南锗业,SZSE,深市
002429,兆驰股份,SZSE,深市
002430,杭氧股份,SZSE,深市
002431,ST棕榈,SZSE,深市
002432,九安医疗,SZSE,深市
002434,万里扬,SZSE,深市
002436,兴森科技,SZSE,深市
002437,誉衡药业,SZSE,深市
002438,江苏神通,SZSE,深市
002439,启明星辰,SZSE,深市
002440,闰土股份,SZSE,深市
002441,众业达,SZSE,深市
002442,龙星科技,SZSE,深市
002443,金洲管道,SZSE,深市
002444,巨星科技,SZSE,深市
002445,中南文化,SZSE,深市
002446,盛路通信,SZSE,深市
002448,中原内配,SZSE,深市
002449,国星光电,SZSE,深市
002451,摩恩电气,SZSE,深市
002452,长高电新,SZSE,深市
002453,华软科技,SZSE,深市
002454,松芝股份,SZSE,深市
002455,百川股份,SZSE,深市
002456,欧菲光,SZSE,深市
002457,青龙管业,SZSE,深市
002458,益生股份,SZSE,深市
002459,晶澳科技,SZSE,深市
002460,赣锋锂业,SZSE,深市
002461,珠江啤酒,SZSE,深市
002462,嘉事堂,SZSE,深市
002463,沪电股份,SZSE,深市
002465,海格通信,SZSE,深市
002466,天齐锂业,SZSE,深市
002467,二六三,SZSE,深市
002468,申通快递,SZSE,深市
002469,三维化学,SZSE,深市
002470,金正大,SZSE,深市
002471,中超控股,SZSE,深市
002472,双环传动,SZSE,深市
002474,榕基软件,SZSE,深市
002475,立讯精密,SZSE,深市
002476,宝莫股份,SZSE,深市
002478,常宝股份,SZSE,深市
002479,富春环保,SZSE,深市
002480,新筑股份,SZSE,深市
002481,双塔食品,SZSE,深市
002482,广田集团,SZSE,深市
002483,润邦股份,SZSE,深市
002484,江海股份,SZSE,深市
002485,ST雪发,SZSE,深市
002486,嘉麟杰,SZSE,深市
002487,大金重工,SZSE,深市
002488,金固股份,SZSE,深市
002489,浙江永强,SZSE,深市
002490,山东墨龙,SZSE,深市
002491,通鼎互联,SZSE,深市
002492,恒基达鑫,SZSE,深市
002493,荣盛石化,SZSE,深市
002494,华斯股份,SZSE,深市
002495,佳隆股份,SZSE,深市
002496,*ST辉丰,SZSE,深市
002497,雅化集团,SZSE,深市
002498,汉缆股份,SZSE,深市
002500,山西证券,SZSE,深市
002501,*ST利源,SZSE,深市
002506,协鑫集成,SZSE,深市
002507,涪陵榨菜,SZSE,深市
002508,老板电器,SZSE,深市
002510,天汽模,SZSE,深市
002511,中顺洁柔,SZSE,深市
002512,ST达华,SZSE,深市
002513,蓝丰生化,SZSE,深市
002514,*ST宝馨,SZSE,深市
002515,金字火腿,SZSE,深市
002516,旷达科技,SZSE,深市
002517,恺英网络,SZSE,深市
002518,科士达,SZSE,深市
002519,银河电子,SZSE,深市
002520,日发精机,SZSE,深市
002521,齐峰新材,SZSE,深市
002522,浙江众成,SZSE,深市
002523,天桥起重,SZSE,深市
002524,光正眼科,SZSE,深市
002526,山东矿机,SZSE,深市
002527,新时达,SZSE,深市
002528,*ST英飞,SZSE,深市
002529,*ST海源,SZSE,深市
002530,金财互联,SZSE,深市
002531,天顺风能,SZSE,深市
002532,天山铝业,SZSE,深市
002533,金杯电工,SZSE,深市
002534,西子洁能,SZSE,深市
002535,林州重机,SZSE,深市
002536,飞龙股份,SZSE,深市
002537,海联金汇,SZSE,深市
002538,ST司特,SZSE,深市
002539,云图控股,SZSE,深市
002540,亚太科技,SZSE,深市
002541,鸿路钢构,SZSE,深市
002542,*ST中岩,SZSE,深市
002543,万和电气,SZSE,深市
002544,普天科技,SZSE,深市
002545,东方铁塔,SZSE,深市
002546,新联电子,SZSE,深市
002547,*ST春兴,SZSE,深市
002548,金新农,SZSE,深市
002549,凯美特气,SZSE,深市
002550,千红制药,SZSE,深市
002551,尚荣医疗,SZSE,深市
002552,宝鼎科技,SZSE,深市
002553,南方精工,SZSE,深市
002554,惠博普,SZSE,深市
002555,三七互娱,SZSE,深市
002556,辉隆股份,SZSE,深市
002557,洽洽食品,SZSE,深市
002558,巨人网络,SZSE,深市
002559,亚威股份,SZSE,深市
002560,通达股份,SZSE,深市
002561,徐家汇,SZSE,深市
002562,兄弟科技,SZSE,深市
002563,森马服饰,SZSE,深市
002564,天沃科技,SZSE,深市
002565,顺灏股份,SZSE,深市
002566,益盛药业,SZSE,深市
002567,唐人神,SZSE,深市
002568,百润股份,SZSE,深市
002569,*ST步森,SZSE,深市
002570,贝因美,SZSE,深市
002571,德力股份,SZSE,深市
002572,索菲亚,SZSE,深市
002573,清新环境,SZSE,深市
002574,明牌珠宝,SZSE,深市
002575,群兴玩具,SZSE,深市
002576,通达动力,SZSE,深市
002577,雷柏科技,SZSE,深市
002578,闽发铝业,SZSE,深市
002579,中京电子,SZSE,深市
002580,圣阳股份,SZSE,深市
002581,*ST未名,SZSE,深市
002582,好想你,SZSE,深市
002583,海能达,SZSE,深市
002584,西陇科学,SZSE,深市
002585,双星新材,SZSE,深市
002586,ST围海,SZSE,深市
002587,奥拓电子,SZSE,深市
002588,史丹利,SZSE,深市
002589,瑞康医药,SZSE,深市
002590,万安科技,SZSE,深市
002591,恒大高新,SZSE,深市
002592,ST八菱,SZSE,深市
002593,日上集团,SZSE,深市
002594,比亚迪,SZSE,深市
002595,豪迈科技,SZSE,深市
002596,海南瑞泽,SZSE,深市
002597,金禾实业,SZSE,深市
002598,ST章鼓,SZSE,深市
002599,盛通股份,SZSE,深市
002600,领益智造,SZSE,深市
002601,龙佰集团,SZSE,深市
002602,世纪华通,SZSE,深市
002603,以岭药业,SZSE,深市
002605,姚记科技,SZSE,深市
002606,大连电瓷,SZSE,深市
002607,中公教育,SZSE,深市
002608,江苏国信,SZSE,深市
002609,捷顺科技,SZSE,深市
002611,东方精工,SZSE,深市
002612,朗姿股份,SZSE,深市
002613,北玻股份,SZSE,深市
002614,奥佳华,SZSE,深市
002615,哈尔斯,SZSE,深市
002616,长青集团,SZSE,深市
002617,露笑科技,SZSE,深市
002620,*ST瑞和,SZSE,深市
002622,皓宸医疗,SZSE,深市
002623,亚玛顿,SZSE,深市
002624,完美世界,SZSE,深市
002625,光启技术,SZSE,深市
002626,金达威,SZSE,深市
002627,三峡旅游,SZSE,深市
002628,成都路桥,SZSE,深市
002629,仁智股份,SZSE,深市
002630,*ST华西,SZSE,深市
002631,德尔未来,SZSE,深市
002632,道明光学,SZSE,深市
002633,申科股份,SZSE,深市
002634,*ST棒杰,SZSE,深市
002635,安洁科技,SZSE,深市
002636,金安国纪,SZSE,深市
002637,赞宇科技,SZSE,深市
002638,勤上股份,SZSE,深市
002639,雪人集团,SZSE,深市
002640,跨境通,SZSE,深市
002641,公元股份,SZSE,深市
002642,荣联科技,SZSE,深市
002643,万润股份,SZSE,深市
002644,佛慈制药,SZSE,深市
002645,华宏科技,SZSE,深市
002646,天佑德酒,SZSE,深市
002647,仁东控股,SZSE,深市
002648,卫星化学,SZSE,深市
002649,博彦科技,SZSE,深市
002650,ST加加,SZSE,深市
002651,利君股份,SZSE,深市
002652,扬子新材,SZSE,深市
002653,海思科,SZSE,深市
002654,万润科技,SZSE,深市
002655,共达电声,SZSE,深市
002656,*ST摩登,SZSE,深市
002657,中科金财,SZSE,深市
002658,雪迪龙,SZSE,深市
002659,凯文教育,SZSE,深市
002660,茂硕电源,SZSE,深市
002661,克明食品,SZSE,深市
002662,峰璟股份,SZSE,深市
002663,普邦股份,SZSE,深市
002664,信质集团,SZSE,深市
002666,德联集团,SZSE,深市
002667,*ST威领,SZSE,深市
002668,TCL智家,SZSE,深市
002669,康达新材,SZSE,深市
002670,国盛证券,SZSE,深市
002671,龙泉股份,SZSE,深市
002672,东江环保,SZSE,深市
002673,西部证券,SZSE,深市
002674,兴业科技,SZSE,深市
002675,东诚药业,SZSE,深市
002676,顺威股份,SZSE,深市
002677,浙江美大,SZSE,深市
002678,珠江钢琴,SZSE,深市
002679,福建金森,SZSE,深市
002681,奋达科技,SZSE,深市
002682,龙洲股份,SZSE,深市
002683,广东宏大,SZSE,深市
002685,华东重机,SZSE,深市
002686,亿利达,SZSE,深市
002687,乔治白,SZSE,深市
002688,金河生物,SZSE,深市
002689,ST远智,SZSE,深市
002690,美亚光电,SZSE,深市
002691,*ST冀凯,SZSE,深市
002692,远程股份,SZSE,深市
002693,*ST双成,SZSE,深市
002694,*ST顾地,SZSE,深市
002695,煌上煌,SZSE,深市
002696,百洋股份,SZSE,深市
002697,红旗连锁,SZSE,深市
002698,博实股份,SZSE,深市
002700,万憬能源,SZSE,深市
002701,奥瑞金,SZSE,深市
002702,海欣食品,SZSE,深市
002703,浙江世宝,SZSE,深市
002705,新宝股份,SZSE,深市
002706,良信股份,SZSE,深市
002707,众信旅游,SZSE,深市
002708,光洋股份,SZSE,深市
002709,天赐材料,SZSE,深市
002712,思美传媒,SZSE,深市
002713,*ST东易,SZSE,深市
002714,牧原股份,SZSE,深市
002715,登云股份,SZSE,深市
002716,湖南白银,SZSE,深市
002717,*ST岭南,SZSE,深市
002718,友邦吊顶,SZSE,深市
002719,ST麦趣,SZSE,深市
002721,金一文化,SZSE,深市
002722,物产金轮,SZSE,深市
002723,小崧股份,SZSE,深市
002724,海洋王,SZSE,深市
002725,跃岭股份,SZSE,深市
002726,ST龙大,SZSE,深市
002727,一心堂,SZSE,深市
002728,特一药业,SZSE,深市
002729,好利科技,SZSE,深市
002730,电光科技,SZSE,深市
002731,ST萃华,SZSE,深市
002732,燕塘乳业,SZSE,深市
002733,雄韬股份,SZSE,深市
002734,利民股份,SZSE,深市
002735,王子新材,SZSE,深市
002736,国信证券,SZSE,深市
002737,葵花药业,SZSE,深市
002738,中矿资源,SZSE,深市
002739,儒意电影,SZSE,深市
002741,光华科技,SZSE,深市
002742,三圣股份,SZSE,深市
002743,富煌钢构,SZSE,深市
002745,木林森,SZSE,深市
002746,仙坛股份,SZSE,深市
002747,埃斯顿,SZSE,深市
002748,世龙实业,SZSE,深市
002749,国光股份,SZSE,深市
002752,昇兴股份,SZSE,深市
002753,永东股份,SZSE,深市
002755,奥赛康,SZSE,深市
002756,永兴材料,SZSE,深市
002757,南兴股份,SZSE,深市
002758,浙农股份,SZSE,深市
002759,天际股份,SZSE,深市
002760,凤形股份,SZSE,深市
002761,浙江建投,SZSE,深市
002762,*ST金比,SZSE,深市
002763,汇洁股份,SZSE,深市
002765,蓝黛科技,SZSE,深市
002766,索菱股份,SZSE,深市
002767,先锋电子,SZSE,深市
002768,国恩股份,SZSE,深市
002769,普路通,SZSE,深市
002771,真视通,SZSE,深市
002772,众兴菌业,SZSE,深市
002773,康弘药业,SZSE,深市
002774,快意电梯,SZSE,深市
002775,文科股份,SZSE,深市
002777,久远银海,SZSE,深市
002778,中晟高科,SZSE,深市
002779,中坚科技,SZSE,深市
002780,三夫户外,SZSE,深市
002782,可立克,SZSE,深市
002783,凯龙股份,SZSE,深市
002785,万里石,SZSE,深市
002786,银宝山新,SZSE,深市
002787,华源控股,SZSE,深市
002788,鹭燕医药,SZSE,深市
002789,*ST建艺,SZSE,深市
002790,瑞尔特,SZSE,深市
002791,坚朗五金,SZSE,深市
002792,通宇通讯,SZSE,深市
002793,罗欣药业,SZSE,深市
002795,永和智控,SZSE,深市
002796,世嘉科技,SZSE,深市
002797,第一创业,SZSE,深市
002798,帝欧水华,SZSE,深市
002799,环球印务,SZSE,深市
002800,天顺股份,SZSE,深市
002801,微光股份,SZSE,深市
002802,洪汇新材,SZSE,深市
002803,吉宏股份,SZSE,深市
002805,丰元股份,SZSE,深市
002806,华锋股份,SZSE,深市
002807,江阴银行,SZSE,深市
002808,*ST恒久,SZSE,深市
002809,红墙股份,SZSE,深市
002810,山东赫达,SZSE,深市
002811,郑中设计,SZSE,深市
002812,恩捷股份,SZSE,深市
002813,路畅科技,SZSE,深市
002815,崇达技术,SZSE,深市
002816,*ST和科,SZSE,深市
002817,黄山胶囊,SZSE,深市
002818,富森美,SZSE,深市
002819,东方中科,SZSE,深市
002820,桂发祥,SZSE,深市
002821,凯莱英,SZSE,深市
002822,ST中装,SZSE,深市
002823,凯中精密,SZSE,深市
002824,和胜股份,SZSE,深市
002825,纳尔股份,SZSE,深市
002826,易明医药,SZSE,深市
002827,高争民爆,SZSE,深市
002828,贝肯能源,SZSE,深市
002829,星网宇达,SZSE,深市
002830,名雕股份,SZSE,深市
002831,裕同科技,SZSE,深市
002832,比音勒芬,SZSE,深市
002833,弘亚数控,SZSE,深市
002835,同为股份,SZSE,深市
002836,新宏泽,SZSE,深市
002837,英维克,SZSE,深市
002838,道恩股份,SZSE,深市
002839,张家港行,SZSE,深市
002840,华统股份,SZSE,深市
002841,视源股份,SZSE,深市
002842,翔鹭钨业,SZSE,深市
002843,泰嘉股份,SZSE,深市
002845,同兴达,SZSE,深市
002846,英联股份,SZSE,深市
002847,盐津铺子,SZSE,深市
002848,*ST高斯,SZSE,深市
002849,威星智能,SZSE,深市
002850,科达利,SZSE,深市
002851,麦格米特,SZSE,深市
002852,道道全,SZSE,深市
002853,皮阿诺,SZSE,深市
002855,捷荣技术,SZSE,深市
002856,*ST美芝,SZSE,深市
002857,三晖电气,SZSE,深市
002858,力盛体育,SZSE,深市
002859,洁美科技,SZSE,深市
002860,星帅尔,SZSE,深市
002861,瀛通通讯,SZSE,深市
002862,实丰文化,SZSE,深市
002863,今飞凯达,SZSE,深市
002864,盘龙药业,SZSE,深市
002865,钧达股份,SZSE,深市
002866,传艺科技,SZSE,深市
002867,周大生,SZSE,深市
002868,绿康生化,SZSE,深市
002869,金溢科技,SZSE,深市
002870,香山股份,SZSE,深市
002871,伟隆股份,SZSE,深市
002872,ST天圣,SZSE,深市
002873,新天药业,SZSE,深市
002875,安奈儿,SZSE,深市
002876,三利谱,SZSE,深市
002877,智能自控,SZSE,深市
002878,元隆雅图,SZSE,深市
002879,长缆科技,SZSE,深市
002880,卫光生物,SZSE,深市
002881,美格智能,SZSE,深市
002882,金龙羽,SZSE,深市
002883,*ST中设,SZSE,深市
002884,凌霄泵业,SZSE,深市
002885,京泉华,SZSE,深市
002886,沃特股份,SZSE,深市
002887,绿茵生态,SZSE,深市
002888,惠威科技,SZSE,深市
002889,东方嘉盛,SZSE,深市
002890,弘宇股份,SZSE,深市
002891,中宠股份,SZSE,深市
002892,科力尔,SZSE,深市
002893,京能热力,SZSE,深市
002895,川恒股份,SZSE,深市
002896,中大力德,SZSE,深市
002897,意华股份,SZSE,深市
002898,*ST赛隆,SZSE,深市
002899,英派斯,SZSE,深市
002900,哈三联,SZSE,深市
002901,大博医疗,SZSE,深市
002902,铭普光磁,SZSE,深市
002903,宇环数控,SZSE,深市
002905,金逸影视,SZSE,深市
002906,华阳集团,SZSE,深市
002907,华森制药,SZSE,深市
002908,德生科技,SZSE,深市
002909,集泰股份,SZSE,深市
002910,庄园牧场,SZSE,深市
002911,佛燃能源,SZSE,深市
002912,中新赛克,SZSE,深市
002913,奥士康,SZSE,深市
002915,中欣氟材,SZSE,深市
002916,深南电路,SZSE,深市
002917,金奥博,SZSE,深市
002918,蒙娜丽莎,SZSE,深市
002919,名臣健康,SZSE,深市
002920,德赛西威,SZSE,深市
002921,联诚精密,SZSE,深市
002922,伊戈尔,SZSE,深市
002923,润都股份,SZSE,深市
002925,盈趣科技,SZSE,深市
002926,华西证券,SZSE,深市
002927,泰永长征,SZSE,深市
002928,华夏航空,SZSE,深市
002929,润建股份,SZSE,深市
002930,宏川智慧,SZSE,深市
002931,锋龙股份,SZSE,深市
002932,*ST明德,SZSE,深市
002933,新兴装备,SZSE,深市
002935,天奥电子,SZSE,深市
002936,郑州银行,SZSE,深市
002937,兴瑞科技,SZSE,深市
002938,鹏鼎控股,SZSE,深市
002939,长城证券,SZSE,深市
002940,昂利康,SZSE,深市
002941,新疆交建,SZSE,深市
002942,新农股份,SZSE,深市
002943,宇晶股份,SZSE,深市
002945,华林证券,SZSE,深市
002946,新乳业,SZSE,深市
002947,恒铭达,SZSE,深市
002948,青岛银行,SZSE,深市
002949,华阳国际,SZSE,深市
002950,奥美医疗,SZSE,深市
002951,金时科技,SZSE,深市
002952,亚世光电,SZSE,深市
002953,日丰股份,SZSE,深市
002955,鸿合科技,SZSE,深市
002956,西麦食品,SZSE,深市
002957,科瑞技术,SZSE,深市
002958,青农商行,SZSE,深市
002959,小熊电器,SZSE,深市
002960,青鸟智控,SZSE,深市
002961,瑞达期货,SZSE,深市
002962,五方光电,SZSE,深市
002963,豪尔赛,SZSE,深市
002965,祥鑫科技,SZSE,深市
002966,苏州银行,SZSE,深市
002967,广电计量,SZSE,深市
002968,新大正,SZSE,深市
002969,嘉美包装,SZSE,深市
002970,锐明技术,SZSE,深市
002971,和远气体,SZSE,深市
002972,科安达,SZSE,深市
002973,侨银股份,SZSE,深市
002975,博杰股份,SZSE,深市
002976,瑞玛精密,SZSE,深市
002977,*ST天箭,SZSE,深市
002978,安宁股份,SZSE,深市
002979,雷赛智能,SZSE,深市
002980,华盛昌,SZSE,深市
002981,朝阳科技,SZSE,深市
002982,湘佳股份,SZSE,深市
002983,芯瑞达,SZSE,深市
002984,森麒麟,SZSE,深市
002985,北摩高科,SZSE,深市
002986,宇新股份,SZSE,深市
002987,京北方,SZSE,深市
002988,豪美新材,SZSE,深市
002989,中天精装,SZSE,深市
002990,盛视科技,SZSE,深市
002991,甘源食品,SZSE,深市
002992,宝明科技,SZSE,深市
002993,奥海科技,SZSE,深市
002995,天地在线,SZSE,深市
002996,顺博合金,SZSE,深市
002997,瑞鹄模具,SZSE,深市
002998,优彩资源,SZSE,深市
002999,天禾股份,SZSE,深市
003000,劲仔食品,SZSE,深市
003001,中岩大地,SZSE,深市
003002,壶化股份,SZSE,深市
003003,天元股份,SZSE,深市
003004,*ST声迅,SZSE,深市
003005,竞业达,SZSE,深市
003006,百亚股份,SZSE,深市
003007,直真科技,SZSE,深市
003008,开普检测,SZSE,深市
003009,中天火箭,SZSE,深市
003010,若羽臣,SZSE,深市
003011,海象新材,SZSE,深市
003012,东鹏控股,SZSE,深市
003013,地铁设计,SZSE,深市
003015,日久光电,SZSE,深市
003016,欣贺股份,SZSE,深市
003017,大洋生物,SZSE,深市
003018,金富科技,SZSE,深市
003019,宸展光电,SZSE,深市
003020,立方制药,SZSE,深市
003021,兆威机电,SZSE,深市
003022,联泓新科,SZSE,深市
003023,彩虹集团,SZSE,深市
003025,思进智能,SZSE,深市
003026,中晶科技,SZSE,深市
003027,同兴科技,SZSE,深市
003028,振邦智能,SZSE,深市
003029,吉大正元,SZSE,深市
003030,祖名股份,SZSE,深市
003031,中瓷电子,SZSE,深市
003032,*ST传智,SZSE,深市
003033,征和工业,SZSE,深市
003035,南网能源,SZSE,深市
003036,泰坦股份,SZSE,深市
003037,三和管桩,SZSE,深市
003038,鑫铂股份,SZSE,深市
003039,顺控发展,SZSE,深市
003040,楚天龙,SZSE,深市
003041,真爱美家,SZSE,深市
003042,中农联合,SZSE,深市
003043,华亚智能,SZSE,深市
003816,中国广核,SZSE,深市
300001,特锐德,SZSE,深市
300002,神州泰岳,SZSE,深市
300003,乐普医疗,SZSE,深市
300004,南风股份,SZSE,深市
300005,探路者,SZSE,深市
300006,莱美药业,SZSE,深市
300007,汉威科技,SZSE,深市
300008,天海防务,SZSE,深市
300009,安科生物,SZSE,深市
300010,ST豆神,SZSE,深市
300011,鼎汉技术,SZSE,深市
300012,华测检测,SZSE,深市
300013,新宁物流,SZSE,深市
300014,亿纬锂能,SZSE,深市
300015,爱尔眼科,SZSE,深市
300016,北陆药业,SZSE,深市
300017,网宿科技,SZSE,深市
300018,中元股份,SZSE,深市
300019,硅宝科技,SZSE,深市
300020,ST银江,SZSE,深市
300021,大禹节水,SZSE,深市
300022,吉峰科技,SZSE,深市
300024,机器人,SZSE,深市
300025,华星创业,SZSE,深市
300026,红日药业,SZSE,深市
300027,ST华谊,SZSE,深市
300029,*ST天龙,SZSE,深市
300030,阳普医疗,SZSE,深市
300031,宝通科技,SZSE,深市
300032,金龙机电,SZSE,深市
300033,同花顺,SZSE,深市
300034,钢研高纳,SZSE,深市
300035,中科电气,SZSE,深市
300036,超图软件,SZSE,深市
300037,新宙邦,SZSE,深市
300039,上海凯宝,SZSE,深市
300040,九洲集团,SZSE,深市
300041,回天新材,SZSE,深市
300042,朗科科技,SZSE,深市
300043,星辉娱乐,SZSE,深市
300044,*ST赛为,SZSE,深市
300045,华力创通,SZSE,深市
300046,台基股份,SZSE,深市
300047,天源迪科,SZSE,深市
300048,合康新能,SZSE,深市
300049,福瑞医科,SZSE,深市
300050,世纪鼎利,SZSE,深市
300051,琏升科技,SZSE,深市
300052,中青宝,SZSE,深市
300053,航宇微,SZSE,深市
300054,鼎龙股份,SZSE,深市
300055,万邦达,SZSE,深市
300056,中创环保,SZSE,深市
300057,万顺新材,SZSE,深市
300058,蓝色光标,SZSE,深市
300059,东方财富,SZSE,深市
300061,旗天科技,SZSE,深市
300062,中能电气,SZSE,深市
300063,天龙集团,SZSE,深市
300065,海兰信,SZSE,深市
300066,三川智慧,SZSE,深市
300067,安诺其,SZSE,深市
300068,ST南都,SZSE,深市
300069,金利华电,SZSE,深市
300070,碧水源,SZSE,深市
300071,福石控股,SZSE,深市
300072,海新能科,SZSE,深市
300073,当升科技,SZSE,深市
300074,华平股份,SZSE,深市
300075,数字政通,SZSE,深市
300076,*ST宁视,SZSE,深市
300077,国民技术,SZSE,深市
300078,思创智联,SZSE,深市
300079,数码视讯,SZSE,深市
300080,易成新能,SZSE,深市
300081,ST恒信,SZSE,深市
300082,奥克股份,SZSE,深市
300083,创世纪,SZSE,深市
300084,海默科技,SZSE,深市
300085,银之杰,SZSE,深市
300086,康芝药业,SZSE,深市
300087,荃银高科,SZSE,深市
300088,长信科技,SZSE,深市
300091,*ST金灵,SZSE,深市
300092,科新机电,SZSE,深市
300093,*ST金刚,SZSE,深市
300094,国联水产,SZSE,深市
300095,华伍股份,SZSE,深市
300096,ST易联众,SZSE,深市
300097,智云股份,SZSE,深市
300098,高新兴,SZSE,深市
300099,尤洛卡,SZSE,深市
300100,双林股份,SZSE,深市
300101,振芯科技,SZSE,深市
300102,乾照光电,SZSE,深市
300103,达刚控股,SZSE,深市
300105,龙源技术,SZSE,深市
300106,西部牧业,SZSE,深市
300107,建新股份,SZSE,深市
300109,新开源,SZSE,深市
300110,华仁药业,SZSE,深市
300111,向日葵,SZSE,深市
300112,万讯自控,SZSE,深市
300113,顺网科技,SZSE,深市
300115,长盈精密,SZSE,深市
300118,东方日升,SZSE,深市
300119,瑞普生物,SZSE,深市
300120,经纬辉开,SZSE,深市
300121,阳谷华泰,SZSE,深市
300122,智飞生物,SZSE,深市
300123,ST亚光,SZSE,深市
300124,汇川技术,SZSE,深市
300125,*ST聆达,SZSE,深市
300126,锐奇股份,SZSE,深市
300127,银河磁体,SZSE,深市
300128,锦富技术,SZSE,深市
300129,泰胜风能,SZSE,深市
300130,新国都,SZSE,深市
300131,英唐智控,SZSE,深市
300132,青松股份,SZSE,深市
300133,华策影视,SZSE,深市
300134,大富科技,SZSE,深市
300135,宝利国际,SZSE,深市
300136,信维通信,SZSE,深市
300137,先河环保,SZSE,深市
300138,晨光生物,SZSE,深市
300139,晓程科技,SZSE,深市
300140,节能环境,SZSE,深市
300141,和顺电气,SZSE,深市
300142,沃森生物,SZSE,深市
300143,盈康生命,SZSE,深市
300144,宋城演艺,SZSE,深市
300145,南方泵业,SZSE,深市
300146,汤臣倍健,SZSE,深市
300147,*ST香雪,SZSE,深市
300148,天舟文化,SZSE,深市
300149,睿智医药,SZSE,深市
300150,世纪瑞尔,SZSE,深市
300151,昌红科技,SZSE,深市
300152,*ST动力,SZSE,深市
300153,科泰电源,SZSE,深市
300154,瑞凌股份,SZSE,深市
300155,安居宝,SZSE,深市
300157,新锦动力,SZSE,深市
300158,振东制药,SZSE,深市
300159,*ST新研,SZSE,深市
300160,秀强股份,SZSE,深市
300161,华中数控,SZSE,深市
300162,雷曼光电,SZSE,深市
300163,先锋新材,SZSE,深市
300164,通源石油,SZSE,深市
300165,天瑞仪器,SZSE,深市
300166,东方国信,SZSE,深市
300167,ST迪威迅,SZSE,深市
300168,万达信息,SZSE,深市
300169,天晟新材,SZSE,深市
300170,汉得信息,SZSE,深市
300171,东富龙,SZSE,深市
300172,中电环保,SZSE,深市
300173,ST福能,SZSE,深市
300174,元力股份,SZSE,深市
300175,ST朗源,SZSE,深市
300176,鸿特科技,SZSE,深市
300177,中海达,SZSE,深市
300179,四方达,SZSE,深市
300180,华峰超纤,SZSE,深市
300181,佐力药业,SZSE,深市
300182,捷成股份,SZSE,深市
300183,东软载波,SZSE,深市
300184,力源信息,SZSE,深市
300185,通裕重工,SZSE,深市
300187,永清环保,SZSE,深市
300188,国投智能,SZSE,深市
300189,神农种业,SZSE,深市
300190,维尔利,SZSE,深市
300191,潜能恒信,SZSE,深市
300192,科德教育,SZSE,深市
300193,佳士科技,SZSE,深市
300194,福安药业,SZSE,深市
300195,长荣股份,SZSE,深市
300196,长海股份,SZSE,深市
300197,节能铁汉,SZSE,深市
300198,*ST纳川,SZSE,深市
300199,翰宇药业,SZSE,深市
300200,高盟新材,SZSE,深市
300201,海伦哲,SZSE,深市
300203,聚光科技,SZSE,深市
300204,舒泰神,SZSE,深市
300205,*ST天喻,SZSE,深市
300206,理邦仪器,SZSE,深市
300207,欣旺达,SZSE,深市
300209,行云科技,SZSE,深市
300210,森远股份,SZSE,深市
300211,*ST亿通,SZSE,深市
300212,*ST易录,SZSE,深市
300213,佳讯飞鸿,SZSE,深市
300214,日科化学,SZSE,深市
300215,电科院,SZSE,深市
300217,东方电热,SZSE,深市
300218,安利股份,SZSE,深市
300219,鸿利智汇,SZSE,深市
300220,金运激光,SZSE,深市
300221,银禧科技,SZSE,深市
300222,科大智能,SZSE,深市
300223,北京君正,SZSE,深市
300224,正海磁材,SZSE,深市
300225,*ST金泰,SZSE,深市
300226,上海钢联,SZSE,深市
300227,光韵达,SZSE,深市
300228,富瑞特装,SZSE,深市
300229,拓尔思,SZSE,深市
300230,永利股份,SZSE,深市
300231,银信科技,SZSE,深市
300232,洲明科技,SZSE,深市
300233,金城医药,SZSE,深市
300234,开尔新材,SZSE,深市
300235,方直科技,SZSE,深市
300236,上海新阳,SZSE,深市
300237,ST美晨,SZSE,深市
300238,冠昊生物,SZSE,深市
300239,东宝生物,SZSE,深市
300240,飞力达,SZSE,深市
300241,瑞丰光电,SZSE,深市
300242,佳云科技,SZSE,深市
300243,瑞丰高材,SZSE,深市
300244,迪安诊断,SZSE,深市
300245,ST天玑,SZSE,深市
300246,宝莱特,SZSE,深市
300247,融捷健康,SZSE,深市
300248,新开普,SZSE,深市
300249,依米康,SZSE,深市
300250,初灵信息,SZSE,深市
300251,光线传媒,SZSE,深市
300252,金信诺,SZSE,深市
300253,卫宁健康,SZSE,深市
300254,仟源医药,SZSE,深市
300255,常山药业,SZSE,深市
300256,星星科技,SZSE,深市
300257,开山股份,SZSE,深市
300258,精锻科技,SZSE,深市
300259,新天科技,SZSE,深市
300260,新莱应材,SZSE,深市
300261,雅本化学,SZSE,深市
300263,隆华科技,SZSE,深市
300264,佳创视讯,SZSE,深市
300265,通光线缆,SZSE,深市
300266,兴源环境,SZSE,深市
300267,尔康制药,SZSE,深市
300268,佳沃食品,SZSE,深市
300269,联建光电,SZSE,深市
300270,中威电子,SZSE,深市
300271,华宇软件,SZSE,深市
300272,开能健康,SZSE,深市
300274,阳光电源,SZSE,深市
300275,梅安森,SZSE,深市
300276,三丰智能,SZSE,深市
300277,汽轮科技,SZSE,深市
300278,华昌达,SZSE,深市
300279,和晶科技,SZSE,深市
300281,金明精机,SZSE,深市
300283,温州宏丰,SZSE,深市
300284,苏交科,SZSE,深市
300285,国瓷材料,SZSE,深市
300286,安科瑞,SZSE,深市
300287,飞利信,SZSE,深市
300288,朗玛信息,SZSE,深市
300289,利德曼,SZSE,深市
300290,荣科科技,SZSE,深市
300291,百纳千成,SZSE,深市
300292,吴通控股,SZSE,深市
300293,蓝英装备,SZSE,深市
300294,博雅生物,SZSE,深市
300295,*ST三六五,SZSE,深市
300296,利亚德,SZSE,深市
300298,三诺生物,SZSE,深市
300299,富春股份,SZSE,深市
300300,海峡创新,SZSE,深市
300301,ST长方,SZSE,深市
300302,同有科技,SZSE,深市
300303,聚飞光电,SZSE,深市
300304,云意电气,SZSE,深市
300305,裕兴股份,SZSE,深市
300306,远方信息,SZSE,深市
300307,慈星股份,SZSE,深市
300308,中际旭创,SZSE,深市
300310,宜通世纪,SZSE,深市
300311,ST任子行,SZSE,深市
300313,*ST天山,SZSE,深市
300314,戴维医疗,SZSE,深市
300315,掌趣科技,SZSE,深市
300316,晶盛机电,SZSE,深市
300317,珈伟新能,SZSE,深市
300318,博晖创新,SZSE,深市
300319,麦捷科技,SZSE,深市
300320,海达股份,SZSE,深市
300321,同大股份,SZSE,深市
300322,硕贝德,SZSE,深市
300323,华灿光电,SZSE,深市
300324,旋极信息,SZSE,深市
300326,ST凯利,SZSE,深市
300327,中颖电子,SZSE,深市
300328,宜安科技,SZSE,深市
300329,海伦钢琴,SZSE,深市
300331,苏大维格,SZSE,深市
300332,天壕能源,SZSE,深市
300333,兆日科技,SZSE,深市
300334,津膜科技,SZSE,深市
300335,迪森股份,SZSE,深市
300337,银邦股份,SZSE,深市
300338,*ST开元,SZSE,深市
300339,润和软件,SZSE,深市
300340,科恒股份,SZSE,深市
300341,麦克奥迪,SZSE,深市
300342,天银机电,SZSE,深市
300343,ST联创,SZSE,深市
300345,华民股份,SZSE,深市
300346,南大光电,SZSE,深市
300347,泰格医药,SZSE,深市
300348,长亮科技,SZSE,深市
300349,金卡智能,SZSE,深市
300350,华鹏飞,SZSE,深市
300351,永贵电器,SZSE,深市
300352,ST信源,SZSE,深市
300353,东土科技,SZSE,深市
300354,东华测试,SZSE,深市
300355,蒙草生态,SZSE,深市
300357,我武生物,SZSE,深市
300358,楚天科技,SZSE,深市
300359,全通教育,SZSE,深市
300360,炬华科技,SZSE,深市
300363,博腾股份,SZSE,深市
300364,中文在线,SZSE,深市
300365,恒华科技,SZSE,深市
300366,ST创意,SZSE,深市
300368,汇金股份,SZSE,深市
300369,绿盟科技,SZSE,深市
300370,安控科技,SZSE,深市
300371,汇中股份,SZSE,深市
300373,扬杰科技,SZSE,深市
300374,中铁装配,SZSE,深市
300375,鹏翎股份,SZSE,深市
300376,易事特,SZSE,深市
300377,赢时胜,SZSE,深市
300378,鼎捷数智,SZSE,深市
300380,安硕信息,SZSE,深市
300381,溢多利,SZSE,深市
300382,斯莱克,SZSE,深市
300383,光环新网,SZSE,深市
300384,三联虹普,SZSE,深市
300385,ST雪浪,SZSE,深市
300386,飞天诚信,SZSE,深市
300387,富邦科技,SZSE,深市
300388,节能国祯,SZSE,深市
300389,艾比森,SZSE,深市
300390,天华新能,SZSE,深市
300393,中来股份,SZSE,深市
300394,天孚通信,SZSE,深市
300395,菲利华,SZSE,深市
300396,ST迪瑞,SZSE,深市
300397,天和防务,SZSE,深市
300398,飞凯材料,SZSE,深市
300399,天利科技,SZSE,深市
300400,劲拓股份,SZSE,深市
300401,花园生物,SZSE,深市
300402,宝色股份,SZSE,深市
300403,汉宇集团,SZSE,深市
300404,博济医药,SZSE,深市
300405,科隆股份,SZSE,深市
300406,九强生物,SZSE,深市
300407,凯发电气,SZSE,深市
300408,三环集团,SZSE,深市
300409,道氏技术,SZSE,深市
300410,正业科技,SZSE,深市
300411,金盾股份,SZSE,深市
300412,迦南科技,SZSE,深市
300413,芒果超媒,SZSE,深市
300414,中光防雷,SZSE,深市
300415,伊之密,SZSE,深市
300416,苏试试验,SZSE,深市
300417,南华仪器,SZSE,深市
300418,昆仑万维,SZSE,深市
300419,ST浩丰,SZSE,深市
300420,五洋自控,SZSE,深市
300421,力星股份,SZSE,深市
300422,博世科,SZSE,深市
300423,昇辉科技,SZSE,深市
300424,航新科技,SZSE,深市
300425,中建环能,SZSE,深市
300426,华智数媒,SZSE,深市
300427,红相股份,SZSE,深市
300428,立中集团,SZSE,深市
300429,强力新材,SZSE,深市
300430,*ST益通,SZSE,深市
300432,富临精工,SZSE,深市
300433,蓝思科技,SZSE,深市
300434,金石亚药,SZSE,深市
300435,中泰股份,SZSE,深市
300436,广生堂,SZSE,深市
300437,清水源,SZSE,深市
300438,鹏辉能源,SZSE,深市
300439,美康生物,SZSE,深市
300440,运达科技,SZSE,深市
300441,鲍斯股份,SZSE,深市
300442,润泽科技,SZSE,深市
300443,金雷股份,SZSE,深市
300444,双杰电气,SZSE,深市
300445,康斯特,SZSE,深市
300446,航天智造,SZSE,深市
300447,全信股份,SZSE,深市
300448,浩云科技,SZSE,深市
300449,汉邦高科,SZSE,深市
300450,先导智能,SZSE,深市
300451,创业慧康,SZSE,深市
300452,山河药辅,SZSE,深市
300453,三鑫医疗,SZSE,深市
300454,深信服,SZSE,深市
300455,航天智装,SZSE,深市
300456,赛微电子,SZSE,深市
300457,赢合科技,SZSE,深市
300458,全志科技,SZSE,深市
300459,汤姆猫,SZSE,深市
300460,ST惠伦,SZSE,深市
300461,田中精机,SZSE,深市
300462,ST华铭,SZSE,深市
300463,迈克生物,SZSE,深市
300464,星徽股份,SZSE,深市
300465,高伟达,SZSE,深市
300466,赛摩智能,SZSE,深市
300467,迅游科技,SZSE,深市
300468,四方精创,SZSE,深市
300469,信息发展,SZSE,深市
300470,中密控股,SZSE,深市
300471,厚普股份,SZSE,深市
300472,*ST新元,SZSE,深市
300473,德尔股份,SZSE,深市
300474,景嘉微,SZSE,深市
300475,香农芯创,SZSE,深市
300476,胜宏科技,SZSE,深市
300477,ST合纵,SZSE,深市
300478,杭州高新,SZSE,深市
300479,神思电子,SZSE,深市
300480,光力科技,SZSE,深市
300481,濮阳惠成,SZSE,深市
300482,万孚生物,SZSE,深市
300483,首华燃气,SZSE,深市
300484,蓝海华腾,SZSE,深市
300485,赛升药业,SZSE,深市
300486,东杰智能,SZSE,深市
300487,蓝晓科技,SZSE,深市
300488,恒锋工具,SZSE,深市
300489,光智科技,SZSE,深市
300490,华自科技,SZSE,深市
300491,通合科技,SZSE,深市
300492,华图山鼎,SZSE,深市
300493,润欣科技,SZSE,深市
300494,盛天网络,SZSE,深市
300496,中科创达,SZSE,深市
300497,富祥药业,SZSE,深市
300498,温氏股份,SZSE,深市
300499,高澜股份,SZSE,深市
300500,启迪设计,SZSE,深市
300501,海顺新材,SZSE,深市
300502,新易盛,SZSE,深市
300503,昊志机电,SZSE,深市
300504,天邑股份,SZSE,深市
300505,川金诺,SZSE,深市
300506,ST名家汇,SZSE,深市
300507,苏奥传感,SZSE,深市
300508,维宏股份,SZSE,深市
300509,新美星,SZSE,深市
300510,金冠股份,SZSE,深市
300511,雪榕生物,SZSE,深市
300512,中亚股份,SZSE,深市
300513,恒实科技,SZSE,深市
300514,友讯达,SZSE,深市
300515,三德科技,SZSE,深市
300516,久之洋,SZSE,深市
300517,海波重科,SZSE,深市
300518,新迅达,SZSE,深市
300519,新光药业,SZSE,深市
300520,科大国创,SZSE,深市
300521,爱司凯,SZSE,深市
300522,世名科技,SZSE,深市
300523,辰安科技,SZSE,深市
300525,博思软件,SZSE,深市
300527,ST应急,SZSE,深市
300528,幸福蓝海,SZSE,深市
300529,健帆生物,SZSE,深市
300530,领湃科技,SZSE,深市
300531,优博讯,SZSE,深市
300532,今天国际,SZSE,深市
300533,冰川网络,SZSE,深市
300534,陇神戎发,SZSE,深市
300535,达威股份,SZSE,深市
300536,农尚环境,SZSE,深市
300537,广信材料,SZSE,深市
300538,同益股份,SZSE,深市
300539,横河精密,SZSE,深市
300540,蜀道装备,SZSE,深市
300541,先进数通,SZSE,深市
300542,新晨科技,SZSE,深市
300543,朗科智能,SZSE,深市
300545,联得装备,SZSE,深市
300546,雄帝科技,SZSE,深市
300547,川环科技,SZSE,深市
300548,长芯博创,SZSE,深市
300549,优德精密,SZSE,深市
300550,和仁科技,SZSE,深市
300551,古鳌科技,SZSE,深市
300552,万集科技,SZSE,深市
300553,集智股份,SZSE,深市
300554,三超新材,SZSE,深市
300555,ST路通,SZSE,深市
300556,丝路视觉,SZSE,深市
300557,理工光科,SZSE,深市
300558,贝达药业,SZSE,深市
300559,佳发教育,SZSE,深市
300560,中富通,SZSE,深市
300561,*ST汇科,SZSE,深市
300562,乐心医疗,SZSE,深市
300563,神宇股份,SZSE,深市
300564,筑博设计,SZSE,深市
300565,科信技术,SZSE,深市
300566,激智科技,SZSE,深市
300567,精测电子,SZSE,深市
300568,星源材质,SZSE,深市
300569,天能重工,SZSE,深市
300570,太辰光,SZSE,深市
300571,平治信息,SZSE,深市
300572,安车检测,SZSE,深市
300573,兴齐眼药,SZSE,深市
300575,中旗股份,SZSE,深市
300576,容大感光,SZSE,深市
300577,开润股份,SZSE,深市
300578,会畅科技,SZSE,深市
300579,数字认证,SZSE,深市
300580,贝斯特,SZSE,深市
300581,晨曦航空,SZSE,深市
300582,英飞特,SZSE,深市
300583,赛托生物,SZSE,深市
300584,海辰药业,SZSE,深市
300585,奥联电子,SZSE,深市
300586,美联新材,SZSE,深市
300587,天铁科技,SZSE,深市
300588,熙菱信息,SZSE,深市
300589,江龙船艇,SZSE,深市
300590,移为通信,SZSE,深市
300591,万里马,SZSE,深市
300592,华凯易佰,SZSE,深市
300593,新雷能,SZSE,深市
300594,ST朗进,SZSE,深市
300595,欧普康视,SZSE,深市
300596,利安隆,SZSE,深市
300597,吉大通信,SZSE,深市
300598,诚迈科技,SZSE,深市
300599,雄塑科技,SZSE,深市
300600,国瑞科技,SZSE,深市
300601,康泰生物,SZSE,深市
300602,飞荣达,SZSE,深市
300603,立昂技术,SZSE,深市
300604,长川科技,SZSE,深市
300605,恒锋信息,SZSE,深市
300606,金太阳,SZSE,深市
300607,拓斯达,SZSE,深市
300608,思特奇,SZSE,深市
300609,汇纳科技,SZSE,深市
300610,晨化股份,SZSE,深市
300611,美力科技,SZSE,深市
300612,宣亚国际,SZSE,深市
300613,富瀚微,SZSE,深市
300614,百川畅银,SZSE,深市
300615,欣天科技,SZSE,深市
300616,尚品宅配,SZSE,深市
300617,安靠智电,SZSE,深市
300618,寒锐钴业,SZSE,深市
300619,金银河,SZSE,深市
300620,光库科技,SZSE,深市
300621,维业股份,SZSE,深市
300622,博士眼镜,SZSE,深市
300623,捷捷微电,SZSE,深市
300624,万兴科技,SZSE,深市
300625,三雄极光,SZSE,深市
300626,华瑞股份,SZSE,深市
300627,华测导航,SZSE,深市
300628,亿联网络,SZSE,深市
300629,新劲刚,SZSE,深市
300631,久吾高科,SZSE,深市
300632,光莆股份,SZSE,深市
300633,开立医疗,SZSE,深市
300634,彩讯股份,SZSE,深市
300635,中达安,SZSE,深市
300636,同和药业,SZSE,深市
300637,扬帆新材,SZSE,深市
300638,广和通,SZSE,深市
300639,凯普生物,SZSE,深市
300640,德艺文创,SZSE,深市
300641,正丹股份,SZSE,深市
300642,透景生命,SZSE,深市
300643,万通智控,SZSE,深市
300644,南京聚隆,SZSE,深市
300645,正元智慧,SZSE,深市
300647,超频三,SZSE,深市
300648,星云股份,SZSE,深市
300649,杭州园林,SZSE,深市
300650,太龙股份,SZSE,深市
300651,金陵体育,SZSE,深市
300652,雷迪克,SZSE,深市
300653,正海生物,SZSE,深市
300654,世纪天鸿,SZSE,深市
300655,晶瑞电材,SZSE,深市
300656,民德电子,SZSE,深市
300657,弘信电子,SZSE,深市
300658,延江股份,SZSE,深市
300659,中孚信息,SZSE,深市
300660,江苏雷利,SZSE,深市
300661,圣邦股份,SZSE,深市
300662,科锐国际,SZSE,深市
300663,科蓝软件,SZSE,深市
300664,鹏鹞环保,SZSE,深市
300665,飞鹿股份,SZSE,深市
300666,江丰电子,SZSE,深市
300667,必创科技,SZSE,深市
300668,杰恩股份,SZSE,深市
300669,沪宁股份,SZSE,深市
300670,大烨智能,SZSE,深市
300671,富满微,SZSE,深市
300672,国科微,SZSE,深市
300673,佩蒂股份,SZSE,深市
300674,宇信科技,SZSE,深市
300675,建科院,SZSE,深市
300676,华大基因,SZSE,深市
300677,英科医疗,SZSE,深市
300678,中科信息,SZSE,深市
300679,电连技术,SZSE,深市
300680,隆盛科技,SZSE,深市
300681,英搏尔,SZSE,深市
300682,朗新科技,SZSE,深市
300683,海特生物,SZSE,深市
300684,中石科技,SZSE,深市
300685,艾德生物,SZSE,深市
300686,智动力,SZSE,深市
300687,赛意信息,SZSE,深市
300688,创业黑马,SZSE,深市
300689,澄天伟业,SZSE,深市
300690,双一科技,SZSE,深市
300691,联合光电,SZSE,深市
300692,中赋科技,SZSE,深市
300693,盛弘股份,SZSE,深市
300694,蠡湖股份,SZSE,深市
300695,兆丰股份,SZSE,深市
300696,爱乐达,SZSE,深市
300697,电工合金,SZSE,深市
300698,万马科技,SZSE,深市
300699,光威复材,SZSE,深市
300700,岱勒新材,SZSE,深市
300701,森霸传感,SZSE,深市
300702,天宇股份,SZSE,深市
300703,创源股份,SZSE,深市
300705,九典制药,SZSE,深市
300706,阿石创,SZSE,深市
300707,威唐工业,SZSE,深市
300708,聚灿光电,SZSE,深市
300709,精研科技,SZSE,深市
300710,万隆光电,SZSE,深市
300711,广哈通信,SZSE,深市
300712,永福股份,SZSE,深市
300713,英可瑞,SZSE,深市
300715,凯伦股份,SZSE,深市
300716,*ST泉为,SZSE,深市
300717,华信新材,SZSE,深市
300718,长盛轴承,SZSE,深市
300719,安达维尔,SZSE,深市
300720,海川智能,SZSE,深市
300721,怡达股份,SZSE,深市
300722,新余国科,SZSE,深市
300723,一品红,SZSE,深市
300724,捷佳伟创,SZSE,深市
300725,药石科技,SZSE,深市
300726,宏达电子,SZSE,深市
300727,润禾材料,SZSE,深市
300729,乐歌股份,SZSE,深市
300730,科创信息,SZSE,深市
300731,科创新源,SZSE,深市
300732,设研院,SZSE,深市
300733,西菱动力,SZSE,深市
300735,光弘科技,SZSE,深市
300736,百邦科技,SZSE,深市
300737,科顺股份,SZSE,深市
300738,奥飞数据,SZSE,深市
300739,明阳电路,SZSE,深市
300740,水羊股份,SZSE,深市
300741,华宝股份,SZSE,深市
300743,天地数码,SZSE,深市
300745,欣锐科技,SZSE,深市
300746,汉嘉数智,SZSE,深市
300747,锐科激光,SZSE,深市
300748,金力永磁,SZSE,深市
300749,顶固集创,SZSE,深市
300750,宁德时代,SZSE,深市
300751,迈为股份,SZSE,深市
300752,隆利科技,SZSE,深市
300753,爱朋医疗,SZSE,深市
300755,华致酒行,SZSE,深市
300756,金马游乐,SZSE,深市
300757,罗博特科,SZSE,深市
300758,七彩化学,SZSE,深市
300759,康龙化成,SZSE,深市
300760,迈瑞医疗,SZSE,深市
300761,立华股份,SZSE,深市
300762,上海瀚讯,SZSE,深市
300763,锦浪科技,SZSE,深市
300765,新诺威,SZSE,深市
300766,每日互动,SZSE,深市
300767,震安科技,SZSE,深市
300768,迪普科技,SZSE,深市
300769,德方纳米,SZSE,深市
300770,新媒股份,SZSE,深市
300771,智莱科技,SZSE,深市
300772,运达股份,SZSE,深市
300773,拉卡拉,SZSE,深市
300774,倍杰特,SZSE,深市
300775,三角防务,SZSE,深市
300776,帝尔激光,SZSE,深市
300777,中简科技,SZSE,深市
300778,新城市,SZSE,深市
300779,惠城环保,SZSE,深市
300780,德恩精工,SZSE,深市
300781,因赛集团,SZSE,深市
300782,卓胜微,SZSE,深市
300783,三只松鼠,SZSE,深市
300784,利安科技,SZSE,深市
300785,值得买,SZSE,深市
300786,国林科技,SZSE,深市
300787,海能实业,SZSE,深市
300788,中信出版,SZSE,深市
300789,唐源电气,SZSE,深市
300790,宇瞳光学,SZSE,深市
300791,仙乐健康,SZSE,深市
300792,壹网壹创,SZSE,深市
300793,佳禾智能,SZSE,深市
300795,米奥会展,SZSE,深市
300796,贝斯美,SZSE,深市
300797,钢研纳克,SZSE,深市
300798,锦鸡股份,SZSE,深市
300800,力合科技,SZSE,深市
300801,泰和科技,SZSE,深市
300802,矩子科技,SZSE,深市
300803,指南针,SZSE,深市
300804,广康生化,SZSE,深市
300805,电声股份,SZSE,深市
300806,斯迪克,SZSE,深市
300807,天迈科技,SZSE,深市
300808,久量股份,SZSE,深市
300809,华辰装备,SZSE,深市
300810,中科海讯,SZSE,深市
300811,铂科新材,SZSE,深市
300812,易天股份,SZSE,深市
300813,泰林生物,SZSE,深市
300814,中富电路,SZSE,深市
300815,玉禾田,SZSE,深市
300816,艾可蓝,SZSE,深市
300817,双飞集团,SZSE,深市
300818,耐普矿机,SZSE,深市
300819,聚杰微纤,SZSE,深市
300820,英杰电气,SZSE,深市
300821,东岳硅材,SZSE,深市
300822,贝仕达克,SZSE,深市
300823,建科智能,SZSE,深市
300824,北鼎股份,SZSE,深市
300825,阿尔特,SZSE,深市
300826,测绘股份,SZSE,深市
300827,上能电气,SZSE,深市
300828,锐新科技,SZSE,深市
300829,金丹科技,SZSE,深市
300830,金现代,SZSE,深市
300831,派瑞股份,SZSE,深市
300832,新产业,SZSE,深市
300833,浩洋股份,SZSE,深市
300834,星辉环材,SZSE,深市
300835,龙磁科技,SZSE,深市
300836,佰奥智能,SZSE,深市
300837,浙矿股份,SZSE,深市
300838,浙江力诺,SZSE,深市
300839,博汇股份,SZSE,深市
300840,酷特智能,SZSE,深市
300841,康华生物,SZSE,深市
300842,帝科股份,SZSE,深市
300843,胜蓝股份,SZSE,深市
300844,山水比德,SZSE,深市
300845,捷安高科,SZSE,深市
300846,首都在线,SZSE,深市
300847,中船汉光,SZSE,深市
300848,美瑞新材,SZSE,深市
300849,锦盛新材,SZSE,深市
300850,新强联,SZSE,深市
300851,交大思诺,SZSE,深市
300852,四会富仕,SZSE,深市
300853,申昊科技,SZSE,深市
300854,中兰环保,SZSE,深市
300855,图南股份,SZSE,深市
300856,科思股份,SZSE,深市
300857,协创数据,SZSE,深市
300858,科拓生物,SZSE,深市
300859,西域旅游,SZSE,深市
300860,锋尚文化,SZSE,深市
300861,美畅股份,SZSE,深市
300862,蓝盾光电,SZSE,深市
300863,卡倍亿,SZSE,深市
300864,南大环境,SZSE,深市
300865,大宏立,SZSE,深市
300866,安克创新,SZSE,深市
300867,圣元环保,SZSE,深市
300868,杰美特,SZSE,深市
300869,康泰医学,SZSE,深市
300870,欧陆通,SZSE,深市
300871,回盛生物,SZSE,深市
300872,天阳科技,SZSE,深市
300873,海晨股份,SZSE,深市
300875,捷强装备,SZSE,深市
300876,蒙泰高新,SZSE,深市
300877,金春股份,SZSE,深市
300878,维康药业,SZSE,深市
300879,大叶股份,SZSE,深市
300880,迦南智能,SZSE,深市
300881,盛德鑫泰,SZSE,深市
300882,万胜智能,SZSE,深市
300883,龙利得,SZSE,深市
300884,狄耐克,SZSE,深市
300885,海昌新材,SZSE,深市
300886,华业香料,SZSE,深市
300887,谱尼测试,SZSE,深市
300888,稳健医疗,SZSE,深市
300889,爱克股份,SZSE,深市
300890,翔丰华,SZSE,深市
300891,惠云钛业,SZSE,深市
300892,品渥食品,SZSE,深市
300893,松原安全,SZSE,深市
300894,火星人,SZSE,深市
300895,铜牛信息,SZSE,深市
300896,爱美客,SZSE,深市
300897,山科智能,SZSE,深市
300898,熊猫乳品,SZSE,深市
300899,上海凯鑫,SZSE,深市
300900,广联航空,SZSE,深市
300901,中胤时尚,SZSE,深市
300902,国安达,SZSE,深市
300903,科翔股份,SZSE,深市
300904,威力传动,SZSE,深市
300905,宝丽迪,SZSE,深市
300906,日月明,SZSE,深市
300907,康平科技,SZSE,深市
300908,仲景食品,SZSE,深市
300909,汇创达,SZSE,深市
300910,瑞丰新材,SZSE,深市
300911,亿田智能,SZSE,深市
300912,凯龙高科,SZSE,深市
300913,兆龙互连,SZSE,深市
300915,海融科技,SZSE,深市
300916,朗特智能,SZSE,深市
300917,特发服务,SZSE,深市
300918,南山智尚,SZSE,深市
300919,中伟新材,SZSE,深市
300920,润阳科技,SZSE,深市
300921,南凌科技,SZSE,深市
300922,天秦装备,SZSE,深市
300923,研奥股份,SZSE,深市
300925,法本信息,SZSE,深市
300926,博俊科技,SZSE,深市
300927,江天化学,SZSE,深市
300928,华安鑫创,SZSE,深市
300929,华骐环保,SZSE,深市
300930,屹通新材,SZSE,深市
300931,通用电梯,SZSE,深市
300932,三友联众,SZSE,深市
300933,中辰股份,SZSE,深市
300935,盈建科,SZSE,深市
300936,中英科技,SZSE,深市
300937,药易购,SZSE,深市
300938,信测标准,SZSE,深市
300939,秋田微,SZSE,深市
300940,南极光,SZSE,深市
300941,创识科技,SZSE,深市
300942,易瑞生物,SZSE,深市
300943,春晖智控,SZSE,深市
300945,曼卡龙,SZSE,深市
300946,恒而达,SZSE,深市
300947,德必集团,SZSE,深市
300948,冠中生态,SZSE,深市
300949,奥雅股份,SZSE,深市
300950,德固特,SZSE,深市
300951,博硕科技,SZSE,深市
300952,恒辉安防,SZSE,深市
300953,震裕科技,SZSE,深市
300955,嘉亨家化,SZSE,深市
300956,英力股份,SZSE,深市
300957,贝泰妮,SZSE,深市
300958,建工修复,SZSE,深市
300959,线上线下,SZSE,深市
300960,通业科技,SZSE,深市
300961,深水海纳,SZSE,深市
300962,中金辐照,SZSE,深市
300963,中洲特材,SZSE,深市
300964,本川智能,SZSE,深市
300965,恒宇信通,SZSE,深市
300966,共同药业,SZSE,深市
300967,晓鸣股份,SZSE,深市
300968,格林精密,SZSE,深市
300969,恒帅股份,SZSE,深市
300970,华绿生物,SZSE,深市
300971,博亚精工,SZSE,深市
300972,万辰集团,SZSE,深市
300973,立高食品,SZSE,深市
300975,商络电子,SZSE,深市
300976,达瑞电子,SZSE,深市
300977,深圳瑞捷,SZSE,深市
300978,东箭科技,SZSE,深市
300979,华利集团,SZSE,深市
300980,祥源新材,SZSE,深市
300981,中红医疗,SZSE,深市
300982,苏文电能,SZSE,深市
300983,尤安设计,SZSE,深市
300984,金沃股份,SZSE,深市
300985,致远新能,SZSE,深市
300986,志特新材,SZSE,深市
300987,川网传媒,SZSE,深市
300988,津荣天宇,SZSE,深市
300989,蕾奥规划,SZSE,深市
300990,同飞股份,SZSE,深市
300991,创益通,SZSE,深市
300992,泰福泵业,SZSE,深市
300993,玉马科技,SZSE,深市
300994,久祺股份,SZSE,深市
300995,奇德新材,SZSE,深市
300996,普联软件,SZSE,深市
300997,欢乐家,SZSE,深市
300998,宁波方正,SZSE,深市
300999,金龙鱼,SZSE,深市
301000,肇民科技,SZSE,深市
301001,凯淳股份,SZSE,深市
301002,崧盛股份,SZSE,深市
301003,江苏博云,SZSE,深市
301004,嘉益股份,SZSE,深市
301005,超捷股份,SZSE,深市
301006,迈拓股份,SZSE,深市
301007,德迈仕,SZSE,深市
301008,宏昌科技,SZSE,深市
301009,可靠股份,SZSE,深市
301010,晶雪节能,SZSE,深市
301011,华立科技,SZSE,深市
301012,扬电科技,SZSE,深市
301013,利和兴,SZSE,深市
301015,百洋医药,SZSE,深市
301016,雷尔伟,SZSE,深市
301017,漱玉平民,SZSE,深市
301018,申菱环境,SZSE,深市
301019,宁波色母,SZSE,深市
301020,密封科技,SZSE,深市
301021,英诺激光,SZSE,深市
301022,海泰科,SZSE,深市
301023,奕帆传动,SZSE,深市
301024,霍普股份,SZSE,深市
301025,读客文化,SZSE,深市
301026,浩通科技,SZSE,深市
301027,华蓝集团,SZSE,深市
301028,鼎熔岩,SZSE,深市
301029,怡合达,SZSE,深市
301030,*ST仕净,SZSE,深市
301031,中熔电气,SZSE,深市
301032,新柴股份,SZSE,深市
301033,迈普医学,SZSE,深市
301035,润丰股份,SZSE,深市
301036,双乐股份,SZSE,深市
301037,保立佳,SZSE,深市
301038,深水规院,SZSE,深市
301039,中集车辆,SZSE,深市
301040,中环海陆,SZSE,深市
301041,金百泽,SZSE,深市
301042,安联锐视,SZSE,深市
301043,绿岛风,SZSE,深市
301045,天禄科技,SZSE,深市
301046,能辉科技,SZSE,深市
301047,义翘神州,SZSE,深市
301048,金鹰重工,SZSE,深市
301049,超越科技,SZSE,深市
301050,雷电微力,SZSE,深市
301051,信濠光电,SZSE,深市
301052,果麦文化,SZSE,深市
301053,远信工业,SZSE,深市
301055,张小泉,SZSE,深市
301056,森赫股份,SZSE,深市
301057,汇隆新材,SZSE,深市
301058,中粮科工,SZSE,深市
301059,金三江,SZSE,深市
301060,兰卫医学,SZSE,深市
301061,匠心家居,SZSE,深市
301062,上海艾录,SZSE,深市
301063,海锅股份,SZSE,深市
301065,本立科技,SZSE,深市
301066,万事利,SZSE,深市
301067,显盈科技,SZSE,深市
301068,大地海洋,SZSE,深市
301069,凯盛新材,SZSE,深市
301070,开勒股份,SZSE,深市
301071,力量钻石,SZSE,深市
301072,中捷精工,SZSE,深市
301073,君亭酒店,SZSE,深市
301075,多瑞医药,SZSE,深市
301076,新瀚新材,SZSE,深市
301077,星华新材,SZSE,深市
301078,孩子王,SZSE,深市
301079,邵阳液压,SZSE,深市
301080,百普赛斯,SZSE,深市
301081,严牌股份,SZSE,深市
301082,久盛电气,SZSE,深市
301083,百胜智能,SZSE,深市
301085,亚康股份,SZSE,深市
301086,鸿富瀚,SZSE,深市
301087,可孚医疗,SZSE,深市
301088,戎美股份,SZSE,深市
301089,拓新药业,SZSE,深市
301090,华润材料,SZSE,深市
301091,深城交,SZSE,深市
301092,争光股份,SZSE,深市
301093,华兰股份,SZSE,深市
301095,广立微,SZSE,深市
301096,百诚医药,SZSE,深市
301097,天益医疗,SZSE,深市
301098,金埔园林,SZSE,深市
301099,雅创电子,SZSE,深市
301100,风光股份,SZSE,深市
301101,明月镜片,SZSE,深市
301102,兆讯传媒,SZSE,深市
301103,何氏眼科,SZSE,深市
301105,鸿铭股份,SZSE,深市
301106,骏成科技,SZSE,深市
301107,瑜欣电子,SZSE,深市
301108,洁雅股份,SZSE,深市
301109,军信股份,SZSE,深市
301110,青木科技,SZSE,深市
301111,粤万年青,SZSE,深市
301112,信邦智能,SZSE,深市
301113,雅艺科技,SZSE,深市
301115,联检科技,SZSE,深市
301116,益客食品,SZSE,深市
301117,佳缘科技,SZSE,深市
301118,恒光股份,SZSE,深市
301119,正强股份,SZSE,深市
301120,新特电气,SZSE,深市
301121,紫建电子,SZSE,深市
301122,采纳股份,SZSE,深市
301123,奕东电子,SZSE,深市
301125,腾亚精工,SZSE,深市
301126,达嘉维康,SZSE,深市
301127,武汉天源,SZSE,深市
301128,强瑞技术,SZSE,深市
301129,瑞纳智能,SZSE,深市
301130,西点药业,SZSE,深市
301131,聚赛龙,SZSE,深市
301132,满坤科技,SZSE,深市
301133,金钟股份,SZSE,深市
301135,瑞德智能,SZSE,深市
301136,招标股份,SZSE,深市
301137,哈焊华通,SZSE,深市
301138,华研精机,SZSE,深市
301139,*ST元道,SZSE,深市
301141,中科磁业,SZSE,深市
301148,嘉戎技术,SZSE,深市
301149,隆华新材,SZSE,深市
301150,中一科技,SZSE,深市
301151,冠龙节能,SZSE,深市
301152,天力锂能,SZSE,深市
301153,中科江南,SZSE,深市
301155,海力风电,SZSE,深市
301156,美农生物,SZSE,深市
301157,华塑科技,SZSE,深市
301158,德石股份,SZSE,深市
301159,三维天地,SZSE,深市
301160,翔楼新材,SZSE,深市
301161,唯万密封,SZSE,深市
301162,国能日新,SZSE,深市
301163,宏德股份,SZSE,深市
301165,锐捷网络,SZSE,深市
301166,优宁维,SZSE,深市
301167,建研设计,SZSE,深市
301168,通灵股份,SZSE,深市
301169,零点有数,SZSE,深市
301170,锡南科技,SZSE,深市
301171,易点天下,SZSE,深市
301172,君逸数码,SZSE,深市
301173,毓恬冠佳,SZSE,深市
301175,中科环保,SZSE,深市
301176,逸豪新材,SZSE,深市
301177,迪阿股份,SZSE,深市
301178,天亿马,SZSE,深市
301179,泽宇智能,SZSE,深市
301180,万祥科技,SZSE,深市
301181,标榜股份,SZSE,深市
301182,凯旺科技,SZSE,深市
301183,东田微,SZSE,深市
301185,鸥玛软件,SZSE,深市
301186,超达装备,SZSE,深市
301187,欧圣电气,SZSE,深市
301188,力诺药包,SZSE,深市
301189,奥尼电子,SZSE,深市
301190,善水科技,SZSE,深市
301191,菲菱科思,SZSE,深市
301192,泰祥股份,SZSE,深市
301193,家联科技,SZSE,深市
301195,北路智控,SZSE,深市
301196,唯科科技,SZSE,深市
301197,工大科雅,SZSE,深市
301198,喜悦智行,SZSE,深市
301199,迈赫股份,SZSE,深市
301200,大族数控,SZSE,深市
301201,诚达药业,SZSE,深市
301202,朗威股份,SZSE,深市
301203,国泰环保,SZSE,深市
301205,联特科技,SZSE,深市
301206,三元生物,SZSE,深市
301207,华兰疫苗,SZSE,深市
301208,中亦科技,SZSE,深市
301209,联合化学,SZSE,深市
301210,金杨精密,SZSE,深市
301211,亨迪药业,SZSE,深市
301212,联盛化学,SZSE,深市
301213,观想科技,SZSE,深市
301215,中汽股份,SZSE,深市
301216,万凯新材,SZSE,深市
301217,铜冠铜箔,SZSE,深市
301218,华是科技,SZSE,深市
301219,腾远钴业,SZSE,深市
301220,亚香股份,SZSE,深市
301221,光庭信息,SZSE,深市
301222,浙江恒威,SZSE,深市
301223,中荣股份,SZSE,深市
301225,恒勃股份,SZSE,深市
301226,祥明智能,SZSE,深市
301227,森鹰窗业,SZSE,深市
301228,实朴检测,SZSE,深市
301229,纽泰格,SZSE,深市
301230,泓博医药,SZSE,深市
301231,荣信文化,SZSE,深市
301232,飞沃科技,SZSE,深市
301233,盛帮股份,SZSE,深市
301234,五洲医疗,SZSE,深市
301235,华康洁净,SZSE,深市
301236,软通动力,SZSE,深市
301237,和顺科技,SZSE,深市
301238,瑞泰新材,SZSE,深市
301239,普瑞眼科,SZSE,深市
301246,宏源药业,SZSE,深市
301248,杰创智能,SZSE,深市
301251,威尔高,SZSE,深市
301252,同星科技,SZSE,深市
301255,通力科技,SZSE,深市
301256,华融化学,SZSE,深市
301257,普蕊斯,SZSE,深市
301258,富士莱,SZSE,深市
301259,艾布鲁,SZSE,深市
301260,格力博,SZSE,深市
301261,恒工精密,SZSE,深市
301262,海看股份,SZSE,深市
301263,泰恩康,SZSE,深市
301265,华新科技,SZSE,深市
301266,宇邦新材,SZSE,深市
301267,华厦眼科,SZSE,深市
301268,铭利达,SZSE,深市
301269,华大九天,SZSE,深市
301270,汉仪股份,SZSE,深市
301272,英华特,SZSE,深市
301273,瑞晨环保,SZSE,深市
301275,汉朔科技,SZSE,深市
301276,嘉曼服饰,SZSE,深市
301277,新天地,SZSE,深市
301278,快可电子,SZSE,深市
301279,金道科技,SZSE,深市
301280,珠城科技,SZSE,深市
301281,科源制药,SZSE,深市
301282,金禄电子,SZSE,深市
301283,聚胶股份,SZSE,深市
301285,鸿日达,SZSE,深市
301286,侨源股份,SZSE,深市
301287,康力源,SZSE,深市
301288,清研环境,SZSE,深市
301289,国缆检测,SZSE,深市
301290,东星医疗,SZSE,深市
301291,明阳电气,SZSE,深市
301292,海科新源,SZSE,深市
301293,三博脑科,SZSE,深市
301295,美硕科技,SZSE,深市
301296,新巨丰,SZSE,深市
301297,富乐德,SZSE,深市
301298,东利机械,SZSE,深市
301299,卓创资讯,SZSE,深市
301300,远翔新材,SZSE,深市
301301,川宁生物,SZSE,深市
301302,华如科技,SZSE,深市
301303,真兰仪表,SZSE,深市
301305,朗坤科技,SZSE,深市
301306,西测测试,SZSE,深市
301307,美利信,SZSE,深市
301308,江波龙,SZSE,深市
301309,万得凯,SZSE,深市
301310,鑫宏业,SZSE,深市
301311,昆船智能,SZSE,深市
301312,智立方,SZSE,深市
301313,凡拓数创,SZSE,深市
301314,科瑞思,SZSE,深市
301315,威士顿,SZSE,深市
301316,慧博云通,SZSE,深市
301317,鑫磊股份,SZSE,深市
301318,维海德,SZSE,深市
301319,唯特偶,SZSE,深市
301320,豪江智能,SZSE,深市
301321,翰博高新,SZSE,深市
301322,绿通科技,SZSE,深市
301323,新莱福,SZSE,深市
301325,曼恩斯特,SZSE,深市
301326,捷邦科技,SZSE,深市
301327,华宝新能,SZSE,深市
301328,维峰电子,SZSE,深市
301329,信音电子,SZSE,深市
301330,熵基科技,SZSE,深市
301331,恩威医药,SZSE,深市
301332,德尔玛,SZSE,深市
301333,诺思格,SZSE,深市
301335,天元宠物,SZSE,深市
301336,趣睡科技,SZSE,深市
301337,亚华电子,SZSE,深市
301338,凯格精机,SZSE,深市
301339,通行宝,SZSE,深市
301345,涛涛车业,SZSE,深市
301348,蓝箭电子,SZSE,深市
301349,信德新材,SZSE,深市
301353,普莱得,SZSE,深市
301355,南王科技,SZSE,深市
301356,天振股份,SZSE,深市
301357,北方长龙,SZSE,深市
301358,湖南裕能,SZSE,深市
301359,东南电子,SZSE,深市
301360,荣旗科技,SZSE,深市
301361,众智科技,SZSE,深市
301362,民爆光电,SZSE,深市
301363,美好医疗,SZSE,深市
301365,矩阵股份,SZSE,深市
301366,一博科技,SZSE,深市
301367,瑞迈特,SZSE,深市
301368,丰立智能,SZSE,深市
301369,联动科技,SZSE,深市
301370,国科恒泰,SZSE,深市
301371,敷尔佳,SZSE,深市
301372,科净源,SZSE,深市
301373,凌玮科技,SZSE,深市
301376,致欧科技,SZSE,深市
301377,鼎泰高科,SZSE,深市
301378,通达海,SZSE,深市
301379,天山电子,SZSE,深市
301380,挖金客,SZSE,深市
301381,赛维时代,SZSE,深市
301382,蜂助手,SZSE,深市
301383,天键股份,SZSE,深市
301386,未来电器,SZSE,深市
301387,光大同创,SZSE,深市
301388,欣灵电气,SZSE,深市
301389,隆扬电子,SZSE,深市
301390,经纬股份,SZSE,深市
301391,卡莱特,SZSE,深市
301392,汇成真空,SZSE,深市
301393,昊帆生物,SZSE,深市
301395,仁信新材,SZSE,深市
301396,宏景科技,SZSE,深市
301397,溯联股份,SZSE,深市
301398,星源卓镁,SZSE,深市
301399,英特科技,SZSE,深市
301408,华人健康,SZSE,深市
301413,安培龙,SZSE,深市
301418,协昌科技,SZSE,深市
301419,阿莱德,SZSE,深市
301421,波长光电,SZSE,深市
301428,世纪恒通,SZSE,深市
301429,森泰股份,SZSE,深市
301439,泓淋电力,SZSE,深市
301446,福事特,SZSE,深市
301448,开创电气,SZSE,深市
301449,天溯计量,SZSE,深市
301456,盘古智能,SZSE,深市
301458,钧崴电子,SZSE,深市
301459,丰茂股份,SZSE,深市
301468,博盈特焊,SZSE,深市
301469,恒达新材,SZSE,深市
301479,弘景光电,SZSE,深市
301486,致尚科技,SZSE,深市
301487,盟固利,SZSE,深市
301488,豪恩汽电,SZSE,深市
301489,思泉新材,SZSE,深市
301491,汉桑科技,SZSE,深市
301498,乖宝宠物,SZSE,深市
301499,维科精密,SZSE,深市
301500,飞南资源,SZSE,深市
301501,恒鑫生活,SZSE,深市
301502,华阳智能,SZSE,深市
301503,智迪科技,SZSE,深市
301505,苏州规划,SZSE,深市
301507,民生健康,SZSE,深市
301508,中机认检,SZSE,深市
301509,金凯生科,SZSE,深市
301510,固高科技,SZSE,深市
301511,德福科技,SZSE,深市
301512,智信精密,SZSE,深市
301513,尚水智能,SZSE,深市
301515,港通医疗,SZSE,深市
301516,中远通,SZSE,深市
301517,陕西华达,SZSE,深市
301518,长华化学,SZSE,深市
301519,舜禹股份,SZSE,深市
301520,万邦医药,SZSE,深市
301522,上大股份,SZSE,深市
301525,儒竞科技,SZSE,深市
301526,国际复材,SZSE,深市
301528,多浦乐,SZSE,深市
301529,福赛科技,SZSE,深市
301531,C春光集团,SZSE,深市
301533,威马农机,SZSE,深市
301535,浙江华远,SZSE,深市
301536,星宸科技,SZSE,深市
301538,骏鼎达,SZSE,深市
301539,宏鑫科技,SZSE,深市
301548,崇德科技,SZSE,深市
301550,斯菱智驱,SZSE,深市
301551,无线传媒,SZSE,深市
301552,科力装备,SZSE,深市
301555,惠柏新材,SZSE,深市
301556,托普云农,SZSE,深市
301557,常友科技,SZSE,深市
301558,三态股份,SZSE,深市
301559,中集环科,SZSE,深市
301560,众捷汽车,SZSE,深市
301563,云汉芯城,SZSE,深市
301565,中仑新材,SZSE,深市
301566,达利凯普,SZSE,深市
301567,贝隆精密,SZSE,深市
301568,思泰克,SZSE,深市
301571,国科天成,SZSE,深市
301575,艾芬达,SZSE,深市
301577,美信科技,SZSE,深市
301578,辰奕智能,SZSE,深市
301580,爱迪特,SZSE,深市
301581,黄山谷捷,SZSE,深市
301584,建发致新,SZSE,深市
301585,蓝宇股份,SZSE,深市
301586,佳力奇,SZSE,深市
301587,中瑞股份,SZSE,深市
301588,美新科技,SZSE,深市
301589,诺瓦星云,SZSE,深市
301590,优优绿能,SZSE,深市
301591,肯特股份,SZSE,深市
301592,六九一二,SZSE,深市
301595,太力科技,SZSE,深市
301596,瑞迪智驱,SZSE,深市
301598,博科测试,SZSE,深市
301599,理奇智能,SZSE,深市
301600,慧翰股份,SZSE,深市
301601,惠通科技,SZSE,深市
301602,超研股份,SZSE,深市
301603,乔锋智能,SZSE,深市
301606,绿联科技,SZSE,深市
301607,富特科技,SZSE,深市
301608,博实结,SZSE,深市
301609,山大电力,SZSE,深市
301611,珂玛科技,SZSE,深市
301613,新铝时代,SZSE,深市
301616,浙江华业,SZSE,深市
301617,博苑股份,SZSE,深市
301618,长联科技,SZSE,深市
301622,英思特,SZSE,深市
301626,苏州天脉,SZSE,深市
301628,强达电路,SZSE,深市
301629,矽电股份,SZSE,深市
301630,同宇新材,SZSE,深市
301631,壹连科技,SZSE,深市
301632,广东建科,SZSE,深市
301633,港迪技术,SZSE,深市
301636,泽润新能,SZSE,深市
301638,南网数字,SZSE,深市
301656,联合动力,SZSE,深市
301658,首航新能,SZSE,深市
301662,宏工科技,SZSE,深市
301665,泰禾股份,SZSE,深市
301666,大普微-UW,SZSE,深市
301667,纳百川,SZSE,深市
301668,昊创瑞通,SZSE,深市
301678,新恒汇,SZSE,深市
301680,固德电材,SZSE,深市
301682,宏明电子,SZSE,深市
301683,慧谷新材,SZSE,深市
301687,新广益,SZSE,深市
301696,三瑞智能,SZSE,深市
302132,中航成飞,SZSE,深市
600000,浦发银行,SSE,沪市
600004,白云机场,SSE,沪市
600006,东风股份,SSE,沪市
600007,中国国贸,SSE,沪市
600008,首创环保,SSE,沪市
600009,上海机场,SSE,沪市
600010,包钢股份,SSE,沪市
600011,华能国际,SSE,沪市
600012,皖通高速,SSE,沪市
600015,华夏银行,SSE,沪市
600016,民生银行,SSE,沪市
600017,日照港,SSE,沪市
600018,上港集团,SSE,沪市
600019,宝钢股份,SSE,沪市
600020,中原高速,SSE,沪市
600021,上海电力,SSE,沪市
600022,山东钢铁,SSE,沪市
600023,浙能电力,SSE,沪市
600025,华能水电,SSE,沪市
600026,中远海能,SSE,沪市
600027,华电国际,SSE,沪市
600028,中国石化,SSE,沪市
600029,南方航空,SSE,沪市
600030,中信证券,SSE,沪市
600031,三一重工,SSE,沪市
600032,浙江新能,SSE,沪市
600033,福建高速,SSE,沪市
600035,楚天高速,SSE,沪市
600036,招商银行,SSE,沪市
600037,歌华有线,SSE,沪市
600038,中直股份,SSE,沪市
600039,四川路桥,SSE,沪市
600048,保利发展,SSE,沪市
600050,中国联通,SSE,沪市
600051,宁波联合,SSE,沪市
600052,东望时代,SSE,沪市
600053,*ST九鼎,SSE,沪市
600054,黄山旅游,SSE,沪市
600055,万东医疗,SSE,沪市
600056,中国医药,SSE,沪市
600057,厦门象屿,SSE,沪市
600058,五矿发展,SSE,沪市
600059,古越龙山,SSE,沪市
600060,海信视像,SSE,沪市
600061,国投资本,SSE,沪市
600062,华润双鹤,SSE,沪市
600063,皖维高新,SSE,沪市
600064,南京高科,SSE,沪市
600066,宇通客车,SSE,沪市
600067,冠城新材,SSE,沪市
600071,凤凰光学,SSE,沪市
600072,中船科技,SSE,沪市
600073,光明肉业,SSE,沪市
600075,新疆天业,SSE,沪市
600076,康欣新材,SSE,沪市
600078,澄星股份,SSE,沪市
600079,ST人福,SSE,沪市
600080,ST金花,SSE,沪市
600081,东风科技,SSE,沪市
600082,ST海泰,SSE,沪市
600084,*ST尼雅,SSE,沪市
600085,同仁堂,SSE,沪市
600088,中视传媒,SSE,沪市
600089,特变电工,SSE,沪市
600094,大名城,SSE,沪市
600095,湘财股份,SSE,沪市
600096,XD云天化,SSE,沪市
600097,开创国际,SSE,沪市
600098,广州发展,SSE,沪市
600099,林海股份,SSE,沪市
600100,同方股份,SSE,沪市
600101,明星电力,SSE,沪市
600103,青山纸业,SSE,沪市
600104,上汽集团,SSE,沪市
600105,永鼎股份,SSE,沪市
600106,重庆路桥,SSE,沪市
600107,*ST尔雅,SSE,沪市
600108,亚盛集团,SSE,沪市
600109,国金证券,SSE,沪市
600110,诺德股份,SSE,沪市
600111,北方稀土,SSE,沪市
600113,浙江东日,SSE,沪市
600114,东睦股份,SSE,沪市
600115,中国东航,SSE,沪市
600116,三峡水利,SSE,沪市
600117,西宁特钢,SSE,沪市
600118,中国卫星,SSE,沪市
600119,*ST长投,SSE,沪市
600120,浙江东方,SSE,沪市
600121,郑州煤电,SSE,沪市
600123,兰花科创,SSE,沪市
600125,铁龙物流,SSE,沪市
600126,杭钢股份,SSE,沪市
600127,金健米业,SSE,沪市
600128,苏豪弘业,SSE,沪市
600129,太极集团,SSE,沪市
600130,波导股份,SSE,沪市
600131,国网信通,SSE,沪市
600132,重庆啤酒,SSE,沪市
600133,东湖高新,SSE,沪市
600135,乐凯胶片,SSE,沪市
600136,ST明诚,SSE,沪市
600137,浪莎股份,SSE,沪市
600138,中青旅,SSE,沪市
600141,兴发集团,SSE,沪市
600143,金发科技,SSE,沪市
600148,长春一东,SSE,沪市
600149,廊坊发展,SSE,沪市
600150,中国船舶,SSE,沪市
600151,航天机电,SSE,沪市
600152,维科技术,SSE,沪市
600153,建发股份,SSE,沪市
600155,华创云信,SSE,沪市
600156,华升股份,SSE,沪市
600157,永泰能源,SSE,沪市
600158,中体产业,SSE,沪市
600159,大龙地产,SSE,沪市
600160,巨化股份,SSE,沪市
600161,天坛生物,SSE,沪市
600162,香江控股,SSE,沪市
600163,中闽能源,SSE,沪市
600165,ST宁科,SSE,沪市
600166,福田汽车,SSE,沪市
600167,联美控股,SSE,沪市
600168,武汉控股,SSE,沪市
600169,ST太重,SSE,沪市
600170,上海建工,SSE,沪市
600171,上海贝岭,SSE,沪市
600172,黄河旋风,SSE,沪市
600173,卧龙新能,SSE,沪市
600176,中国巨石,SSE,沪市
600177,雅戈尔,SSE,沪市
600178,东安动力,SSE,沪市
600179,安通控股,SSE,沪市
600180,*ST瑞茂,SSE,沪市
600182,S佳通,SSE,沪市
600183,生益科技,SSE,沪市
600184,光电股份,SSE,沪市
600185,珠免集团,SSE,沪市
600186,莲花控股,SSE,沪市
600187,*ST国中,SSE,沪市
600188,兖矿能源,SSE,沪市
600189,泉阳泉,SSE,沪市
600191,华资实业,SSE,沪市
600192,长城电工,SSE,沪市
600193,*ST创兴,SSE,沪市
600195,中牧股份,SSE,沪市
600196,复星医药,SSE,沪市
600197,伊力特,SSE,沪市
600198,大唐电信,SSE,沪市
600199,金种子酒,SSE,沪市
600201,生物股份,SSE,沪市
600202,哈空调,SSE,沪市
600203,福日电子,SSE,沪市
600206,有研新材,SSE,沪市
600207,安彩高科,SSE,沪市
600208,衢州发展,SSE,沪市
600210,紫江企业,SSE,沪市
600211,西藏药业,SSE,沪市
600212,绿能慧充,SSE,沪市
600215,派斯林,SSE,沪市
600216,浙江医药,SSE,沪市
600217,中再资环,SSE,沪市
600218,全柴动力,SSE,沪市
600219,南山铝业,SSE,沪市
600221,海航控股,SSE,沪市
600222,太龙药业,SSE,沪市
600223,福瑞达,SSE,沪市
600226,亨通股份,SSE,沪市
600227,赤天化,SSE,沪市
600228,*ST返利,SSE,沪市
600229,城市传媒,SSE,沪市
600230,沧州大化,SSE,沪市
600231,凌钢股份,SSE,沪市
600232,金鹰股份,SSE,沪市
600233,圆通速递,SSE,沪市
600234,科新发展,SSE,沪市
600235,民丰特纸,SSE,沪市
600236,桂冠电力,SSE,沪市
600237,铜峰电子,SSE,沪市
600238,*ST椰岛,SSE,沪市
600239,ST云城,SSE,沪市
600241,时代万恒,SSE,沪市
600243,*ST海华,SSE,沪市
600246,万通发展,SSE,沪市
600248,陕建股份,SSE,沪市
600249,两面针,SSE,沪市
600250,南京商旅,SSE,沪市
600251,冠农股份,SSE,沪市
600252,中恒集团,SSE,沪市
600255,鑫科材料,SSE,沪市
600256,广汇能源,SSE,沪市
600257,大湖股份,SSE,沪市
600258,首旅酒店,SSE,沪市
600259,中稀有色,SSE,沪市
600261,阳光照明,SSE,沪市
600262,北方股份,SSE,沪市
600265,*ST景谷,SSE,沪市
600266,城建发展,SSE,沪市
600267,海正药业,SSE,沪市
600268,国电南自,SSE,沪市
600269,赣粤高速,SSE,沪市
600271,航天信息,SSE,沪市
600272,开开实业,SSE,沪市
600273,嘉化能源,SSE,沪市
600276,恒瑞医药,SSE,沪市
600278,东方创业,SSE,沪市
600279,重庆港,SSE,沪市
600280,中央商场,SSE,沪市
600281,华阳新材,SSE,沪市
600282,南钢股份,SSE,沪市
600283,钱江水利,SSE,沪市
600284,浦东建设,SSE,沪市
600285,羚锐制药,SSE,沪市
600287,苏豪时尚,SSE,沪市
600288,大恒科技,SSE,沪市
600289,ST信通,SSE,沪市
600292,电投水电,SSE,沪市
600293,三峡新材,SSE,沪市
600295,鄂尔多斯,SSE,沪市
600298,安琪酵母,SSE,沪市
600299,安迪苏,SSE,沪市
600300,维维股份,SSE,沪市
600301,华锡有色,SSE,沪市
600302,ST标准,SSE,沪市
600303,曙光股份,SSE,沪市
600305,恒顺醋业,SSE,沪市
600307,酒钢宏兴,SSE,沪市
600308,华泰股份,SSE,沪市
600309,万华化学,SSE,沪市
600310,广西能源,SSE,沪市
600312,平高电气,SSE,沪市
600313,农发种业,SSE,沪市
600315,上海家化,SSE,沪市
600316,洪都航空,SSE,沪市
600318,新力金融,SSE,沪市
600319,亚星化学,SSE,沪市
600320,振华重工,SSE,沪市
600322,津投城开,SSE,沪市
600323,瀚蓝环境,SSE,沪市
600325,华发股份,SSE,沪市
600326,西藏天路,SSE,沪市
600327,大东方,SSE,沪市
600328,中盐化工,SSE,沪市
600329,达仁堂,SSE,沪市
600330,天通股份,SSE,沪市
600331,宏达股份,SSE,沪市
600332,白云山,SSE,沪市
600333,长春燃气,SSE,沪市
600335,国机汽车,SSE,沪市
600336,澳柯玛,SSE,沪市
600337,ST美克,SSE,沪市
600338,西藏珠峰,SSE,沪市
600339,中油工程,SSE,沪市
600340,*ST华幸,SSE,沪市
600343,航天动力,SSE,沪市
600345,长江通信,SSE,沪市
600346,恒力石化,SSE,沪市
600348,华阳股份,SSE,沪市
600350,山东高速,SSE,沪市
600351,亚宝药业,SSE,沪市
600352,浙江龙盛,SSE,沪市
600353,旭光电子,SSE,沪市
600354,敦煌种业,SSE,沪市
600356,恒丰纸业,SSE,沪市
600358,国旅联合,SSE,沪市
600359,新农开发,SSE,沪市
600360,*ST华微,SSE,沪市
600361,创新新材,SSE,沪市
600362,江西铜业,SSE,沪市
600363,联创光电,SSE,沪市
600365,ST通葡,SSE,沪市
600366,宁波韵升,SSE,沪市
600367,红星发展,SSE,沪市
600368,五洲交通,SSE,沪市
600369,西南证券,SSE,沪市
600370,*ST三房,SSE,沪市
600371,万向德农,SSE,沪市
600372,中航机载,SSE,沪市
600373,中文传媒,SSE,沪市
600375,汉马科技,SSE,沪市
600376,首开股份,SSE,沪市
600377,宁沪高速,SSE,沪市
600378,昊华科技,SSE,沪市
600379,宝光股份,SSE,沪市
600380,健康元,SSE,沪市
600381,*ST春天,SSE,沪市
600382,广东明珠,SSE,沪市
600383,金地集团,SSE,沪市
600386,北巴传媒,SSE,沪市
600388,龙净环保,SSE,沪市
600389,江山股份,SSE,沪市
600390,五矿资本,SSE,沪市
600391,航发科技,SSE,沪市
600392,盛和资源,SSE,沪市
600395,盘江股份,SSE,沪市
600396,华电辽能,SSE,沪市
600397,江钨装备,SSE,沪市
600398,海澜之家,SSE,沪市
600399,抚顺特钢,SSE,沪市
600400,红豆股份,SSE,沪市
600403,大有能源,SSE,沪市
600405,动力源,SSE,沪市
600406,国电南瑞,SSE,沪市
600408,安泰集团,SSE,沪市
600409,三友化工,SSE,沪市
600410,华胜天成,SSE,沪市
600415,小商品城,SSE,沪市
600416,湘电股份,SSE,沪市
600418,江淮汽车,SSE,沪市
600419,天润乳业,SSE,沪市
600420,国药现代,SSE,沪市
600421,*ST华嵘,SSE,沪市
600422,昆药集团,SSE,沪市
600423,*ST柳化,SSE,沪市
600425,青松建化,SSE,沪市
600426,华鲁恒升,SSE,沪市
600428,中远海特,SSE,沪市
600429,三元股份,SSE,沪市
600433,冠豪高新,SSE,沪市
600435,北方导航,SSE,沪市
600436,片仔癀,SSE,沪市
600438,通威股份,SSE,沪市
600439,瑞贝卡,SSE,沪市
600444,国机通用,SSE,沪市
600446,金证股份,SSE,沪市
600448,华纺股份,SSE,沪市
600449,宁夏建材,SSE,沪市
600452,涪陵电力,SSE,沪市
600455,博通股份,SSE,沪市
600456,宝钛股份,SSE,沪市
600458,时代新材,SSE,沪市
600459,贵研铂业,SSE,沪市
600460,士兰微,SSE,沪市
600461,洪城环境,SSE,沪市
600463,空港股份,SSE,沪市
600467,好当家,SSE,沪市
600468,百利电气,SSE,沪市
600469,风神股份,SSE,沪市
600470,六国化工,SSE,沪市
600475,华光环能,SSE,沪市
600476,*ST湘邮,SSE,沪市
600477,杭萧钢构,SSE,沪市
600478,科力远,SSE,沪市
600479,千金药业,SSE,沪市
600480,凌云股份,SSE,沪市
600481,双良节能,SSE,沪市
600482,中国动力,SSE,沪市
600483,福能股份,SSE,沪市
600486,扬农化工,SSE,沪市
600487,亨通光电,SSE,沪市
600488,津药药业,SSE,沪市
600489,中金黄金,SSE,沪市
600490,鹏欣资源,SSE,沪市
600491,ST龙元,SSE,沪市
600493,凤竹纺织,SSE,沪市
600495,晋西车轴,SSE,沪市
600496,精工钢构,SSE,沪市
600497,驰宏锌锗,SSE,沪市
600498,烽火通信,SSE,沪市
600499,科达制造,SSE,沪市
600500,中化国际,SSE,沪市
600501,航天晨光,SSE,沪市
600502,安徽建工,SSE,沪市
600503,华丽家族,SSE,沪市
600505,西昌电力,SSE,沪市
600506,统一股份,SSE,沪市
600507,方大特钢,SSE,沪市
600508,上海能源,SSE,沪市
600509,天富能源,SSE,沪市
600510,黑牡丹,SSE,沪市
600511,国药股份,SSE,沪市
600512,腾达建设,SSE,沪市
600513,联环药业,SSE,沪市
600515,海南机场,SSE,沪市
600516,方大炭素,SSE,沪市
600517,国网英大,SSE,沪市
600518,康美药业,SSE,沪市
600519,贵州茅台,SSE,沪市
600520,三佳科技,SSE,沪市
600521,华海药业,SSE,沪市
600522,中天科技,SSE,沪市
600523,贵航股份,SSE,沪市
600525,ST长园,SSE,沪市
600526,菲达环保,SSE,沪市
600527,江南高纤,SSE,沪市
600528,中铁工业,SSE,沪市
600529,山东药玻,SSE,沪市
600530,交大昂立,SSE,沪市
600531,豫光金铅,SSE,沪市
600533,栖霞建设,SSE,沪市
600535,天士力,SSE,沪市
600536,中国软件,SSE,沪市
600537,*ST亿晶,SSE,沪市
600538,国发股份,SSE,沪市
600539,狮头股份,SSE,沪市
600540,新赛股份,SSE,沪市
600543,*ST莫高,SSE,沪市
600545,卓郎智能,SSE,沪市
600546,山煤国际,SSE,沪市
600547,山东黄金,SSE,沪市
600548,深高速,SSE,沪市
600549,厦门钨业,SSE,沪市
600550,保变电气,SSE,沪市
600551,时代出版,SSE,沪市
600552,凯盛科技,SSE,沪市
600556,天下秀,SSE,沪市
600557,康缘药业,SSE,沪市
600558,大西洋,SSE,沪市
600559,老白干酒,SSE,沪市
600560,金自天正,SSE,沪市
600561,江西长运,SSE,沪市
600562,国睿科技,SSE,沪市
600563,法拉电子,SSE,沪市
600566,济川药业,SSE,沪市
600567,山鹰国际,SSE,沪市
600568,ST中珠,SSE,沪市
600569,安阳钢铁,SSE,沪市
600570,恒生电子,SSE,沪市
600571,信雅达,SSE,沪市
600572,康恩贝,SSE,沪市
600573,惠泉啤酒,SSE,沪市
600575,淮河能源,SSE,沪市
600576,祥源文旅,SSE,沪市
600577,精达股份,SSE,沪市
600578,京能电力,SSE,沪市
600579,中化装备,SSE,沪市
600580,卧龙电驱,SSE,沪市
600581,*ST八钢,SSE,沪市
600582,天地科技,SSE,沪市
600583,海油工程,SSE,沪市
600584,长电科技,SSE,沪市
600585,海螺水泥,SSE,沪市
600586,金晶科技,SSE,沪市
600587,新华医疗,SSE,沪市
600588,用友网络,SSE,沪市
600589,大位科技,SSE,沪市
600590,泰豪科技,SSE,沪市
600592,龙溪股份,SSE,沪市
600593,大连圣亚,SSE,沪市
600594,益佰制药,SSE,沪市
600595,中孚实业,SSE,沪市
600596,新安股份,SSE,沪市
600597,光明乳业,SSE,沪市
600598,北大荒,SSE,沪市
600599,*ST熊猫,SSE,沪市
600600,青岛啤酒,SSE,沪市
600601,方正科技,SSE,沪市
600602,云赛智联,SSE,沪市
600603,广汇物流,SSE,沪市
600604,市北高新,SSE,沪市
600605,汇通能源,SSE,沪市
600606,绿地控股,SSE,沪市
600608,*ST沪科,SSE,沪市
600609,金杯汽车,SSE,沪市
600610,中毅达,SSE,沪市
600611,大众交通,SSE,沪市
600612,老凤祥,SSE,沪市
600613,神奇制药,SSE,沪市
600615,鑫源智造,SSE,沪市
600616,金枫酒业,SSE,沪市
600617,国新能源,SSE,沪市
600618,氯碱化工,SSE,沪市
600619,海立股份,SSE,沪市
600620,天宸股份,SSE,沪市
600621,华鑫股份,SSE,沪市
600622,光大嘉宝,SSE,沪市
600623,华谊集团,SSE,沪市
600624,ST复华,SSE,沪市
600626,申达股份,SSE,沪市
600628,新世界,SSE,沪市
600629,华建集团,SSE,沪市
600630,龙头股份,SSE,沪市
600633,浙数文化,SSE,沪市
600635,大众公用,SSE,沪市
600636,*ST国化,SSE,沪市
600637,东方明珠,SSE,沪市
600638,新黄浦,SSE,沪市
600639,浦东金桥,SSE,沪市
600640,国脉文化,SSE,沪市
600641,先导基电,SSE,沪市
600642,申能股份,SSE,沪市
600643,爱建集团,SSE,沪市
600644,乐山电力,SSE,沪市
600645,中源协和,SSE,沪市
600648,外高桥,SSE,沪市
600649,城投控股,SSE,沪市
600650,锦江在线,SSE,沪市
600651,飞乐音响,SSE,沪市
600653,申华控股,SSE,沪市
600654,中安科,SSE,沪市
600655,豫园股份,SSE,沪市
600657,信达地产,SSE,沪市
600658,电子城,SSE,沪市
600660,福耀玻璃,SSE,沪市
600661,昂立教育,SSE,沪市
600662,外服控股,SSE,沪市
600663,陆家嘴,SSE,沪市
600664,哈药股份,SSE,沪市
600665,天地源,SSE,沪市
600666,奥瑞德,SSE,沪市
600667,太极实业,SSE,沪市
600668,尖峰集团,SSE,沪市
600671,天目药业,SSE,沪市
600673,东阳光,SSE,沪市
600674,川投能源,SSE,沪市
600675,中华企业,SSE,沪市
600676,交运股份,SSE,沪市
600678,ST金顶,SSE,沪市
600679,上海凤凰,SSE,沪市
600681,百川能源,SSE,沪市
600682,南京新百,SSE,沪市
600683,京投发展,SSE,沪市
600684,珠江股份,SSE,沪市
600685,中船防务,SSE,沪市
600686,金龙汽车,SSE,沪市
600688,上海石化,SSE,沪市
600689,上海三毛,SSE,沪市
600690,海尔智家,SSE,沪市
600691,潞化科技,SSE,沪市
600692,亚通股份,SSE,沪市
600693,东百集团,SSE,沪市
600694,大商股份,SSE,沪市
600696,*ST岩石,SSE,沪市
600697,欧亚集团,SSE,沪市
600698,湖南天雁,SSE,沪市
600699,均胜电子,SSE,沪市
600702,舍得酒业,SSE,沪市
600703,三安光电,SSE,沪市
600704,物产中大,SSE,沪市
600706,曲江文旅,SSE,沪市
600707,彩虹股份,SSE,沪市
600708,光明地产,SSE,沪市
600710,苏美达,SSE,沪市
600711,盛屯矿业,SSE,沪市
600712,南宁百货,SSE,沪市
600713,南京医药,SSE,沪市
600714,金瑞矿业,SSE,沪市
600715,文投控股,SSE,沪市
600716,凤凰股份,SSE,沪市
600717,天津港,SSE,沪市
600718,东软集团,SSE,沪市
600719,大连热电,SSE,沪市
600720,中交设计,SSE,沪市
600721,百花医药,SSE,沪市
600722,金牛化工,SSE,沪市
600724,宁波富达,SSE,沪市
600725,云维股份,SSE,沪市
600726,华电能源,SSE,沪市
600727,鲁北化工,SSE,沪市
600728,佳都科技,SSE,沪市
600729,重百集团,SSE,沪市
600730,*ST高科,SSE,沪市
600731,湖南海利,SSE,沪市
600732,爱旭股份,SSE,沪市
600733,北汽蓝谷,SSE,沪市
600734,*ST实达,SSE,沪市
600735,ST新华锦,SSE,沪市
600736,苏州高新,SSE,沪市
600737,中粮糖业,SSE,沪市
600738,丽尚国潮,SSE,沪市
600739,辽宁成大,SSE,沪市
600740,山西焦化,SSE,沪市
600741,华域汽车,SSE,沪市
600742,富维股份,SSE,沪市
600743,华远控股,SSE,沪市
600744,华银电力,SSE,沪市
600745,*ST闻泰,SSE,沪市
600746,江苏索普,SSE,沪市
600748,上实发展,SSE,沪市
600749,西藏旅游,SSE,沪市
600750,华润江中,SSE,沪市
600751,海航科技,SSE,沪市
600753,*ST海钦,SSE,沪市
600754,锦江酒店,SSE,沪市
600755,厦门国贸,SSE,沪市
600756,浪潮软件,SSE,沪市
600757,长江传媒,SSE,沪市
600758,辽宁能源,SSE,沪市
600759,ST洲际,SSE,沪市
600760,中航沈飞,SSE,沪市
600761,安徽合力,SSE,沪市
600763,通策医疗,SSE,沪市
600764,中国海防,SSE,沪市
600765,中航重机,SSE,沪市
600768,宁波富邦,SSE,沪市
600769,祥龙电业,SSE,沪市
600770,综艺股份,SSE,沪市
600771,广誉远,SSE,沪市
600773,西藏城投,SSE,沪市
600774,汉商集团,SSE,沪市
600775,南京熊猫,SSE,沪市
600776,东方通信,SSE,沪市
600777,*ST新潮,SSE,沪市
600778,友好集团,SSE,沪市
600779,水井坊,SSE,沪市
600780,通宝能源,SSE,沪市
600782,新钢股份,SSE,沪市
600783,鲁信创投,SSE,沪市
600784,鲁银投资,SSE,沪市
600785,新华百货,SSE,沪市
600787,中储股份,SSE,沪市
600789,鲁抗医药,SSE,沪市
600790,轻纺城,SSE,沪市
600791,京能置业,SSE,沪市
600792,云煤能源,SSE,沪市
600793,宜宾纸业,SSE,沪市
600794,保税科技,SSE,沪市
600795,国电电力,SSE,沪市
600796,钱江生化,SSE,沪市
600797,浙大网新,SSE,沪市
600798,宁波海运,SSE,沪市
600800,渤海化学,SSE,沪市
600801,华新建材,SSE,沪市
600802,福建水泥,SSE,沪市
600803,新奥股份,SSE,沪市
600805,悦达投资,SSE,沪市
600807,济高发展,SSE,沪市
600808,马钢股份,SSE,沪市
600809,山西汾酒,SSE,沪市
600810,神马股份,SSE,沪市
600812,华北制药,SSE,沪市
600814,杭州解百,SSE,沪市
600815,厦工股份,SSE,沪市
600816,建元信托,SSE,沪市
600817,宇通重工,SSE,沪市
600818,ST中路,SSE,沪市
600819,耀皮玻璃,SSE,沪市
600820,隧道股份,SSE,沪市
600821,金开新能,SSE,沪市
600822,上海物贸,SSE,沪市
600824,益民集团,SSE,沪市
600825,新华传媒,SSE,沪市
600826,兰生股份,SSE,沪市
600827,百联股份,SSE,沪市
600828,茂业商业,SSE,沪市
600829,人民同泰,SSE,沪市
600830,香溢融通,SSE,沪市
600831,广电网络,SSE,沪市
600833,第一医药,SSE,沪市
600834,申通地铁,SSE,沪市
600835,上海机电,SSE,沪市
600838,上海九百,SSE,沪市
600839,四川长虹,SSE,沪市
600841,动力新科,SSE,沪市
600843,上工申贝,SSE,沪市
600844,金煤科技,SSE,沪市
600845,宝信软件,SSE,沪市
600846,同济科技,SSE,沪市
600847,万里股份,SSE,沪市
600848,上海临港,SSE,沪市
600850,电科数字,SSE,沪市
600851,海欣股份,SSE,沪市
600853,龙建股份,SSE,沪市
600854,春兰股份,SSE,沪市
600855,航天长峰,SSE,沪市
600857,宁波中百,SSE,沪市
600858,银座股份,SSE,沪市
600859,王府井,SSE,沪市
600860,京城股份,SSE,沪市
600861,北京人力,SSE,沪市
600862,中航高科,SSE,沪市
600863,华能蒙电,SSE,沪市
600864,哈投股份,SSE,沪市
600865,百大集团,SSE,沪市
600866,星湖科技,SSE,沪市
600867,通化东宝,SSE,沪市
600868,梅雁吉祥,SSE,沪市
600869,远东股份,SSE,沪市
600871,石化油服,SSE,沪市
600872,中炬高新,SSE,沪市
600873,梅花生物,SSE,沪市
600874,创业环保,SSE,沪市
600875,东方电气,SSE,沪市
600876,凯盛新能,SSE,沪市
600877,电科芯片,SSE,沪市
600879,航天电子,SSE,沪市
600880,博瑞传播,SSE,沪市
600881,亚泰集团,SSE,沪市
600882,妙可蓝多,SSE,沪市
600883,博闻科技,SSE,沪市
600884,杉杉股份,SSE,沪市
600885,XD宏发股,SSE,沪市
600886,国投电力,SSE,沪市
600887,伊利股份,SSE,沪市
600888,新疆众和,SSE,沪市
600889,*ST京化,SSE,沪市
600892,*ST大晟,SSE,沪市
600893,航发动力,SSE,沪市
600894,广日股份,SSE,沪市
600895,张江高科,SSE,沪市
600897,厦门空港,SSE,沪市
600900,长江电力,SSE,沪市
600901,江苏金租,SSE,沪市
600903,贵州燃气,SSE,沪市
600905,三峡能源,SSE,沪市
600906,财达证券,SSE,沪市
600908,无锡银行,SSE,沪市
600909,华安证券,SSE,沪市
600916,中国黄金,SSE,沪市
600917,重庆燃气,SSE,沪市
600918,中泰证券,SSE,沪市
600919,江苏银行,SSE,沪市
600925,苏能股份,SSE,沪市
600926,杭州银行,SSE,沪市
600927,永安期货,SSE,沪市
600928,西安银行,SSE,沪市
600929,雪天盐业,SSE,沪市
600930,华电新能,SSE,沪市
600933,爱柯迪,SSE,沪市
600935,华塑股份,SSE,沪市
600936,北投科技,SSE,沪市
600938,中国海油,SSE,沪市
600939,重庆建工,SSE,沪市
600941,中国移动,SSE,沪市
600955,维远股份,SSE,沪市
600956,新天绿能,SSE,沪市
600958,东方证券,SSE,沪市
600959,江苏有线,SSE,沪市
600960,渤海汽车,SSE,沪市
600961,株冶集团,SSE,沪市
600962,国投中鲁,SSE,沪市
600963,岳阳林纸,SSE,沪市
600965,*ST福成,SSE,沪市
600966,博汇纸业,SSE,沪市
600967,内蒙一机,SSE,沪市
600968,海油发展,SSE,沪市
600969,郴电国际,SSE,沪市
600970,中材国际,SSE,沪市
600971,恒源煤电,SSE,沪市
600973,宝胜股份,SSE,沪市
600975,新五丰,SSE,沪市
600976,健民集团,SSE,沪市
600977,中国电影,SSE,沪市
600979,广安爱众,SSE,沪市
600980,北矿科技,SSE,沪市
600981,苏豪汇鸿,SSE,沪市
600982,宁波能源,SSE,沪市
600983,惠而浦,SSE,沪市
600984,建设机械,SSE,沪市
600985,淮北矿业,SSE,沪市
600986,浙文互联,SSE,沪市
600987,航民股份,SSE,沪市
600988,赤峰黄金,SSE,沪市
600989,宝丰能源,SSE,沪市
600990,四创电子,SSE,沪市
600992,贵绳股份,SSE,沪市
600993,马应龙,SSE,沪市
600995,南网储能,SSE,沪市
600996,贵广网络,SSE,沪市
600997,开滦股份,SSE,沪市
600998,九州通,SSE,沪市
600999,招商证券,SSE,沪市
601000,唐山港,SSE,沪市
601001,晋控煤业,SSE,沪市
601002,晋亿实业,SSE,沪市
601003,柳钢股份,SSE,沪市
601005,重庆钢铁,SSE,沪市
601006,大秦铁路,SSE,沪市
601007,金陵饭店,SSE,沪市
601008,连云港,SSE,沪市
601009,南京银行,SSE,沪市
601010,ST文峰,SSE,沪市
601011,宝泰隆,SSE,沪市
601012,隆基绿能,SSE,沪市
601015,陕西黑猫,SSE,沪市
601016,节能风电,SSE,沪市
601018,宁波港,SSE,沪市
601019,山东出版,SSE,沪市
601020,华钰矿业,SSE,沪市
601021,春秋航空,SSE,沪市
601022,宁波远洋,SSE,沪市
601026,道生天合,SSE,沪市
601033,永兴股份,SSE,沪市
601038,一拖股份,SSE,沪市
601058,赛轮轮胎,SSE,沪市
601059,信达证券,SSE,沪市
601061,中信金属,SSE,沪市
601065,江盐集团,SSE,沪市
601066,中信建投,SSE,沪市
601068,中铝国际,SSE,沪市
601069,西部黄金,SSE,沪市
601077,渝农商行,SSE,沪市
601083,锦江航运,SSE,沪市
601086,国芳集团,SSE,沪市
601088,中国神华,SSE,沪市
601089,福元医药,SSE,沪市
601096,宏盛华源,SSE,沪市
601098,中南传媒,SSE,沪市
601099,太平洋,SSE,沪市
601100,恒立液压,SSE,沪市
601101,昊华能源,SSE,沪市
601106,中国一重,SSE,沪市
601107,四川成渝,SSE,沪市
601108,财通证券,SSE,沪市
601111,中国国航,SSE,沪市
601112,振石股份,SSE,沪市
601113,华鼎股份,SSE,沪市
601116,三江购物,SSE,沪市
601117,中国化学,SSE,沪市
601118,海南橡胶,SSE,沪市
601121,宝地矿业,SSE,沪市
601126,四方股份,SSE,沪市
601127,赛力斯,SSE,沪市
601128,常熟银行,SSE,沪市
601133,柏诚股份,SSE,沪市
601136,首创证券,SSE,沪市
601137,博威合金,SSE,沪市
601138,工业富联,SSE,沪市
601139,深圳燃气,SSE,沪市
601155,新城控股,SSE,沪市
601156,东航物流,SSE,沪市
601158,重庆水务,SSE,沪市
601162,天风证券,SSE,沪市
601163,三角轮胎,SSE,沪市
601166,兴业银行,SSE,沪市
601168,西部矿业,SSE,沪市
601169,北京银行,SSE,沪市
601177,杭齿前进,SSE,沪市
601179,中国西电,SSE,沪市
601186,中国铁建,SSE,沪市
601187,厦门银行,SSE,沪市
601188,龙江交通,SSE,沪市
601198,东兴证券,SSE,沪市
601199,江南水务,SSE,沪市
601200,上海环境,SSE,沪市
601208,东材科技,SSE,沪市
601211,国泰海通,SSE,沪市
601212,白银有色,SSE,沪市
601216,君正集团,SSE,沪市
601218,吉鑫科技,SSE,沪市
601222,林洋能源,SSE,沪市
601225,陕西煤业,SSE,沪市
601226,华电科工,SSE,沪市
601228,广州港,SSE,沪市
601229,上海银行,SSE,沪市
601231,环旭电子,SSE,沪市
601233,桐昆股份,SSE,沪市
601236,红塔证券,SSE,沪市
601238,广汽集团,SSE,沪市
601279,英利汽车,SSE,沪市
601288,农业银行,SSE,沪市
601298,青岛港,SSE,沪市
601311,骆驼股份,SSE,沪市
601318,中国平安,SSE,沪市
601319,中国人保,SSE,沪市
601326,秦港股份,SSE,沪市
601328,交通银行,SSE,沪市
601330,绿色动力,SSE,沪市
601333,广深铁路,SSE,沪市
601336,新华保险,SSE,沪市
601339,百隆东方,SSE,沪市
601360,三六零,SSE,沪市
601366,利群股份,SSE,沪市
601368,绿城水务,SSE,沪市
601369,陕鼓动力,SSE,沪市
601375,中原证券,SSE,沪市
601377,兴业证券,SSE,沪市
601388,怡球资源,SSE,沪市
601390,中国中铁,SSE,沪市
601398,工商银行,SSE,沪市
601399,国机重装,SSE,沪市
601456,国联民生,SSE,沪市
601500,通用股份,SSE,沪市
601512,中新集团,SSE,沪市
601515,衢州东峰,SSE,沪市
601518,吉林高速,SSE,沪市
601519,大智慧,SSE,沪市
601528,瑞丰银行,SSE,沪市
601555,东吴证券,SSE,沪市
601566,九牧王,SSE,沪市
601567,三星电气,SSE,沪市
601568,北元化工,SSE,沪市
601577,长沙银行,SSE,沪市
601579,会稽山,SSE,沪市
601588,北辰实业,SSE,沪市
601595,上海电影,SSE,沪市
601598,中国外运,SSE,沪市
601599,浙文影业,SSE,沪市
601600,中国铝业,SSE,沪市
601601,中国太保,SSE,沪市
601606,长城军工,SSE,沪市
601607,上海医药,SSE,沪市
601608,中信重工,SSE,沪市
601609,金田股份,SSE,沪市
601611,中国核建,SSE,沪市
601615,明阳智能,SSE,沪市
601616,广电电气,SSE,沪市
601618,中国中冶,SSE,沪市
601619,嘉泽新能,SSE,沪市
601628,中国人寿,SSE,沪市
601633,长城汽车,SSE,沪市
601636,旗滨集团,SSE,沪市
601658,邮储银行,SSE,沪市
601665,齐鲁银行,SSE,沪市
601666,平煤股份,SSE,沪市
601668,中国建筑,SSE,沪市
601669,中国电建,SSE,沪市
601677,明泰铝业,SSE,沪市
601678,滨化股份,SSE,沪市
601686,友发集团,SSE,沪市
601688,华泰证券,SSE,沪市
601689,拓普集团,SSE,沪市
601696,中银证券,SSE,沪市
601698,中国卫通,SSE,沪市
601699,潞安环能,SSE,沪市
601700,风范股份,SSE,沪市
601702,华峰铝业,SSE,沪市
601717,中创智领,SSE,沪市
601718,ST际华,SSE,沪市
601727,上海电气,SSE,沪市
601728,中国电信,SSE,沪市
601766,中国中车,SSE,沪市
601777,千里科技,SSE,沪市
601778,晶科科技,SSE,沪市
601788,光大证券,SSE,沪市
601789,宁波建工,SSE,沪市
601798,蓝科高新,SSE,沪市
601799,星宇股份,SSE,沪市
601800,中国交建,SSE,沪市
601801,皖新传媒,SSE,沪市
601808,中海油服,SSE,沪市
601811,新华文轩,SSE,沪市
601816,京沪高铁,SSE,沪市
601818,光大银行,SSE,沪市
601825,沪农商行,SSE,沪市
601827,三峰环境,SSE,沪市
601828,美凯龙,SSE,沪市
601838,成都银行,SSE,沪市
601857,中国石油,SSE,沪市
601858,中国科传,SSE,沪市
601860,紫金银行,SSE,沪市
601865,福莱特,SSE,沪市
601866,中远海发,SSE,沪市
601868,中国能建,SSE,沪市
601869,长飞光纤,SSE,沪市
601872,招商轮船,SSE,沪市
601877,正泰电器,SSE,沪市
601878,浙商证券,SSE,沪市
601880,辽港股份,SSE,沪市
601881,中国银河,SSE,沪市
601882,海天精工,SSE,沪市
601886,江河集团,SSE,沪市
601888,中国中免,SSE,沪市
601890,亚星锚链,SSE,沪市
601898,中煤能源,SSE,沪市
601899,紫金矿业,SSE,沪市
601900,南方传媒,SSE,沪市
601901,方正证券,SSE,沪市
601908,京运通,SSE,沪市
601916,浙商银行,SSE,沪市
601918,新集能源,SSE,沪市
601919,中远海控,SSE,沪市
601921,浙版传媒,SSE,沪市
601928,凤凰传媒,SSE,沪市
601929,吉视传媒,SSE,沪市
601933,永辉超市,SSE,沪市
601939,建设银行,SSE,沪市
601949,中国出版,SSE,沪市
601952,苏垦农发,SSE,沪市
601956,东贝集团,SSE,沪市
601958,金钼股份,SSE,沪市
601963,重庆银行,SSE,沪市
601965,中国汽研,SSE,沪市
601966,玲珑轮胎,SSE,沪市
601968,宝钢包装,SSE,沪市
601969,海南矿业,SSE,沪市
601975,招商南油,SSE,沪市
601985,中国核电,SSE,沪市
601988,中国银行,SSE,沪市
601990,南京证券,SSE,沪市
601991,大唐发电,SSE,沪市
601992,金隅集团,SSE,沪市
601995,中金公司,SSE,沪市
601996,丰林集团,SSE,沪市
601997,贵阳银行,SSE,沪市
601998,中信银行,SSE,沪市
601999,出版传媒,SSE,沪市
603000,人民网,SSE,沪市
603001,奥康国际,SSE,沪市
603002,宏昌电子,SSE,沪市
603004,鼎龙科技,SSE,沪市
603005,晶方科技,SSE,沪市
603006,联明股份,SSE,沪市
603007,花王股份,SSE,沪市
603008,ST喜临门,SSE,沪市
603009,北特科技,SSE,沪市
603010,万盛股份,SSE,沪市
603011,合锻智能,SSE,沪市
603012,创力集团,SSE,沪市
603013,亚普股份,SSE,沪市
603014,威高血净,SSE,沪市
603015,弘讯科技,SSE,沪市
603016,新宏泰,SSE,沪市
603017,中衡设计,SSE,沪市
603018,华设集团,SSE,沪市
603019,中科曙光,SSE,沪市
603020,爱普股份,SSE,沪市
603021,*ST华鹏,SSE,沪市
603022,新通联,SSE,沪市
603023,威帝股份,SSE,沪市
603025,大豪科技,SSE,沪市
603026,石大胜华,SSE,沪市
603027,千禾味业,SSE,沪市
603028,赛福天,SSE,沪市
603029,天鹅股份,SSE,沪市
603030,全筑股份,SSE,沪市
603031,安孚科技,SSE,沪市
603032,德新科技,SSE,沪市
603033,三维股份,SSE,沪市
603035,常熟汽饰,SSE,沪市
603036,如通股份,SSE,沪市
603037,凯众股份,SSE,沪市
603038,华立股份,SSE,沪市
603039,泛微网络,SSE,沪市
603040,新坐标,SSE,沪市
603041,美思德,SSE,沪市
603042,华脉科技,SSE,沪市
603043,广州酒家,SSE,沪市
603045,福达合金,SSE,沪市
603048,浙江黎明,SSE,沪市
603049,中策橡胶,SSE,沪市
603050,科林电气,SSE,沪市
603051,鹿山新材,SSE,沪市
603052,可川科技,SSE,沪市
603053,成都燃气,SSE,沪市
603055,台华新材,SSE,沪市
603057,紫燕食品,SSE,沪市
603058,永吉股份,SSE,沪市
603059,倍加洁,SSE,沪市
603060,国检集团,SSE,沪市
603061,金海通,SSE,沪市
603062,麦加芯彩,SSE,沪市
603063,XD禾望电,SSE,沪市
603065,宿迁联盛,SSE,沪市
603066,音飞储存,SSE,沪市
603067,振华股份,SSE,沪市
603068,博通集成,SSE,沪市
603069,海汽集团,SSE,沪市
603070,万控智造,SSE,沪市
603071,物产环能,SSE,沪市
603072,天和磁材,SSE,沪市
603073,彩蝶实业,SSE,沪市
603075,热威股份,SSE,沪市
603076,乐惠国际,SSE,沪市
603077,和邦生物,SSE,沪市
603078,江化微,SSE,沪市
603079,圣达生物,SSE,沪市
603080,新疆火炬,SSE,沪市
603081,大丰实业,SSE,沪市
603082,北自科技,SSE,沪市
603083,剑桥科技,SSE,沪市
603085,天成自控,SSE,沪市
603086,先达股份,SSE,沪市
603087,甘李药业,SSE,沪市
603088,宁波精达,SSE,沪市
603089,正裕工业,SSE,沪市
603090,宏盛股份,SSE,沪市
603091,众鑫股份,SSE,沪市
603092,德力佳,SSE,沪市
603093,南华期货,SSE,沪市
603095,越剑智能,SSE,沪市
603096,新经典,SSE,沪市
603097,江苏华辰,SSE,沪市
603098,森特股份,SSE,沪市
603099,长白山,SSE,沪市
603100,川仪股份,SSE,沪市
603101,汇嘉时代,SSE,沪市
603102,百合股份,SSE,沪市
603103,横店影视,SSE,沪市
603105,芯能科技,SSE,沪市
603106,恒银科技,SSE,沪市
603107,上海汽配,SSE,沪市
603108,润达医疗,SSE,沪市
603109,神驰机电,SSE,沪市
603110,东方材料,SSE,沪市
603111,康尼机电,SSE,沪市
603112,华翔股份,SSE,沪市
603113,金能科技,SSE,沪市
603115,海星股份,SSE,沪市
603116,红蜻蜓,SSE,沪市
603117,万林物流,SSE,沪市
603118,共进股份,SSE,沪市
603119,浙江荣泰,SSE,沪市
603120,肯特催化,SSE,沪市
603121,华培动力,SSE,沪市
603122,合富中国,SSE,沪市
603123,翠微股份,SSE,沪市
603124,江南新材,SSE,沪市
603125,常青科技,SSE,沪市
603126,中材节能,SSE,沪市
603127,昭衍新药,SSE,沪市
603128,华贸物流,SSE,沪市
603129,春风动力,SSE,沪市
603130,云中马,SSE,沪市
603131,上海沪工,SSE,沪市
603132,金徽股份,SSE,沪市
603135,中重科技,SSE,沪市
603136,天目湖,SSE,沪市
603137,恒尚节能,SSE,沪市
603138,海量数据,SSE,沪市
603139,康惠股份,SSE,沪市
603150,万朗磁塑,SSE,沪市
603151,邦基科技,SSE,沪市
603153,上海建科,SSE,沪市
603155,新亚强,SSE,沪市
603156,养元饮品,SSE,沪市
603158,腾龙股份,SSE,沪市
603159,上海亚虹,SSE,沪市
603160,汇顶科技,SSE,沪市
603161,科华控股,SSE,沪市
603162,海通发展,SSE,沪市
603163,圣晖集成,SSE,沪市
603165,荣晟环保,SSE,沪市
603166,福达股份,SSE,沪市
603167,渤海轮渡,SSE,沪市
603168,莎普爱思,SSE,沪市
603169,兰石重装,SSE,沪市
603170,宝立食品,SSE,沪市
603171,税友股份,SSE,沪市
603172,万丰股份,SSE,沪市
603173,福斯达,SSE,沪市
603175,超颖电子,SSE,沪市
603176,汇通集团,SSE,沪市
603177,德创环保,SSE,沪市
603178,圣龙股份,SSE,沪市
603179,新泉股份,SSE,沪市
603180,金牌家居,SSE,沪市
603181,皇马科技,SSE,沪市
603182,嘉华股份,SSE,沪市
603183,建研院,SSE,沪市
603185,弘元绿能,SSE,沪市
603186,华正新材,SSE,沪市
603187,海容冷链,SSE,沪市
603188,亚邦股份,SSE,沪市
603189,*ST网达,SSE,沪市
603190,亚通精工,SSE,沪市
603191,望变电气,SSE,沪市
603192,汇得科技,SSE,沪市
603193,润本股份,SSE,沪市
603194,中力股份,SSE,沪市
603195,公牛集团,SSE,沪市
603196,璞源材料,SSE,沪市
603197,保隆科技,SSE,沪市
603198,迎驾贡酒,SSE,沪市
603199,九华旅游,SSE,沪市
603200,上海洗霸,SSE,沪市
603201,常润股份,SSE,沪市
603202,天有为,SSE,沪市
603203,快克智能,SSE,沪市
603205,健尔康,SSE,沪市
603206,嘉环科技,SSE,沪市
603207,小方制药,SSE,沪市
603208,江山欧派,SSE,沪市
603209,兴通股份,SSE,沪市
603210,泰鸿万立,SSE,沪市
603211,晋拓股份,SSE,沪市
603212,赛伍技术,SSE,沪市
603213,镇洋发展,SSE,沪市
603214,爱婴室,SSE,沪市
603215,比依股份,SSE,沪市
603216,梦天家居,SSE,沪市
603217,元利科技,SSE,沪市
603218,日月股份,SSE,沪市
603219,富佳股份,SSE,沪市
603220,中贝通信,SSE,沪市
603221,爱丽家居,SSE,沪市
603222,济民健康,SSE,沪市
603223,恒通股份,SSE,沪市
603225,新凤鸣,SSE,沪市
603226,菲林格尔,SSE,沪市
603227,雪峰科技,SSE,沪市
603228,景旺电子,SSE,沪市
603229,奥翔药业,SSE,沪市
603230,内蒙新华,SSE,沪市
603231,索宝蛋白,SSE,沪市
603232,格尔软件,SSE,沪市
603233,大参林,SSE,沪市
603235,天新药业,SSE,沪市
603236,移远通信,SSE,沪市
603237,五芳斋,SSE,沪市
603238,诺邦股份,SSE,沪市
603239,浙江仙通,SSE,沪市
603248,锡华科技,SSE,沪市
603255,鼎际得,SSE,沪市
603256,宏和科技,SSE,沪市
603257,中国瑞林,SSE,沪市
603258,电魂网络,SSE,沪市
603259,药明康德,SSE,沪市
603260,合盛硅业,SSE,沪市
603261,*ST立航,SSE,沪市
603262,技源集团,SSE,沪市
603266,天龙股份,SSE,沪市
603267,鸿远电子,SSE,沪市
603268,松发股份,SSE,沪市
603269,海鸥股份,SSE,沪市
603270,金帝股份,SSE,沪市
603271,永杰新材,SSE,沪市
603272,*ST联翔,SSE,沪市
603273,天元智能,SSE,沪市
603275,众辰科技,SSE,沪市
603276,恒兴新材,SSE,沪市
603277,银都股份,SSE,沪市
603278,大业股份,SSE,沪市
603279,景津装备,SSE,沪市
603280,南方路机,SSE,沪市
603281,江瀚新材,SSE,沪市
603282,亚光股份,SSE,沪市
603283,赛腾股份,SSE,沪市
603284,林平发展,SSE,沪市
603285,键邦股份,SSE,沪市
603286,日盈电子,SSE,沪市
603288,海天味业,SSE,沪市
603289,泰瑞机器,SSE,沪市
603290,斯达半导,SSE,沪市
603291,联合水务,SSE,沪市
603293,埃泰克,SSE,沪市
603296,华勤技术,SSE,沪市
603297,永新光学,SSE,沪市
603298,杭叉集团,SSE,沪市
603299,苏盐井神,SSE,沪市
603300,海南华铁,SSE,沪市
603301,振德医疗,SSE,沪市
603303,得邦照明,SSE,沪市
603305,旭升集团,SSE,沪市
603306,华懋科技,SSE,沪市
603307,扬州金泉,SSE,沪市
603308,应流股份,SSE,沪市
603309,维力医疗,SSE,沪市
603310,巍华新材,SSE,沪市
603311,金海高科,SSE,沪市
603312,西典新能,SSE,沪市
603313,梦百合,SSE,沪市
603315,福鞍股份,SSE,沪市
603316,诚邦股份,SSE,沪市
603317,天味食品,SSE,沪市
603318,水发燃气,SSE,沪市
603319,美湖股份,SSE,沪市
603320,迪贝电气,SSE,沪市
603321,梅轮电梯,SSE,沪市
603322,超讯通信,SSE,沪市
603323,苏农银行,SSE,沪市
603324,盛剑科技,SSE,沪市
603325,博隆技术,SSE,沪市
603326,我乐家居,SSE,沪市
603327,福蓉科技,SSE,沪市
603328,依顿电子,SSE,沪市
603329,上海雅仕,SSE,沪市
603330,天洋新材,SSE,沪市
603331,百达精工,SSE,沪市
603332,苏州龙杰,SSE,沪市
603333,尚纬股份,SSE,沪市
603334,丰倍生物,SSE,沪市
603335,迪生力,SSE,沪市
603336,宏辉果蔬,SSE,沪市
603337,杰克科技,SSE,沪市
603338,浙江鼎力,SSE,沪市
603339,四方科技,SSE,沪市
603341,龙旗科技,SSE,沪市
603344,星德胜,SSE,沪市
603345,安井食品,SSE,沪市
603348,文灿股份,SSE,沪市
603350,安乃达,SSE,沪市
603351,威尔药业,SSE,沪市
603352,至信股份,SSE,沪市
603353,和顺石油,SSE,沪市
603355,莱克电气,SSE,沪市
603356,华菱精工,SSE,沪市
603357,设计总院,SSE,沪市
603358,华达科技,SSE,沪市
603359,*ST东珠,SSE,沪市
603360,百傲化学,SSE,沪市
603363,傲农生物,SSE,沪市
603365,水星家纺,SSE,沪市
603366,日出东方,SSE,沪市
603367,辰欣药业,SSE,沪市
603368,柳药集团,SSE,沪市
603369,今世缘,SSE,沪市
603370,华新精科,SSE,沪市
603373,安邦护卫,SSE,沪市
603375,盛景微,SSE,沪市
603376,大明电子,SSE,沪市
603377,ST东时,SSE,沪市
603378,*ST亚士,SSE,沪市
603379,三美股份,SSE,沪市
603380,易德龙,SSE,沪市
603381,永臻股份,SSE,沪市
603382,海阳科技,SSE,沪市
603383,顶点软件,SSE,沪市
603385,惠达卫浴,SSE,沪市
603386,骏亚科技,SSE,沪市
603387,基蛋生物,SSE,沪市
603389,*ST亚振,SSE,沪市
603390,通达电气,SSE,沪市
603391,力聚热能,SSE,沪市
603392,万泰生物,SSE,沪市
603393,新天然气,SSE,沪市
603395,红四方,SSE,沪市
603396,金辰股份,SSE,沪市
603398,*ST沐邦,SSE,沪市
603399,永杉锂业,SSE,沪市
603400,华之杰,SSE,沪市
603402,陕西旅游,SSE,沪市
603406,天富龙,SSE,沪市
603407,C长裕,SSE,沪市
603408,建霖家居,SSE,沪市
603409,汇通控股,SSE,沪市
603416,信捷电气,SSE,沪市
603418,友升股份,SSE,沪市
603421,鼎信通讯,SSE,沪市
603429,*ST集友,SSE,沪市
603439,三力制药,SSE,沪市
603444,吉比特,SSE,沪市
603456,九洲药业,SSE,沪市
603458,勘设股份,SSE,沪市
603459,红板科技,SSE,沪市
603466,风语筑,SSE,沪市
603477,巨星农牧,SSE,沪市
603486,科沃斯,SSE,沪市
603488,展鹏科技,SSE,沪市
603489,八方股份,SSE,沪市
603496,恒为科技,SSE,沪市
603499,翔港科技,SSE,沪市
603500,祥和实业,SSE,沪市
603501,豪威集团,SSE,沪市
603505,金石资源,SSE,沪市
603506,南都物业,SSE,沪市
603507,振江股份,SSE,沪市
603508,思维列控,SSE,沪市
603511,爱慕股份,SSE,沪市
603515,欧普照明,SSE,沪市
603516,淳中科技,SSE,沪市
603517,ST绝味,SSE,沪市
603518,锦泓集团,SSE,沪市
603519,立霸股份,SSE,沪市
603520,司太立,SSE,沪市
603527,众源新材,SSE,沪市
603528,多伦科技,SSE,沪市
603529,爱玛科技,SSE,沪市
603530,神马电力,SSE,沪市
603533,掌阅科技,SSE,沪市
603535,嘉诚国际,SSE,沪市
603536,惠发食品,SSE,沪市
603538,美诺华,SSE,沪市
603551,奥普科技,SSE,沪市
603556,海兴电力,SSE,沪市
603557,*ST起步,SSE,沪市
603558,健盛集团,SSE,沪市
603559,ST通脉,SSE,沪市
603565,中谷物流,SSE,沪市
603566,普莱柯,SSE,沪市
603567,珍宝岛,SSE,沪市
603568,伟明环保,SSE,沪市
603569,长久物流,SSE,沪市
603577,汇金通,SSE,沪市
603578,三星新材,SSE,沪市
603579,荣泰健康,SSE,沪市
603580,*ST艾艾,SSE,沪市
603583,捷昌驱动,SSE,沪市
603585,苏利股份,SSE,沪市
603586,XD金麒麟,SSE,沪市
603587,地素时尚,SSE,沪市
603588,高能环境,SSE,沪市
603589,口子窖,SSE,沪市
603590,康辰药业,SSE,沪市
603595,ST东尼,SSE,沪市
603596,伯特利,SSE,沪市
603598,引力传媒,SSE,沪市
603599,广信股份,SSE,沪市
603600,永艺股份,SSE,沪市
603601,再升科技,SSE,沪市
603602,纵横通信,SSE,沪市
603605,珀莱雅,SSE,沪市
603606,东方电缆,SSE,沪市
603607,京华激光,SSE,沪市
603608,天创时尚,SSE,沪市
603609,禾丰股份,SSE,沪市
603610,麒盛科技,SSE,沪市
603611,诺力股份,SSE,沪市
603612,索通发展,SSE,沪市
603613,国联股份,SSE,沪市
603615,茶花股份,SSE,沪市
603616,韩建河山,SSE,沪市
603617,君禾股份,SSE,沪市
603618,杭电股份,SSE,沪市
603619,中曼石油,SSE,沪市
603626,科森科技,SSE,沪市
603628,清源股份,SSE,沪市
603629,利通电子,SSE,沪市
603630,拉芳家化,SSE,沪市
603633,徕木股份,SSE,沪市
603636,南威软件,SSE,沪市
603637,镇海股份,SSE,沪市
603638,艾迪精密,SSE,沪市
603639,海利尔,SSE,沪市
603648,畅联股份,SSE,沪市
603650,彤程新材,SSE,沪市
603655,朗博科技,SSE,沪市
603656,泰禾智能,SSE,沪市
603657,春光科技,SSE,沪市
603658,安图生物,SSE,沪市
603659,璞泰来,SSE,沪市
603660,苏州科达,SSE,沪市
603661,恒林股份,SSE,沪市
603662,柯力传感,SSE,沪市
603663,三祥新材,SSE,沪市
603665,康隆达,SSE,沪市
603666,亿嘉和,SSE,沪市
603667,五洲新春,SSE,沪市
603668,天马科技,SSE,沪市
603669,灵康药业,SSE,沪市
603676,卫信康,SSE,沪市
603677,奇精机械,SSE,沪市
603678,火炬电子,SSE,沪市
603679,华体科技,SSE,沪市
603680,今创集团,SSE,沪市
603681,永冠新材,SSE,沪市
603682,锦和商管,SSE,沪市
603683,晶华新材,SSE,沪市
603685,晨丰科技,SSE,沪市
603686,福龙马,SSE,沪市
603687,大胜达,SSE,沪市
603688,石英股份,SSE,沪市
603689,皖天然气,SSE,沪市
603690,至纯科技,SSE,沪市
603693,江苏新能,SSE,沪市
603696,安记食品,SSE,沪市
603697,有友食品,SSE,沪市
603698,航天工程,SSE,沪市
603699,纽威股份,SSE,沪市
603700,宁水集团,SSE,沪市
603701,德宏股份,SSE,沪市
603703,盛洋科技,SSE,沪市
603706,东方环宇,SSE,沪市
603707,健友股份,SSE,沪市
603708,家家悦,SSE,沪市
603709,中源家居,SSE,沪市
603711,香飘飘,SSE,沪市
603712,七一二,SSE,沪市
603713,密尔克卫,SSE,沪市
603716,塞力医疗,SSE,沪市
603717,天域生物,SSE,沪市
603718,*ST海利,SSE,沪市
603719,良品铺子,SSE,沪市
603721,*ST天择,SSE,沪市
603722,阿科力,SSE,沪市
603725,天安新材,SSE,沪市
603726,朗迪集团,SSE,沪市
603727,博迈科,SSE,沪市
603728,鸣志电器,SSE,沪市
603729,ST龙韵,SSE,沪市
603730,岱美股份,SSE,沪市
603733,仙鹤股份,SSE,沪市
603737,三棵树,SSE,沪市
603738,泰晶科技,SSE,沪市
603739,蔚蓝生物,SSE,沪市
603755,日辰股份,SSE,沪市
603757,大元泵业,SSE,沪市
603758,秦安股份,SSE,沪市
603759,海天股份,SSE,沪市
603766,隆鑫通用,SSE,沪市
603767,中马传动,SSE,沪市
603768,常青股份,SSE,沪市
603773,沃格光电,SSE,沪市
603776,永安行,SSE,沪市
603777,来伊份,SSE,沪市
603778,国晟科技,SSE,沪市
603779,威龙股份,SSE,沪市
603786,科博达,SSE,沪市
603787,新日股份,SSE,沪市
603788,宁波高发,SSE,沪市
603789,*ST星农,SSE,沪市
603790,雅运股份,SSE,沪市
603797,联泰环保,SSE,沪市
603798,康普顿,SSE,沪市
603799,华友钴业,SSE,沪市
603800,洪田股份,SSE,沪市
603801,志邦家居,SSE,沪市
603803,瑞斯康达,SSE,沪市
603806,福斯特,SSE,沪市
603808,歌力思,SSE,沪市
603809,豪能股份,SSE,沪市
603810,丰山集团,SSE,沪市
603811,诚意药业,SSE,沪市
603813,*ST原尚,SSE,沪市
603815,交建股份,SSE,沪市
603816,顾家家居,SSE,沪市
603817,海峡环保,SSE,沪市
603818,曲美家居,SSE,沪市
603819,神力股份,SSE,沪市
603822,ST嘉澳,SSE,沪市
603823,百合花,SSE,沪市
603825,ST华扬,SSE,沪市
603826,坤彩科技,SSE,沪市
603828,*ST利达,SSE,沪市
603829,洛凯股份,SSE,沪市
603833,欧派家居,SSE,沪市
603836,海程邦达,SSE,沪市
603838,*ST四通,SSE,沪市
603839,安正时尚,SSE,沪市
603843,*ST正平,SSE,沪市
603848,好太太,SSE,沪市
603855,华荣股份,SSE,沪市
603856,东宏股份,SSE,沪市
603858,步长制药,SSE,沪市
603859,能科科技,SSE,沪市
603860,中公高科,SSE,沪市
603861,白云电器,SSE,沪市
603863,松炀资源,SSE,沪市
603866,桃李面包,SSE,沪市
603867,新化股份,SSE,沪市
603868,飞科电器,SSE,沪市
603869,ST智知,SSE,沪市
603871,嘉友国际,SSE,沪市
603876,鼎胜新材,SSE,沪市
603877,太平鸟,SSE,沪市
603878,武进不锈,SSE,沪市
603879,永悦科技,SSE,沪市
603880,南卫股份,SSE,沪市
603881,数据港,SSE,沪市
603882,金域医学,SSE,沪市
603883,老百姓,SSE,沪市
603885,吉祥航空,SSE,沪市
603886,元祖股份,SSE,沪市
603887,城地香江,SSE,沪市
603888,新华网,SSE,沪市
603889,新澳股份,SSE,沪市
603890,春秋电子,SSE,沪市
603893,瑞芯微,SSE,沪市
603895,天永智能,SSE,沪市
603896,寿仙谷,SSE,沪市
603897,长城科技,SSE,沪市
603898,好莱客,SSE,沪市
603899,晨光股份,SSE,沪市
603900,莱绅通灵,SSE,沪市
603901,永创智能,SSE,沪市
603903,中持股份,SSE,沪市
603906,龙蟠科技,SSE,沪市
603908,牧高笛,SSE,沪市
603909,建发合诚,SSE,沪市
603912,佳力图,SSE,沪市
603915,国茂股份,SSE,沪市
603916,苏博特,SSE,沪市
603917,合力科技,SSE,沪市
603918,金桥信息,SSE,沪市
603919,金徽酒,SSE,沪市
603920,世运电路,SSE,沪市
603922,ST金鸿顺,SSE,沪市
603926,铁流股份,SSE,沪市
603927,中科软,SSE,沪市
603928,兴业股份,SSE,沪市
603929,亚翔集成,SSE,沪市
603931,格林达,SSE,沪市
603933,睿能科技,SSE,沪市
603936,博敏电子,SSE,沪市
603937,丽岛新材,SSE,沪市
603938,三孚股份,SSE,沪市
603939,益丰药房,SSE,沪市
603948,建业股份,SSE,沪市
603949,雪龙集团,SSE,沪市
603950,长源东谷,SSE,沪市
603955,大千生态,SSE,沪市
603956,威派格,SSE,沪市
603958,哈森股份,SSE,沪市
603959,ST百利,SSE,沪市
603960,克来机电,SSE,沪市
603966,法兰泰克,SSE,沪市
603967,中创物流,SSE,沪市
603968,醋化股份,SSE,沪市
603969,银龙股份,SSE,沪市
603970,中农立华,SSE,沪市
603976,正川股份,SSE,沪市
603977,国泰集团,SSE,沪市
603978,深圳新星,SSE,沪市
603979,金诚信,SSE,沪市
603980,吉华集团,SSE,沪市
603982,泉峰汽车,SSE,沪市
603983,丸美生物,SSE,沪市
603985,恒润股份,SSE,沪市
603986,兆易创新,SSE,沪市
603987,康德莱,SSE,沪市
603988,中电电机,SSE,沪市
603989,艾华集团,SSE,沪市
603990,麦迪科技,SSE,沪市
603991,至正股份,SSE,沪市
603992,松霖科技,SSE,沪市
603993,洛阳钼业,SSE,沪市
603995,甬金股份,SSE,沪市
603997,继峰股份,SSE,沪市
603998,方盛制药,SSE,沪市
603999,读者传媒,SSE,沪市
605001,威奥股份,SSE,沪市
605003,众望布艺,SSE,沪市
605005,合兴股份,SSE,沪市
605006,山东玻纤,SSE,沪市
605007,五洲特纸,SSE,沪市
605008,长鸿高科,SSE,沪市
605009,豪悦护理,SSE,沪市
605011,杭州热电,SSE,沪市
605016,百龙创园,SSE,沪市
605018,长华集团,SSE,沪市
605020,永和股份,SSE,沪市
605028,世茂能源,SSE,沪市
605033,美邦股份,SSE,沪市
605050,福然德,SSE,沪市
605055,迎丰股份,SSE,沪市
605056,咸亨国际,SSE,沪市
605058,澳弘电子,SSE,沪市
605060,联德股份,SSE,沪市
605066,天正电气,SSE,沪市
605068,明新旭腾,SSE,沪市
605069,正和生态,SSE,沪市
605077,华康股份,SSE,沪市
605080,浙江自然,SSE,沪市
605081,*ST太和,SSE,沪市
605086,龙高股份,SSE,沪市
605088,冠盛股份,SSE,沪市
605089,味知香,SSE,沪市
605090,九丰能源,SSE,沪市
605098,行动教育,SSE,沪市
605099,共创草坪,SSE,沪市
605100,华丰股份,SSE,沪市
605108,同庆楼,SSE,沪市
605111,新洁能,SSE,沪市
605116,奥锐特,SSE,沪市
605117,德业股份,SSE,沪市
605118,力鼎光电,SSE,沪市
605122,四方新材,SSE,沪市
605123,派克新材,SSE,沪市
605128,上海沿浦,SSE,沪市
605133,嵘泰股份,SSE,沪市
605136,丽人丽妆,SSE,沪市
605138,盛泰集团,SSE,沪市
605151,西上海,SSE,沪市
605155,西大门,SSE,沪市
605158,华达新材,SSE,沪市
605162,新中港,SSE,沪市
605166,聚合顺,SSE,沪市
605167,利柏特,SSE,沪市
605168,三人行,SSE,沪市
605169,洪通燃气,SSE,沪市
605177,东亚药业,SSE,沪市
605178,时空科技,SSE,沪市
605179,一鸣食品,SSE,沪市
605180,华生科技,SSE,沪市
605183,确成股份,SSE,沪市
605186,健麾信息,SSE,沪市
605188,国光连锁,SSE,沪市
605189,富春染织,SSE,沪市
605196,华通线缆,SSE,沪市
605198,安德利,SSE,沪市
605199,ST葫芦娃,SSE,沪市
605208,永茂泰,SSE,沪市
605218,伟时电子,SSE,沪市
605222,起帆电缆,SSE,沪市
605228,神通科技,SSE,沪市
605255,天普股份,SSE,沪市
605258,协和电子,SSE,沪市
605259,绿田机械,SSE,沪市
605266,健之佳,SSE,沪市
605268,王力安防,SSE,沪市
605277,新亚电子,SSE,沪市
605286,同力天启,SSE,沪市
605287,德才股份,SSE,沪市
605288,凯迪股份,SSE,沪市
605289,罗曼股份,SSE,沪市
605296,神农集团,SSE,沪市
605298,必得科技,SSE,沪市
605299,舒华体育,SSE,沪市
605300,佳禾食品,SSE,沪市
605303,园林股份,SSE,沪市
605305,中际联合,SSE,沪市
605318,法狮龙,SSE,沪市
605319,无锡振华,SSE,沪市
605333,沪光股份,SSE,沪市
605336,*ST帅电,SSE,沪市
605337,李子园,SSE,沪市
605338,巴比食品,SSE,沪市
605339,南侨食品,SSE,沪市
605358,立昂微,SSE,沪市
605365,立达信,SSE,沪市
605366,宏柏新材,SSE,沪市
605368,蓝天燃气,SSE,沪市
605369,拱东医疗,SSE,沪市
605376,博迁新材,SSE,沪市
605377,华旺科技,SSE,沪市
605378,野马电池,SSE,沪市
605388,均瑶健康,SSE,沪市
605389,长龄液压,SSE,沪市
605398,新炬网络,SSE,沪市
605399,晨光新材,SSE,沪市
605488,福莱新材,SSE,沪市
605499,东鹏饮料,SSE,沪市
605500,森林包装,SSE,沪市
605507,国邦医药,SSE,沪市
605555,德昌股份,SSE,沪市
605566,福莱蒽特,SSE,沪市
605567,春雪食品,SSE,沪市
605577,龙版传媒,SSE,沪市
605580,恒盛能源,SSE,沪市
605588,冠石科技,SSE,沪市
605589,圣泉集团,SSE,沪市
605598,上海港湾,SSE,沪市
605599,菜百股份,SSE,沪市
688001,华兴源创,SSE,沪市
688002,睿创微纳,SSE,沪市
688003,天准科技,SSE,沪市
688004,博汇科技,SSE,沪市
688005,容百科技,SSE,沪市
688006,杭可科技,SSE,沪市
688007,光峰科技,SSE,沪市
688008,澜起科技,SSE,沪市
688009,中国通号,SSE,沪市
688010,福光股份,SSE,沪市
688011,新光光电,SSE,沪市
688012,中微公司,SSE,沪市
688013,天臣医疗,SSE,沪市
688015,交控科技,SSE,沪市
688016,心脉医疗,SSE,沪市
688017,绿的谐波,SSE,沪市
688018,乐鑫科技,SSE,沪市
688019,安集科技,SSE,沪市
688020,方邦股份,SSE,沪市
688021,奥福科技,SSE,沪市
688022,ST瀚川,SSE,沪市
688023,安恒信息,SSE,沪市
688025,杰普特,SSE,沪市
688026,洁特生物,SSE,沪市
688027,国盾量子,SSE,沪市
688028,沃尔德,SSE,沪市
688029,南微医学,SSE,沪市
688030,山石网科,SSE,沪市
688031,星环科技,SSE,沪市
688032,禾迈股份,SSE,沪市
688033,*ST天宜,SSE,沪市
688035,德邦科技,SSE,沪市
688036,传音控股,SSE,沪市
688037,芯源微,SSE,沪市
688038,中科通达,SSE,沪市
688039,当虹科技,SSE,沪市
688041,海光信息,SSE,沪市
688045,必易微,SSE,沪市
688046,药康生物,SSE,沪市
688047,龙芯中科,SSE,沪市
688048,长光华芯,SSE,沪市
688049,炬芯科技,SSE,沪市
688050,爱博医疗,SSE,沪市
688051,佳华科技,SSE,沪市
688052,纳芯微,SSE,沪市
688053,ST思科瑞,SSE,沪市
688055,龙腾光电,SSE,沪市
688056,莱伯泰科,SSE,沪市
688057,金达莱,SSE,沪市
688058,宝兰德,SSE,沪市
688059,华锐精密,SSE,沪市
688060,云涌科技,SSE,沪市
688061,灿瑞科技,SSE,沪市
688062,迈威生物,SSE,沪市
688063,派能科技,SSE,沪市
688065,凯赛生物,SSE,沪市
688066,*ST航图,SSE,沪市
688067,爱威科技,SSE,沪市
688068,热景生物,SSE,沪市
688069,德林海,SSE,沪市
688070,纵横股份,SSE,沪市
688071,华依科技,SSE,沪市
688072,拓荆科技,SSE,沪市
688073,毕得医药,SSE,沪市
688075,安旭生物,SSE,沪市
688076,ST诺泰,SSE,沪市
688077,大地熊,SSE,沪市
688078,龙软科技,SSE,沪市
688079,美迪凯,SSE,沪市
688080,映翰通,SSE,沪市
688081,兴图新科,SSE,沪市
688082,盛美上海,SSE,沪市
688083,中望软件,SSE,沪市
688084,晶品特装,SSE,沪市
688085,三友医疗,SSE,沪市
688087,英科再生,SSE,沪市
688088,虹软科技,SSE,沪市
688089,嘉必优,SSE,沪市
688090,瑞松科技,SSE,沪市
688091,上海谊众,SSE,沪市
688092,爱科科技,SSE,沪市
688093,世华科技,SSE,沪市
688095,福昕软件,SSE,沪市
688096,京源环保,SSE,沪市
688097,博众精工,SSE,沪市
688098,申联生物,SSE,沪市
688099,晶晨股份,SSE,沪市
688100,威胜信息,SSE,沪市
688101,三达膜,SSE,沪市
688102,斯瑞新材,SSE,沪市
688103,国力电子,SSE,沪市
688105,诺唯赞,SSE,沪市
688106,金宏气体,SSE,沪市
688107,安路科技,SSE,沪市
688108,赛诺医疗,SSE,沪市
688109,品茗科技,SSE,沪市
688110,东芯股份,SSE,沪市
688111,金山办公,SSE,沪市
688112,鼎阳科技,SSE,沪市
688113,联测科技,SSE,沪市
688114,华大智造,SSE,沪市
688115,思林杰,SSE,沪市
688116,天奈科技,SSE,沪市
688117,圣诺生物,SSE,沪市
688118,普元信息,SSE,沪市
688119,中钢洛耐,SSE,沪市
688120,华海清科,SSE,沪市
688121,卓然股份,SSE,沪市
688122,西部超导,SSE,沪市
688123,聚辰股份,SSE,沪市
688125,安达智能,SSE,沪市
688126,沪硅产业,SSE,沪市
688127,蓝特光学,SSE,沪市
688128,中国电研,SSE,沪市
688129,东来技术,SSE,沪市
688130,晶华微,SSE,沪市
688131,皓元医药,SSE,沪市
688132,邦彦技术,SSE,沪市
688133,泰坦科技,SSE,沪市
688135,利扬芯片,SSE,沪市
688136,科兴制药,SSE,沪市
688137,近岸蛋白,SSE,沪市
688138,清溢光电,SSE,沪市
688139,海尔生物,SSE,沪市
688141,杰华特,SSE,沪市
688143,长盈通,SSE,沪市
688146,中船特气,SSE,沪市
688147,微导纳米,SSE,沪市
688148,芳源股份,SSE,沪市
688150,莱特光电,SSE,沪市
688151,华强科技,SSE,沪市
688152,麒麟信安,SSE,沪市
688153,唯捷创芯,SSE,沪市
688155,先惠技术,SSE,沪市
688156,路德科技,SSE,沪市
688157,松井股份,SSE,沪市
688158,优刻得,SSE,沪市
688159,有方科技,SSE,沪市
688160,步科股份,SSE,沪市
688161,威高骨科,SSE,沪市
688162,巨一科技,SSE,沪市
688163,赛伦生物,SSE,沪市
688165,埃夫特,SSE,沪市
688166,博瑞医药,SSE,沪市
688167,炬光科技,SSE,沪市
688168,安博通,SSE,沪市
688169,石头科技,SSE,沪市
688170,德龙激光,SSE,沪市
688171,纬德信息,SSE,沪市
688172,燕东微,SSE,沪市
688173,希荻微,SSE,沪市
688175,高凌信息,SSE,沪市
688176,亚虹医药,SSE,沪市
688177,百奥泰,SSE,沪市
688178,万德斯,SSE,沪市
688179,阿拉丁,SSE,沪市
688180,君实生物,SSE,沪市
688181,八亿时空,SSE,沪市
688182,灿勤科技,SSE,沪市
688183,生益电子,SSE,沪市
688184,ST帕瓦,SSE,沪市
688185,康希诺,SSE,沪市
688186,广大特材,SSE,沪市
688187,时代电气,SSE,沪市
688188,柏楚电子,SSE,沪市
688189,南新制药,SSE,沪市
688190,云路股份,SSE,沪市
688191,智洋创新,SSE,沪市
688192,迪哲医药,SSE,沪市
688193,仁度生物,SSE,沪市
688195,腾景科技,SSE,沪市
688196,卓越新能,SSE,沪市
688197,首药控股,SSE,沪市
688198,佰仁医疗,SSE,沪市
688199,久日新材,SSE,沪市
688200,华峰测控,SSE,沪市
688201,ST信安,SSE,沪市
688202,美迪西,SSE,沪市
688203,海正生材,SSE,沪市
688205,德科立,SSE,沪市
688206,概伦电子,SSE,沪市
688207,格灵深瞳,SSE,沪市
688208,道通科技,SSE,沪市
688209,英集芯,SSE,沪市
688210,统联精密,SSE,沪市
688211,中科微至,SSE,沪市
688212,澳华内镜,SSE,沪市
688213,思特威,SSE,沪市
688215,瑞晟智能,SSE,沪市
688216,气派科技,SSE,沪市
688217,睿昂基因,SSE,沪市
688218,江苏北人,SSE,沪市
688219,会通股份,SSE,沪市
688220,翱捷科技,SSE,沪市
688221,前沿生物,SSE,沪市
688222,成都先导,SSE,沪市
688223,晶科能源,SSE,沪市
688225,亚信安全,SSE,沪市
688226,威腾电气,SSE,沪市
688227,品高股份,SSE,沪市
688228,开普云,SSE,沪市
688229,博睿数据,SSE,沪市
688230,芯导科技,SSE,沪市
688231,隆达股份,SSE,沪市
688232,新点软件,SSE,沪市
688233,神工股份,SSE,沪市
688234,天岳先进,SSE,沪市
688235,百济神州,SSE,沪市
688236,春立医疗,SSE,沪市
688237,超卓航科,SSE,沪市
688238,和元生物,SSE,沪市
688239,航宇科技,SSE,沪市
688244,永信至诚,SSE,沪市
688246,嘉和美康,SSE,沪市
688247,宣泰医药,SSE,沪市
688248,南网科技,SSE,沪市
688249,晶合集成,SSE,沪市
688251,井松智能,SSE,沪市
688252,天德钰,SSE,沪市
688253,英诺特,SSE,沪市
688255,凯尔达,SSE,沪市
688256,寒武纪,SSE,沪市
688257,新锐股份,SSE,沪市
688258,卓易信息,SSE,沪市
688259,创耀科技,SSE,沪市
688260,昀冢科技,SSE,沪市
688261,东微半导,SSE,沪市
688262,国芯科技,SSE,沪市
688265,南模生物,SSE,沪市
688266,泽璟制药,SSE,沪市
688267,中触媒,SSE,沪市
688268,华特气体,SSE,沪市
688269,凯立新材,SSE,沪市
688270,ST臻镭,SSE,沪市
688271,联影医疗,SSE,沪市
688272,富吉瑞,SSE,沪市
688273,麦澜德,SSE,沪市
688275,万润新能,SSE,沪市
688276,百克生物,SSE,沪市
688277,天智航,SSE,沪市
688278,特宝生物,SSE,沪市
688279,峰岹科技,SSE,沪市
688280,精进电动,SSE,沪市
688281,华秦科技,SSE,沪市
688282,理工导航,SSE,沪市
688283,坤恒顺维,SSE,沪市
688285,高铁电气,SSE,沪市
688286,敏芯股份,SSE,沪市
688287,*ST观典,SSE,沪市
688288,鸿泉技术,SSE,沪市
688289,圣湘生物,SSE,沪市
688290,景业智能,SSE,沪市
688291,金橙子,SSE,沪市
688292,浩瀚深度,SSE,沪市
688293,奥浦迈,SSE,沪市
688295,中复神鹰,SSE,沪市
688296,和达科技,SSE,沪市
688297,中无人机,SSE,沪市
688298,东方生物,SSE,沪市
688299,长阳科技,SSE,沪市
688300,联瑞新材,SSE,沪市
688301,奕瑞科技,SSE,沪市
688302,海创药业,SSE,沪市
688303,大全能源,SSE,沪市
688305,科德数控,SSE,沪市
688306,均普智能,SSE,沪市
688307,中润光学,SSE,沪市
688308,欧科亿,SSE,沪市
688309,恒誉环保,SSE,沪市
688310,迈得医疗,SSE,沪市
688311,盟升电子,SSE,沪市
688312,燕麦科技,SSE,沪市
688313,仕佳光子,SSE,沪市
688314,康拓医疗,SSE,沪市
688315,诺禾致源,SSE,沪市
688316,青云科技,SSE,沪市
688317,之江生物,SSE,沪市
688318,财富趋势,SSE,沪市
688319,欧林生物,SSE,沪市
688320,禾川科技,SSE,沪市
688321,XD微芯生,SSE,沪市
688322,奥比中光,SSE,沪市
688323,瑞华泰,SSE,沪市
688325,赛微微电,SSE,沪市
688326,经纬恒润,SSE,沪市
688327,云从科技,SSE,沪市
688328,深科达,SSE,沪市
688329,艾隆科技,SSE,沪市
688330,宏力达,SSE,沪市
688331,荣昌生物,SSE,沪市
688332,中科蓝讯,SSE,沪市
688333,铂力特,SSE,沪市
688334,西高院,SSE,沪市
688335,复洁科技,SSE,沪市
688336,三生国健,SSE,沪市
688337,普源精电,SSE,沪市
688338,赛科希德,SSE,沪市
688339,亿华通,SSE,沪市
688343,云天励飞,SSE,沪市
688345,博力威,SSE,沪市
688347,华虹公司,SSE,沪市
688348,昱能科技,SSE,沪市
688349,三一重能,SSE,沪市
688350,富淼科技,SSE,沪市
688351,微电生理,SSE,沪市
688352,颀中科技,SSE,沪市
688353,华盛锂电,SSE,沪市
688355,明志科技,SSE,沪市
688356,键凯科技,SSE,沪市
688357,建龙微纳,SSE,沪市
688358,祥生医疗,SSE,沪市
688359,三孚新科,SSE,沪市
688360,德马科技,SSE,沪市
688361,中科飞测,SSE,沪市
688362,甬矽电子,SSE,沪市
688363,华熙生物,SSE,沪市
688365,光云科技,SSE,沪市
688366,昊海生科,SSE,沪市
688367,工大高科,SSE,沪市
688368,晶丰明源,SSE,沪市
688369,致远互联,SSE,沪市
688370,丛麟科技,SSE,沪市
688371,菲沃泰,SSE,沪市
688372,伟测科技,SSE,沪市
688373,盟科药业,SSE,沪市
688375,国博电子,SSE,沪市
688376,美埃科技,SSE,沪市
688377,迪威尔,SSE,沪市
688378,奥来德,SSE,沪市
688379,华光新材,SSE,沪市
688380,中微半导,SSE,沪市
688381,帝奥微,SSE,沪市
688382,益方生物,SSE,沪市
688383,新益昌,SSE,沪市
688385,复旦微电,SSE,沪市
688386,泛亚微透,SSE,沪市
688387,信科移动,SSE,沪市
688388,嘉元科技,SSE,沪市
688389,普门科技,SSE,沪市
688390,固德威,SSE,沪市
688391,钜泉科技,SSE,沪市
688392,骄成超声,SSE,沪市
688393,安必平,SSE,沪市
688395,正弦电气,SSE,沪市
688396,华润微,SSE,沪市
688398,赛特新材,SSE,沪市
688399,硕世生物,SSE,沪市
688400,凌云光,SSE,沪市
688401,路维光电,SSE,沪市
688403,汇成股份,SSE,沪市
688408,中信博,SSE,沪市
688409,富创精密,SSE,沪市
688410,山外山,SSE,沪市
688411,海博思创,SSE,沪市
688416,恒烁股份,SSE,沪市
688418,震有科技,SSE,沪市
688419,耐科装备,SSE,沪市
688420,美腾科技,SSE,沪市
688425,铁建重工,SSE,沪市
688426,康为世纪,SSE,沪市
688428,诺诚健华,SSE,沪市
688429,时创能源,SSE,沪市
688432,有研硅,SSE,沪市
688433,华曙高科,SSE,沪市
688435,英方软件,SSE,沪市
688439,振华风光,SSE,沪市
688443,智翔金泰,SSE,沪市
688448,磁谷科技,SSE,沪市
688449,联芸科技,SSE,沪市
688450,光格科技,SSE,沪市
688455,科捷智能,SSE,沪市
688456,有研粉材,SSE,沪市
688458,美芯晟,SSE,沪市
688459,哈铁科技,SSE,沪市
688466,金科环境,SSE,沪市
688468,科美诊断,SSE,沪市
688469,芯联集成,SSE,沪市
688472,阿特斯,SSE,沪市
688475,萤石网络,SSE,沪市
688478,晶升股份,SSE,沪市
688479,友车科技,SSE,沪市
688480,赛恩斯,SSE,沪市
688484,南芯科技,SSE,沪市
688485,九州一轨,SSE,沪市
688486,龙迅股份,SSE,沪市
688488,艾迪药业,SSE,沪市
688489,三未信安,SSE,沪市
688496,*ST清越,SSE,沪市
688498,源杰科技,SSE,沪市
688499,利元亨,SSE,沪市
688500,慧辰股份,SSE,沪市
688501,青达环保,SSE,沪市
688502,茂莱光学,SSE,沪市
688503,聚和材料,SSE,沪市
688505,复旦张江,SSE,沪市
688506,百利天恒,SSE,沪市
688507,索辰科技,SSE,沪市
688508,芯朋微,SSE,沪市
688509,正元地信,SSE,沪市
688510,航亚科技,SSE,沪市
688511,天微电子,SSE,沪市
688512,慧智微,SSE,沪市
688513,苑东生物,SSE,沪市
688515,裕太微,SSE,沪市
688516,奥特维,SSE,沪市
688517,金冠电气,SSE,沪市
688518,联赢激光,SSE,沪市
688519,南亚新材,SSE,沪市
688520,神州细胞,SSE,沪市
688521,芯原股份,SSE,沪市
688522,纳睿雷达,SSE,沪市
688523,航天环宇,SSE,沪市
688525,佰维存储,SSE,沪市
688526,科前生物,SSE,沪市
688528,秦川物联,SSE,沪市
688529,豪森智能,SSE,沪市
688530,欧莱新材,SSE,沪市
688531,日联科技,SSE,沪市
688533,上声电子,SSE,沪市
688535,华海诚科,SSE,沪市
688536,思瑞浦,SSE,沪市
688538,和辉光电,SSE,沪市
688539,高华科技,SSE,沪市
688543,国科军工,SSE,沪市
688545,兴福电子,SSE,沪市
688548,广钢气体,SSE,沪市
688549,中巨芯,SSE,沪市
688550,瑞联新材,SSE,沪市
688551,科威尔,SSE,沪市
688552,航天南湖,SSE,沪市
688553,汇宇制药,SSE,沪市
688556,高测股份,SSE,沪市
688557,兰剑智能,SSE,沪市
688558,国盛智科,SSE,沪市
688559,海目星,SSE,沪市
688560,明冠新材,SSE,沪市
688561,奇安信,SSE,沪市
688562,航天软件,SSE,沪市
688563,航材股份,SSE,沪市
688565,力源科技,SSE,沪市
688566,吉贝尔,SSE,沪市
688567,孚能科技,SSE,沪市
688568,中科星图,SSE,沪市
688569,铁科轨道,SSE,沪市
688570,天玛智控,SSE,沪市
688571,杭华股份,SSE,沪市
688573,信宇人,SSE,沪市
688575,亚辉龙,SSE,沪市
688576,西山科技,SSE,沪市
688577,浙海德曼,SSE,沪市
688578,艾力斯,SSE,沪市
688579,地纬智能,SSE,沪市
688580,伟思医疗,SSE,沪市
688581,安杰思,SSE,沪市
688582,芯动联科,SSE,沪市
688583,思看科技,SSE,沪市
688584,上海合晶,SSE,沪市
688585,上纬新材,SSE,沪市
688586,江航装备,SSE,沪市
688588,凌志软件,SSE,沪市
688589,力合微,SSE,沪市
688590,新致软件,SSE,沪市
688591,泰凌微,SSE,沪市
688592,司南导航,SSE,沪市
688593,新相微,SSE,沪市
688595,芯海科技,SSE,沪市
688596,正帆科技,SSE,沪市
688597,煜邦电力,SSE,沪市
688598,金博股份,SSE,沪市
688599,天合光能,SSE,沪市
688600,皖仪科技,SSE,沪市
688601,力芯微,SSE,沪市
688602,康鹏科技,SSE,沪市
688603,天承科技,SSE,沪市
688605,先锋精科,SSE,沪市
688606,奥泰生物,SSE,沪市
688607,康众医疗,SSE,沪市
688608,恒玄科技,SSE,沪市
688609,九联科技,SSE,沪市
688610,埃科光电,SSE,沪市
688611,杭州柯林,SSE,沪市
688612,威迈斯,SSE,沪市
688613,奥精医疗,SSE,沪市
688615,合合信息,SSE,沪市
688616,西力科技,SSE,沪市
688617,XD惠泰医,SSE,沪市
688618,三旺通信,SSE,沪市
688619,罗普特,SSE,沪市
688620,安凯微,SSE,沪市
688621,阳光诺和,SSE,沪市
688622,*ST禾信,SSE,沪市
688623,双元科技,SSE,沪市
688625,呈和科技,SSE,沪市
688626,翔宇医疗,SSE,沪市
688627,精智达,SSE,沪市
688628,优利德,SSE,沪市
688629,华丰科技,SSE,沪市
688630,芯碁微装,SSE,沪市
688631,莱斯信息,SSE,沪市
688633,星球石墨,SSE,沪市
688636,智明达,SSE,沪市
688638,誉辰智能,SSE,沪市
688639,华恒生物,SSE,沪市
688646,ST逸飞,SSE,沪市
688648,中邮科技,SSE,沪市
688651,盛邦安全,SSE,沪市
688652,京仪装备,SSE,沪市
688653,康希通信,SSE,沪市
688655,迅捷兴,SSE,沪市
688656,浩欧博,SSE,沪市
688657,DR浩辰软,SSE,沪市
688658,悦康药业,SSE,沪市
688659,元琛科技,SSE,沪市
688660,电气风电,SSE,沪市
688661,和林微纳,SSE,沪市
688662,富信科技,SSE,沪市
688663,新风光,SSE,沪市
688665,四方光电,SSE,沪市
688667,菱电电控,SSE,沪市
688668,鼎通科技,SSE,沪市
688669,聚石化学,SSE,沪市
688670,金迪克,SSE,沪市
688671,碧兴物联,SSE,沪市
688676,金盘科技,SSE,沪市
688677,海泰新光,SSE,沪市
688678,福立旺,SSE,沪市
688679,通源环境,SSE,沪市
688680,海优新材,SSE,沪市
688681,科汇股份,SSE,沪市
688682,霍莱沃,SSE,沪市
688683,莱尔科技,SSE,沪市
688685,迈信林,SSE,沪市
688686,奥普特,SSE,沪市
688687,凯因科技,SSE,沪市
688689,银河微电,SSE,沪市
688690,纳微科技,SSE,沪市
688691,灿芯股份,SSE,沪市
688692,达梦数据,SSE,沪市
688693,锴威特,SSE,沪市
688695,中创股份,SSE,沪市
688696,极米科技,SSE,沪市
688697,纽威数控,SSE,沪市
688698,伟创电气,SSE,沪市
688699,明微电子,SSE,沪市
688700,东威科技,SSE,沪市
688701,卓锦股份,SSE,沪市
688702,盛科通信,SSE,沪市
688707,振华新材,SSE,沪市
688708,佳驰科技,SSE,沪市
688709,成都华微,SSE,沪市
688710,益诺思,SSE,沪市
688711,宏微科技,SSE,沪市
688712,北芯生命,SSE,沪市
688716,中研股份,SSE,沪市
688717,艾罗能源,SSE,沪市
688718,唯赛勃,SSE,沪市
688719,爱科赛博,SSE,沪市
688720,艾森股份,SSE,沪市
688721,龙图光罩,SSE,沪市
688722,同益中,SSE,沪市
688726,拉普拉斯,SSE,沪市
688727,恒坤新材,SSE,沪市
688728,格科微,SSE,沪市
688729,屹唐股份,SSE,沪市
688733,壹石通,SSE,沪市
688737,中自科技,SSE,沪市
688739,成大生物,SSE,沪市
688750,金天钛业,SSE,沪市
688755,汉邦科技,SSE,沪市
688757,胜科纳米,SSE,沪市
688758,赛分科技,SSE,沪市
688759,必贝特,SSE,沪市
688765,禾元生物,SSE,沪市
688766,普冉股份,SSE,沪市
688767,博拓生物,SSE,沪市
688768,容知日新,SSE,沪市
688772,珠海冠宇,SSE,沪市
688775,影石创新,SSE,沪市
688776,国光电气,SSE,沪市
688777,中控技术,SSE,沪市
688778,厦钨新能,SSE,沪市
688779,五矿新能,SSE,沪市
688781,视涯科技,SSE,沪市
688783,西安奕材,SSE,沪市
688785,恒运昌,SSE,沪市
688786,悦安新材,SSE,沪市
688787,海天瑞声,SSE,沪市
688788,科思科技,SSE,沪市
688789,宏华数科,SSE,沪市
688790,昂瑞微,SSE,沪市
688793,倍轻松,SSE,沪市
688795,摩尔线程,SSE,沪市
688796,百奥赛图,SSE,沪市
688798,艾为电子,SSE,沪市
688799,华纳药厂,SSE,沪市
688800,瑞可达,SSE,沪市
688802,沐曦股份,SSE,沪市
688805,健信超导,SSE,沪市
688807,优迅股份,SSE,沪市
688808,联讯仪器,SSE,沪市
688809,强一股份,SSE,沪市
688811,有研复材,SSE,沪市
688813,泰金新能,SSE,沪市
688816,易思维,SSE,沪市
688818,电科蓝天,SSE,沪市
688819,天能股份,SSE,沪市
688820,盛合晶微,SSE,沪市
688981,中芯国际,SSE,沪市
689009,九号公司,SSE,沪市
920000,安徽凤凰,SZSE,深市
920001,纬达光电,SZSE,深市
920002,万达轴承,SZSE,深市
920003,中诚咨询,SZSE,深市
920005,鼎佳精密,SZSE,深市
920006,晟楠科技,SZSE,深市
920007,酉立智能,SZSE,深市
920008,成电光信,SZSE,深市
920009,丹娜生物,SZSE,深市
920010,凯添燃气,SZSE,深市
920011,晨光电机,SZSE,深市
920012,创达新材,SZSE,深市
920014,特瑞斯,SZSE,深市
920015,锦华新材,SZSE,深市
920016,中草香料,SZSE,深市
920017,星昊医药,SZSE,深市
920018,宏远股份,SZSE,深市
920019,铜冠矿建,SZSE,深市
920020,泰凯英,SZSE,深市
920021,流金科技,SZSE,深市
920022,世昌股份,SZSE,深市
920023,*ST田野,SZSE,深市
920026,卓兆点胶,SZSE,深市
920027,交大铁发,SZSE,深市
920028,新恒泰,SZSE,深市
920029,开发科技,SZSE,深市
920030,德众汽车,SZSE,深市
920033,康普化学,SZSE,深市
920035,精创电气,SZSE,深市
920036,XD觅睿科,SZSE,深市
920037,广信科技,SZSE,深市
920039,国义招标,SZSE,深市
920045,蘅东光,SZSE,深市
920046,亿能电力,SZSE,深市
920047,诺思兰德,SZSE,深市
920050,爱舍伦,SZSE,深市
920055,隆源股份,SZSE,深市
920056,能之光,SZSE,深市
920057,百甲科技,SZSE,深市
920058,华洋赛车,SZSE,深市
920060,万源通,SZSE,深市
920061,西磁科技,SZSE,深市
920062,科润智控,SZSE,深市
920066,科拜尔,SZSE,深市
920068,天工股份,SZSE,深市
920069,普昂医疗,SZSE,深市
920075,柏星龙,SZSE,深市
920076,国亮新材,SZSE,深市
920077,吉林碳谷,SZSE,深市
920078,族兴新材,SZSE,深市
920080,奥美森,SZSE,深市
920082,方正阀门,SZSE,深市
920086,科马材料,SZSE,深市
920087,秋乐种业,SZSE,深市
920088,科力股份,SZSE,深市
920089,禾昌聚合,SZSE,深市
920090,*ST同辉,SZSE,深市
920091,大鹏工业,SZSE,深市
920092,汉鑫科技,SZSE,深市
920098,科隆新材,SZSE,深市
920099,瑞华技术,SZSE,深市
920100,三协电机,SZSE,深市
920101,志高机械,SZSE,深市
920106,林泰新材,SZSE,深市
920108,宏海科技,SZSE,深市
920110,雷特科技,SZSE,深市
920111,聚星科技,SZSE,深市
920112,巴兰仕,SZSE,深市
920116,星图测控,SZSE,深市
920118,太湖远大,SZSE,深市
920119,美德乐,SZSE,深市
920121,江天科技,SZSE,深市
920122,中纺标,SZSE,深市
920123,芭薇股份,SZSE,深市
920124,南特科技,SZSE,深市
920125,鸿仕达,SZSE,深市
920128,胜业电气,SZSE,深市
920130,立方控股,SZSE,深市
920132,泰鹏智能,SZSE,深市
920139,华岭股份,SZSE,深市
920145,恒合股份,SZSE,深市
920146,华阳变速,SZSE,深市
920149,旭杰科技,SZSE,深市
920152,昆工科技,SZSE,深市
920156,海昌智能,SZSE,深市
920158,长江能科,SZSE,深市
920159,农大科技,SZSE,深市
920160,北矿检测,SZSE,深市
920163,方大新材,SZSE,深市
920166,海圣医疗,SZSE,深市
920167,同享科技,SZSE,深市
920168,通宝光电,SZSE,深市
920169,七丰精工,SZSE,深市
920171,志晟信息,SZSE,深市
920174,五新隧装,SZSE,深市
920175,东方碳素,SZSE,深市
920177,恒道科技,SZSE,深市
920179,凯德石英,SZSE,深市
920180,爱得科技,SZSE,深市
920181,赛英电子,SZSE,深市
920183,海菲曼,SZSE,深市
920184,国源科技,SZSE,深市
920185,贝特瑞,SZSE,深市
920186,中科仪,SZSE,深市
920187,通领科技,SZSE,深市
920188,悦龙科技,SZSE,深市
920190,雷神科技,SZSE,深市
920191,瑞尔竞达,SZSE,深市
920195,三祥科技,SZSE,深市
920198,微创光电,SZSE,深市
920199,倍益康,SZSE,深市
920200,振宏股份,SZSE,深市
920204,沪江材料,SZSE,深市
920207,众诚科技,SZSE,深市
920208,青矩技术,SZSE,深市
920212,智新电子,SZSE,深市
920221,易实精密,SZSE,深市
920223,荣亿精密,SZSE,深市
920225,利通科技,SZSE,深市
920227,美登科技,SZSE,深市
920230,欧康医药,SZSE,深市
920237,力佳科技,SZSE,深市
920239,长虹能源,SZSE,深市
920242,建邦科技,SZSE,深市
920245,威博液压,SZSE,深市
920247,华密新材,SZSE,深市
920249,利尔达,SZSE,深市
920252,天宏锂电,SZSE,深市
920260,中寰股份,SZSE,深市
920261,一诺威,SZSE,深市
920262,太湖雪,SZSE,深市
920263,中航泰达,SZSE,深市
920266,生物谷,SZSE,深市
920267,鑫汇科,SZSE,深市
920270,天铭科技,SZSE,深市
920271,邦德股份,SZSE,深市
920273,一致魔芋,SZSE,深市
920274,宏裕包材,SZSE,深市
920275,驱动力,SZSE,深市
920278,鹿得医疗,SZSE,深市
920284,灵鸽科技,SZSE,深市
920299,灿能电力,SZSE,深市
920300,辰光医疗,SZSE,深市
920304,迪尔化工,SZSE,深市
920305,*ST云创,SZSE,深市
920339,恒太照明,SZSE,深市
920344,三元基因,SZSE,深市
920346,威贸电子,SZSE,深市
920351,华光源海,SZSE,深市
920357,雅葆轩,SZSE,深市
920363,莱赛激光,SZSE,深市
920367,新赣江,SZSE,深市
920368,连城数控,SZSE,深市
920370,新安洁,SZSE,深市
920371,欧福蛋业,SZSE,深市
920374,云里物里,SZSE,深市
920375,派诺科技,SZSE,深市
920378,泰德股份,SZSE,深市
920392,佳合科技,SZSE,深市
920394,民士达,SZSE,深市
920395,朗鸿科技,SZSE,深市
920396,常辅股份,SZSE,深市
920402,硅烷科技,SZSE,深市
920403,康农种业,SZSE,深市
920405,海希通讯,SZSE,深市
920407,驰诚股份,SZSE,深市
920414,欧普泰,SZSE,深市
920415,恒拓开源,SZSE,深市
920418,苏轴股份,SZSE,深市
920419,路斯股份,SZSE,深市
920422,润普食品,SZSE,深市
920425,乐创技术,SZSE,深市
920427,华维设计,SZSE,深市
920429,康比特,SZSE,深市
920433,大唐药业,SZSE,深市
920436,大地电气,SZSE,深市
920438,戈碧迦,SZSE,深市
920445,龙竹科技,SZSE,深市
920454,同心传动,SZSE,深市
920455,汇隆活塞,SZSE,深市
920469,富恒新材,SZSE,深市
920471,美邦科技,SZSE,深市
920475,三友科技,SZSE,深市
920476,海能技术,SZSE,深市
920478,峆一药业,SZSE,深市
920489,佳先股份,SZSE,深市
920491,奥迪威,SZSE,深市
920493,并行科技,SZSE,深市
920496,许昌智能,SZSE,深市
920504,博迅生物,SZSE,深市
920505,九菱科技,SZSE,深市
920508,殷图网联,SZSE,深市
920509,同惠电子,SZSE,深市
920510,丰光精密,SZSE,深市
920519,万德股份,SZSE,深市
920522,纳科诺尔,SZSE,深市
920523,德瑞锂电,SZSE,深市
920526,凯华材料,SZSE,深市
920527,夜光明,SZSE,深市
920533,骏创科技,SZSE,深市
920541,铁大科技,SZSE,深市
920547,无锡晶海,SZSE,深市
920553,凯腾精工,SZSE,深市
920556,雅达股份,SZSE,深市
920564,天润科技,SZSE,深市
920566,梓橦宫,SZSE,深市
920570,坤博精工,SZSE,深市
920571,国航远洋,SZSE,深市
920575,*ST康乐,SZSE,深市
920576,天力复合,SZSE,深市
920578,巨能股份,SZSE,深市
920579,机科股份,SZSE,深市
920580,科创新材,SZSE,深市
920592,华信永道,SZSE,深市
920593,鼎智科技,SZSE,深市
920599,同力股份,SZSE,深市
920608,丰安股份,SZSE,深市
920627,力王股份,SZSE,深市
920634,新威凌,SZSE,深市
920639,晨光电缆,SZSE,深市
920640,富士达,SZSE,深市
920641,格利尔,SZSE,深市
920642,通易航天,SZSE,深市
920651,天罡股份,SZSE,深市
920656,海昇药业,SZSE,深市
920662,方盛股份,SZSE,深市
920663,明阳科技,SZSE,深市
920665,科强股份,SZSE,深市
920670,数字人,SZSE,深市
920675,秉扬科技,SZSE,深市
920679,前进科技,SZSE,深市
920682,球冠电缆,SZSE,深市
920685,新芝生物,SZSE,深市
920689,克莱特,SZSE,深市
920690,捷众科技,SZSE,深市
920693,阿为特,SZSE,深市
920694,中裕科技,SZSE,深市
920699,海达尔,SZSE,深市
920701,豪声电子,SZSE,深市
920703,广厦环能,SZSE,深市
920706,铁拓机械,SZSE,深市
920717,瑞星股份,SZSE,深市
920718,合肥高科,SZSE,深市
920719,宁新新材,SZSE,深市
920720,吉冈精密,SZSE,深市
920725,惠丰钻石,SZSE,深市
920726,朱老六,SZSE,深市
920729,永顺生物,SZSE,深市
920735,德源药业,SZSE,深市
920748,路桥信息,SZSE,深市
920751,惠同新材,SZSE,深市
920753,天纺标,SZSE,深市
920765,美之高,SZSE,深市
920768,拾比佰,SZSE,深市
920770,艾能聚,SZSE,深市
920779,武汉蓝电,SZSE,深市
920781,瑞奇智造,SZSE,深市
920786,骑士乳业,SZSE,深市
920790,联迪信息,SZSE,深市
920792,东和新材,SZSE,深市
920799,艾融软件,SZSE,深市
920802,保丽洁,SZSE,深市
920806,云星宇,SZSE,深市
920807,奔朗新材,SZSE,深市
920808,曙光数创,SZSE,深市
920809,安达科技,SZSE,深市
920810,春光智能,SZSE,深市
920819,颖泰生物,SZSE,深市
920821,则成电子,SZSE,深市
920826,盖世食品,SZSE,深市
920832,齐鲁华信,SZSE,深市
920833,美心翼申,SZSE,深市
920834,三维装备,SZSE,深市
920837,华原股份,SZSE,深市
920839,万通液压,SZSE,深市
920855,浙江大农,SZSE,深市
920856,浩淼科技,SZSE,深市
920857,泓禧科技,SZSE,深市
920866,绿亨科技,SZSE,深市
920870,恒进感应,SZSE,深市
920871,派特尔,SZSE,深市
920873,中设咨询,SZSE,深市
920876,慧为智能,SZSE,深市
920879,基康技术,SZSE,深市
920885,星辰科技,SZSE,深市
920892,广咨国际,SZSE,深市
920895,花溪科技,SZSE,深市
920896,旺成科技,SZSE,深市
920906,舜宇精工,SZSE,深市
920914,远航精密,SZSE,深市
920924,广脉科技,SZSE,深市
920925,锦好医疗,SZSE,深市
920926,鸿智科技,SZSE,深市
920931,无锡鼎邦,SZSE,深市
920932,科达自控,SZSE,深市
920942,恒立钻具,SZSE,深市
920943,优机股份,SZSE,深市
920946,森萱医药,SZSE,深市
920950,迅安科技,SZSE,深市
920953,国子软件,SZSE,深市
920957,汉维科技,SZSE,深市
920961,创远信科,SZSE,深市
920964,润农节水,SZSE,深市
920970,大禹生物,SZSE,深市
920971,天马新材,SZSE,深市
920974,凯大催化,SZSE,深市
920976,视声智能,SZSE,深市
920978,开特股份,SZSE,深市
920981,晶赛科技,SZSE,深市
920982,锦波生物,SZSE,深市
920985,海泰新能,SZSE,深市
920992,中科美菱,SZSE,深市
