2026-05-29 16:03:26,801 [INFO] [1/1056] 跳过(已存在): 000001_平安银行_2019.pdf
2026-05-29 16:03:26,802 [INFO] [2/1056] 跳过(已存在): 000001_平安银行_2020.pdf
2026-05-29 16:03:26,802 [INFO] [3/1056] 处理: 000001_平安银行_2021.pdf
2026-05-29 16:03:29,618 [INFO] 文本已保存: C:\Users\13765\OneDrive\Desktop\研究生\数据要素\data\extracted\000001_平安银行_2021.md (70953字符)
2026-05-29 16:03:32,262 [INFO] 表格已保存: C:\Users\13765\OneDrive\Desktop\研究生\数据要素\data\extracted\000001_平安银行_2021_tables.json (16个表格)
2026-05-29 16:03:32,262 [INFO] [4/1056] 处理: 000001_平安银行_2022.pdf
2026-05-29 16:03:35,119 [INFO] 文本已保存: C:\Users\13765\OneDrive\Desktop\研究生\数据要素\data\extracted\000001_平安银行_2022.md (79477字符)
2026-05-29 16:03:37,853 [INFO] 表格已保存: C:\Users\13765\OneDrive\Desktop\研究生\数据要素\data\extracted\000001_平安银行_2022_tables.json (52个表格)
2026-05-29 16:03:37,853 [INFO] [5/1056] 处理: 000001_平安银行_2023.pdf
2026-05-29 16:03:42,024 [INFO] 文本已保存: C:\Users\13765\OneDrive\Desktop\研究生\数据要素\data\extracted\000001_平安银行_2023.md (91283字符)
2026-05-29 16:03:46,282 [INFO] 表格已保存: C:\Users\13765\OneDrive\Desktop\研究生\数据要素\data\extracted\000001_平安银行_2023_tables.json (67个表格)
2026-05-29 16:03:46,282 [INFO] [6/1056] 处理: 000001_平安银行_2024.pdf
2026-05-29 16:03:51,335 [INFO] 文本已保存: C:\Users\13765\OneDrive\Desktop\研究生\数据要素\data\extracted\000001_平安银行_2024.md (104531字符)
2026-05-29 16:03:55,987 [INFO] 表格已保存: C:\Users\13765\OneDrive\Desktop\研究生\数据要素\data\extracted\000001_平安银行_2024_tables.json (86个表格)
2026-05-29 16:03:55,987 [INFO] [7/1056] 处理: 000001_平安银行_2025.pdf
2026-05-29 16:04:00,681 [INFO] 文本已保存: C:\Users\13765\OneDrive\Desktop\研究生\数据要素\data\extracted\000001_平安银行_2025.md (94242字符)
2026-05-29 16:04:05,173 [INFO] 表格已保存: C:\Users\13765\OneDrive\Desktop\研究生\数据要素\data\extracted\000001_平安银行_2025_tables.json (52个表格)
2026-05-29 16:04:05,173 [INFO] [8/1056] 跳过(已存在): 000001_平安银行_2026.pdf
2026-05-29 16:04:05,173 [INFO] [9/1056] 处理: 000002_万科A_2019.pdf
2026-05-29 16:04:10,906 [INFO] 文本已保存: C:\Users\13765\OneDrive\Desktop\研究生\数据要素\data\extracted\000002_万科A_2019.md (72809字符)
2026-05-29 16:04:16,578 [INFO] 表格已保存: C:\Users\13765\OneDrive\Desktop\研究生\数据要素\data\extracted\000002_万科A_2019_tables.json (26个表格)
2026-05-29 16:04:16,579 [INFO] [10/1056] 处理: 000002_万科A_2020.pdf
2026-05-29 16:04:21,924 [INFO] 文本已保存: C:\Users\13765\OneDrive\Desktop\研究生\数据要素\data\extracted\000002_万科A_2020.md (87611字符)
2026-05-29 16:04:27,007 [INFO] 表格已保存: C:\Users\13765\OneDrive\Desktop\研究生\数据要素\data\extracted\000002_万科A_2020_tables.json (37个表格)
2026-05-29 16:04:27,007 [INFO] [11/1056] 处理: 000002_万科A_2021.pdf
2026-05-29 16:04:30,857 [INFO] 文本已保存: C:\Users\13765\OneDrive\Desktop\研究生\数据要素\data\extracted\000002_万科A_2021.md (88152字符)
2026-05-29 16:04:34,571 [INFO] 表格已保存: C:\Users\13765\OneDrive\Desktop\研究生\数据要素\data\extracted\000002_万科A_2021_tables.json (31个表格)
2026-05-29 16:04:34,572 [INFO] [12/1056] 处理: 000002_万科A_2022.pdf
2026-05-29 16:04:46,963 [INFO] 文本已保存: C:\Users\13765\OneDrive\Desktop\研究生\数据要素\data\extracted\000002_万科A_2022.md (92395字符)
2026-05-29 16:04:58,988 [INFO] 表格已保存: C:\Users\13765\OneDrive\Desktop\研究生\数据要素\data\extracted\000002_万科A_2022_tables.json (43个表格)
2026-05-29 16:04:58,988 [INFO] [13/1056] 处理: 000002_万科A_2023.pdf
2026-05-29 16:05:03,870 [INFO] 文本已保存: C:\Users\13765\OneDrive\Desktop\研究生\数据要素\data\extracted\000002_万科A_2023.md (108396字符)
2026-05-29 16:05:08,407 [INFO] 表格已保存: C:\Users\13765\OneDrive\Desktop\研究生\数据要素\data\extracted\000002_万科A_2023_tables.json (67个表格)
2026-05-29 16:05:08,407 [INFO] [14/1056] 处理: 000002_万科A_2024.pdf
2026-05-29 16:05:16,271 [INFO] 文本已保存: C:\Users\13765\OneDrive\Desktop\研究生\数据要素\data\extracted\000002_万科A_2024.md (154282字符)
2026-05-29 16:05:23,891 [INFO] 表格已保存: C:\Users\13765\OneDrive\Desktop\研究生\数据要素\data\extracted\000002_万科A_2024_tables.json (60个表格)
2026-05-29 16:05:23,891 [INFO] [15/1056] 处理: 000002_万科A_2025.pdf
2026-05-29 16:05:35,221 [INFO] 文本已保存: C:\Users\13765\OneDrive\Desktop\研究生\数据要素\data\extracted\000002_万科A_2025.md (205948字符)
2026-05-29 16:05:46,436 [INFO] 表格已保存: C:\Users\13765\OneDrive\Desktop\研究生\数据要素\data\extracted\000002_万科A_2025_tables.json (64个表格)
2026-05-29 16:05:46,437 [INFO] [16/1056] 跳过(已存在): 000002_万科A_2026.pdf
2026-05-29 16:05:46,437 [INFO] [17/1056] 处理: 000009_中国宝安_2019.pdf
2026-05-29 16:06:19,184 [INFO] 文本已保存: C:\Users\13765\OneDrive\Desktop\研究生\数据要素\data\extracted\000009_中国宝安_2019.md (435字符)
2026-05-29 16:06:52,943 [INFO] 表格已保存: C:\Users\13765\OneDrive\Desktop\研究生\数据要素\data\extracted\000009_中国宝安_2019_tables.json (0个表格)
2026-05-29 16:06:52,943 [INFO] [18/1056] 处理: 000009_中国宝安_2020.pdf
2026-05-29 16:07:20,095 [INFO] 文本已保存: C:\Users\13765\OneDrive\Desktop\研究生\数据要素\data\extracted\000009_中国宝安_2020.md (461字符)
2026-05-29 16:07:47,237 [INFO] 表格已保存: C:\Users\13765\OneDrive\Desktop\研究生\数据要素\data\extracted\000009_中国宝安_2020_tables.json (0个表格)
2026-05-29 16:07:47,237 [INFO] [19/1056] 处理: 000009_中国宝安_2021.pdf
2026-05-29 16:08:11,756 [INFO] 文本已保存: C:\Users\13765\OneDrive\Desktop\研究生\数据要素\data\extracted\000009_中国宝安_2021.md (399字符)
2026-05-29 16:08:36,354 [INFO] 表格已保存: C:\Users\13765\OneDrive\Desktop\研究生\数据要素\data\extracted\000009_中国宝安_2021_tables.json (0个表格)
2026-05-29 16:08:36,354 [INFO] [20/1056] 处理: 000009_中国宝安_2022.pdf
2026-05-29 16:08:58,991 [INFO] 文本已保存: C:\Users\13765\OneDrive\Desktop\研究生\数据要素\data\extracted\000009_中国宝安_2022.md (339字符)
2026-05-29 16:09:21,662 [INFO] 表格已保存: C:\Users\13765\OneDrive\Desktop\研究生\数据要素\data\extracted\000009_中国宝安_2022_tables.json (0个表格)
2026-05-29 16:09:21,662 [INFO] [21/1056] 处理: 000009_中国宝安_2023.pdf
2026-05-29 16:09:43,975 [INFO] 文本已保存: C:\Users\13765\OneDrive\Desktop\研究生\数据要素\data\extracted\000009_中国宝安_2023.md (505字符)
2026-05-29 16:10:06,343 [INFO] 表格已保存: C:\Users\13765\OneDrive\Desktop\研究生\数据要素\data\extracted\000009_中国宝安_2023_tables.json (0个表格)
2026-05-29 16:10:06,343 [INFO] [22/1056] 处理: 000009_中国宝安_2024.pdf
2026-05-29 16:10:31,517 [INFO] 文本已保存: C:\Users\13765\OneDrive\Desktop\研究生\数据要素\data\extracted\000009_中国宝安_2024.md (658字符)
2026-05-29 16:10:57,155 [INFO] 表格已保存: C:\Users\13765\OneDrive\Desktop\研究生\数据要素\data\extracted\000009_中国宝安_2024_tables.json (0个表格)
2026-05-29 16:10:57,155 [INFO] [23/1056] 处理: 000009_中国宝安_2025.pdf
2026-05-29 16:11:25,834 [INFO] 文本已保存: C:\Users\13765\OneDrive\Desktop\研究生\数据要素\data\extracted\000009_中国宝安_2025.md (975字符)
2026-05-29 16:11:53,552 [INFO] 表格已保存: C:\Users\13765\OneDrive\Desktop\研究生\数据要素\data\extracted\000009_中国宝安_2025_tables.json (1个表格)
2026-05-29 16:11:53,552 [INFO] [24/1056] 处理: 000009_中国宝安_2026.pdf
2026-05-29 16:12:14,265 [INFO] 文本已保存: C:\Users\13765\OneDrive\Desktop\研究生\数据要素\data\extracted\000009_中国宝安_2026.md (493字符)
2026-05-29 16:12:34,579 [INFO] 表格已保存: C:\Users\13765\OneDrive\Desktop\研究生\数据要素\data\extracted\000009_中国宝安_2026_tables.json (0个表格)
2026-05-29 16:12:34,579 [INFO] [25/1056] 处理: 000012_南  玻Ａ_2026.pdf
2026-05-29 16:12:40,459 [INFO] 文本已保存: C:\Users\13765\OneDrive\Desktop\研究生\数据要素\data\extracted\000012_南  玻Ａ_2026.md (17897字符)
2026-05-29 16:12:45,837 [INFO] 表格已保存: C:\Users\13765\OneDrive\Desktop\研究生\数据要素\data\extracted\000012_南  玻Ａ_2026_tables.json (19个表格)
2026-05-29 16:12:45,837 [INFO] [26/1056] 处理: 000012_南玻A_2019.pdf
2026-05-29 16:12:46,643 [INFO] 文本已保存: C:\Users\13765\OneDrive\Desktop\研究生\数据要素\data\extracted\000012_南玻A_2019.md (19179字符)
2026-05-29 16:12:47,246 [INFO] 表格已保存: C:\Users\13765\OneDrive\Desktop\研究生\数据要素\data\extracted\000012_南玻A_2019_tables.json (1个表格)
2026-05-29 16:12:47,246 [INFO] [27/1056] 处理: 000012_南玻A_2020.pdf
2026-05-29 16:12:47,863 [INFO] 文本已保存: C:\Users\13765\OneDrive\Desktop\研究生\数据要素\data\extracted\000012_南玻A_2020.md (17597字符)
2026-05-29 16:12:48,391 [INFO] 表格已保存: C:\Users\13765\OneDrive\Desktop\研究生\数据要素\data\extracted\000012_南玻A_2020_tables.json (2个表格)
2026-05-29 16:12:48,391 [INFO] [28/1056] 处理: 000012_南玻A_2021.pdf
2026-05-29 16:12:49,068 [INFO] 文本已保存: C:\Users\13765\OneDrive\Desktop\研究生\数据要素\data\extracted\000012_南玻A_2021.md (20563字符)
2026-05-29 16:12:49,682 [INFO] 表格已保存: C:\Users\13765\OneDrive\Desktop\研究生\数据要素\data\extracted\000012_南玻A_2021_tables.json (1个表格)
2026-05-29 16:12:49,682 [INFO] [29/1056] 处理: 000012_南玻A_2022.pdf
2026-05-29 16:12:50,321 [INFO] 文本已保存: C:\Users\13765\OneDrive\Desktop\研究生\数据要素\data\extracted\000012_南玻A_2022.md (19988字符)
2026-05-29 16:12:51,006 [INFO] 表格已保存: C:\Users\13765\OneDrive\Desktop\研究生\数据要素\data\extracted\000012_南玻A_2022_tables.json (4个表格)
2026-05-29 16:12:51,006 [INFO] [30/1056] 处理: 000012_南玻A_2023.pdf
2026-05-29 16:12:52,222 [INFO] 文本已保存: C:\Users\13765\OneDrive\Desktop\研究生\数据要素\data\extracted\000012_南玻A_2023.md (23047字符)
2026-05-29 16:12:53,391 [INFO] 表格已保存: C:\Users\13765\OneDrive\Desktop\研究生\数据要素\data\extracted\000012_南玻A_2023_tables.json (7个表格)
2026-05-29 16:12:53,391 [INFO] [31/1056] 处理: 000012_南玻A_2024.pdf
2026-05-29 16:12:54,388 [INFO] 文本已保存: C:\Users\13765\OneDrive\Desktop\研究生\数据要素\data\extracted\000012_南玻A_2024.md (18776字符)
2026-05-29 16:12:55,360 [INFO] 表格已保存: C:\Users\13765\OneDrive\Desktop\研究生\数据要素\data\extracted\000012_南玻A_2024_tables.json (4个表格)
2026-05-29 16:12:55,360 [INFO] [32/1056] 处理: 000012_南玻A_2025.pdf
2026-05-29 16:12:57,711 [INFO] 文本已保存: C:\Users\13765\OneDrive\Desktop\研究生\数据要素\data\extracted\000012_南玻A_2025.md (16628字符)
2026-05-29 16:12:59,988 [INFO] 表格已保存: C:\Users\13765\OneDrive\Desktop\研究生\数据要素\data\extracted\000012_南玻A_2025_tables.json (2个表格)
2026-05-29 16:12:59,988 [INFO] [33/1056] 处理: 000016_ST康佳A_2019.pdf
2026-05-29 16:13:10,973 [INFO] 文本已保存: C:\Users\13765\OneDrive\Desktop\研究生\数据要素\data\extracted\000016_ST康佳A_2019.md (24255字符)
2026-05-29 16:13:22,332 [INFO] 表格已保存: C:\Users\13765\OneDrive\Desktop\研究生\数据要素\data\extracted\000016_ST康佳A_2019_tables.json (8个表格)
2026-05-29 16:13:22,332 [INFO] [34/1056] 处理: 000016_ST康佳A_2020.pdf
2026-05-29 16:13:38,888 [INFO] 文本已保存: C:\Users\13765\OneDrive\Desktop\研究生\数据要素\data\extracted\000016_ST康佳A_2020.md (33317字符)
2026-05-29 16:13:55,421 [INFO] 表格已保存: C:\Users\13765\OneDrive\Desktop\研究生\数据要素\data\extracted\000016_ST康佳A_2020_tables.json (12个表格)
2026-05-29 16:13:55,422 [INFO] [35/1056] 处理: 000016_ST康佳A_2021.pdf
2026-05-29 16:13:57,520 [INFO] 文本已保存: C:\Users\13765\OneDrive\Desktop\研究生\数据要素\data\extracted\000016_ST康佳A_2021.md (38990字符)
2026-05-29 16:13:59,097 [INFO] 表格已保存: C:\Users\13765\OneDrive\Desktop\研究生\数据要素\data\extracted\000016_ST康佳A_2021_tables.json (16个表格)
2026-05-29 16:13:59,097 [INFO] [36/1056] 处理: 000016_ST康佳A_2022.pdf
2026-05-29 16:14:02,078 [INFO] 文本已保存: C:\Users\13765\OneDrive\Desktop\研究生\数据要素\data\extracted\000016_ST康佳A_2022.md (69976字符)
2026-05-29 16:14:04,904 [INFO] 表格已保存: C:\Users\13765\OneDrive\Desktop\研究生\数据要素\data\extracted\000016_ST康佳A_2022_tables.json (85个表格)
2026-05-29 16:14:04,904 [INFO] [37/1056] 处理: 000016_ST康佳A_2023.pdf
2026-05-29 16:14:07,990 [INFO] 文本已保存: C:\Users\13765\OneDrive\Desktop\研究生\数据要素\data\extracted\000016_ST康佳A_2023.md (69976字符)
2026-05-29 16:14:10,872 [INFO] 表格已保存: C:\Users\13765\OneDrive\Desktop\研究生\数据要素\data\extracted\000016_ST康佳A_2023_tables.json (85个表格)
2026-05-29 16:14:10,873 [INFO] [38/1056] 处理: 000016_ST康佳A_2024.pdf
2026-05-29 16:14:13,049 [INFO] 文本已保存: C:\Users\13765\OneDrive\Desktop\研究生\数据要素\data\extracted\000016_ST康佳A_2024.md (45689字符)
2026-05-29 16:14:15,047 [INFO] 表格已保存: C:\Users\13765\OneDrive\Desktop\研究生\数据要素\data\extracted\000016_ST康佳A_2024_tables.json (17个表格)
2026-05-29 16:14:15,047 [INFO] [39/1056] 处理: 000016_ST康佳A_2025.pdf
2026-05-29 16:14:34,011 [INFO] 文本已保存: C:\Users\13765\OneDrive\Desktop\研究生\数据要素\data\extracted\000016_ST康佳A_2025.md (69049字符)
2026-05-29 16:14:53,329 [INFO] 表格已保存: C:\Users\13765\OneDrive\Desktop\研究生\数据要素\data\extracted\000016_ST康佳A_2025_tables.json (37个表格)
2026-05-29 16:14:53,330 [INFO] [40/1056] 处理: 000016_ST康佳A_2026.pdf
2026-05-29 16:14:58,876 [INFO] 文本已保存: C:\Users\13765\OneDrive\Desktop\研究生\数据要素\data\extracted\000016_ST康佳A_2026.md (53244字符)
2026-05-29 16:15:04,153 [INFO] 表格已保存: C:\Users\13765\OneDrive\Desktop\研究生\数据要素\data\extracted\000016_ST康佳A_2026_tables.json (30个表格)
2026-05-29 16:15:04,154 [INFO] [41/1056] 处理: 000021_深科技_2019.pdf
2026-05-29 16:15:05,187 [INFO] 文本已保存: C:\Users\13765\OneDrive\Desktop\研究生\数据要素\data\extracted\000021_深科技_2019.md (24537字符)
2026-05-29 16:15:06,057 [INFO] 表格已保存: C:\Users\13765\OneDrive\Desktop\研究生\数据要素\data\extracted\000021_深科技_2019_tables.json (4个表格)
2026-05-29 16:15:06,057 [INFO] [42/1056] 处理: 000021_深科技_2020.pdf
2026-05-29 16:15:07,034 [INFO] 文本已保存: C:\Users\13765\OneDrive\Desktop\研究生\数据要素\data\extracted\000021_深科技_2020.md (25486字符)
2026-05-29 16:15:07,876 [INFO] 表格已保存: C:\Users\13765\OneDrive\Desktop\研究生\数据要素\data\extracted\000021_深科技_2020_tables.json (4个表格)
2026-05-29 16:15:07,876 [INFO] [43/1056] 处理: 000021_深科技_2021.pdf
2026-05-29 16:15:08,677 [INFO] 文本已保存: C:\Users\13765\OneDrive\Desktop\研究生\数据要素\data\extracted\000021_深科技_2021.md (21657字符)
2026-05-29 16:15:09,421 [INFO] 表格已保存: C:\Users\13765\OneDrive\Desktop\研究生\数据要素\data\extracted\000021_深科技_2021_tables.json (4个表格)
2026-05-29 16:15:09,421 [INFO] [44/1056] 处理: 000021_深科技_2022.pdf
2026-05-29 16:15:10,283 [INFO] 文本已保存: C:\Users\13765\OneDrive\Desktop\研究生\数据要素\data\extracted\000021_深科技_2022.md (23120字符)
2026-05-29 16:15:11,042 [INFO] 表格已保存: C:\Users\13765\OneDrive\Desktop\研究生\数据要素\data\extracted\000021_深科技_2022_tables.json (5个表格)
2026-05-29 16:15:11,042 [INFO] [45/1056] 处理: 000021_深科技_2023.pdf
2026-05-29 16:15:12,506 [INFO] 文本已保存: C:\Users\13765\OneDrive\Desktop\研究生\数据要素\data\extracted\000021_深科技_2023.md (28476字符)
2026-05-29 16:15:13,894 [INFO] 表格已保存: C:\Users\13765\OneDrive\Desktop\研究生\数据要素\data\extracted\000021_深科技_2023_tables.json (12个表格)
2026-05-29 16:15:13,894 [INFO] [46/1056] 处理: 000021_深科技_2024.pdf
2026-05-29 16:15:23,593 [INFO] 文本已保存: C:\Users\13765\OneDrive\Desktop\研究生\数据要素\data\extracted\000021_深科技_2024.md (226692字符)
2026-05-29 16:15:33,132 [INFO] 表格已保存: C:\Users\13765\OneDrive\Desktop\研究生\数据要素\data\extracted\000021_深科技_2024_tables.json (204个表格)
2026-05-29 16:15:33,132 [INFO] [47/1056] 处理: 000021_深科技_2025.pdf
2026-05-29 16:15:44,375 [INFO] 文本已保存: C:\Users\13765\OneDrive\Desktop\研究生\数据要素\data\extracted\000021_深科技_2025.md (238989字符)
2026-05-29 16:15:55,444 [INFO] 表格已保存: C:\Users\13765\OneDrive\Desktop\研究生\数据要素\data\extracted\000021_深科技_2025_tables.json (186个表格)
2026-05-29 16:15:55,444 [INFO] [48/1056] 处理: 000021_深科技_2026.pdf
2026-05-29 16:16:13,435 [INFO] 文本已保存: C:\Users\13765\OneDrive\Desktop\研究生\数据要素\data\extracted\000021_深科技_2026.md (196725字符)
2026-05-29 16:16:31,143 [INFO] 表格已保存: C:\Users\13765\OneDrive\Desktop\研究生\数据要素\data\extracted\000021_深科技_2026_tables.json (92个表格)
2026-05-29 16:16:31,143 [INFO] [49/1056] 处理: 000026_飞亚达_2019.pdf
2026-05-29 16:16:31,506 [INFO] 文本已保存: C:\Users\13765\OneDrive\Desktop\研究生\数据要素\data\extracted\000026_飞亚达_2019.md (9014字符)
2026-05-29 16:16:32,269 [INFO] 表格已保存: C:\Users\13765\OneDrive\Desktop\研究生\数据要素\data\extracted\000026_飞亚达_2019_tables.json (3个表格)
2026-05-29 16:16:32,269 [INFO] [50/1056] 处理: 000026_飞亚达_2020.pdf
2026-05-29 16:16:32,611 [INFO] 文本已保存: C:\Users\13765\OneDrive\Desktop\研究生\数据要素\data\extracted\000026_飞亚达_2020.md (8898字符)
2026-05-29 16:16:32,937 [INFO] 表格已保存: C:\Users\13765\OneDrive\Desktop\研究生\数据要素\data\extracted\000026_飞亚达_2020_tables.json (3个表格)
2026-05-29 16:16:32,937 [INFO] [51/1056] 处理: 000026_飞亚达_2021.pdf
2026-05-29 16:16:33,387 [INFO] 文本已保存: C:\Users\13765\OneDrive\Desktop\研究生\数据要素\data\extracted\000026_飞亚达_2021.md (10285字符)
2026-05-29 16:16:33,756 [INFO] 表格已保存: C:\Users\13765\OneDrive\Desktop\研究生\数据要素\data\extracted\000026_飞亚达_2021_tables.json (4个表格)
2026-05-29 16:16:33,756 [INFO] [52/1056] 处理: 000026_飞亚达_2022.pdf
2026-05-29 16:16:34,075 [INFO] 文本已保存: C:\Users\13765\OneDrive\Desktop\研究生\数据要素\data\extracted\000026_飞亚达_2022.md (8810字符)
2026-05-29 16:16:34,459 [INFO] 表格已保存: C:\Users\13765\OneDrive\Desktop\研究生\数据要素\data\extracted\000026_飞亚达_2022_tables.json (2个表格)
2026-05-29 16:16:34,460 [INFO] [53/1056] 处理: 000026_飞亚达_2023.pdf
2026-05-29 16:16:34,781 [INFO] 文本已保存: C:\Users\13765\OneDrive\Desktop\研究生\数据要素\data\extracted\000026_飞亚达_2023.md (7061字符)
2026-05-29 16:16:35,106 [INFO] 表格已保存: C:\Users\13765\OneDrive\Desktop\研究生\数据要素\data\extracted\000026_飞亚达_2023_tables.json (2个表格)
2026-05-29 16:16:35,106 [INFO] [54/1056] 处理: 000026_飞亚达_2024.pdf
2026-05-29 16:16:38,339 [INFO] 文本已保存: C:\Users\13765\OneDrive\Desktop\研究生\数据要素\data\extracted\000026_飞亚达_2024.md (47643字符)
2026-05-29 16:16:41,280 [INFO] 表格已保存: C:\Users\13765\OneDrive\Desktop\研究生\数据要素\data\extracted\000026_飞亚达_2024_tables.json (20个表格)
2026-05-29 16:16:41,281 [INFO] [55/1056] 处理: 000026_飞亚达_2025.pdf
2026-05-29 16:16:50,550 [INFO] 文本已保存: C:\Users\13765\OneDrive\Desktop\研究生\数据要素\data\extracted\000026_飞亚达_2025.md (109006字符)
2026-05-29 16:16:59,623 [INFO] 表格已保存: C:\Users\13765\OneDrive\Desktop\研究生\数据要素\data\extracted\000026_飞亚达_2025_tables.json (54个表格)
2026-05-29 16:16:59,623 [INFO] [56/1056] 处理: 000026_飞亚达_2026.pdf
2026-05-29 16:17:04,648 [INFO] 文本已保存: C:\Users\13765\OneDrive\Desktop\研究生\数据要素\data\extracted\000026_飞亚达_2026.md (75354字符)
2026-05-29 16:17:09,212 [INFO] 表格已保存: C:\Users\13765\OneDrive\Desktop\研究生\数据要素\data\extracted\000026_飞亚达_2026_tables.json (37个表格)
2026-05-29 16:17:09,212 [INFO] [57/1056] 处理: 000027_深圳能源_2019.pdf
2026-05-29 16:17:09,883 [INFO] 文本已保存: C:\Users\13765\OneDrive\Desktop\研究生\数据要素\data\extracted\000027_深圳能源_2019.md (13323字符)
2026-05-29 16:17:10,368 [INFO] 表格已保存: C:\Users\13765\OneDrive\Desktop\研究生\数据要素\data\extracted\000027_深圳能源_2019_tables.json (0个表格)
2026-05-29 16:17:10,368 [INFO] [58/1056] 处理: 000027_深圳能源_2020.pdf
2026-05-29 16:17:11,862 [INFO] 文本已保存: C:\Users\13765\OneDrive\Desktop\研究生\数据要素\data\extracted\000027_深圳能源_2020.md (38210字符)
2026-05-29 16:17:13,298 [INFO] 表格已保存: C:\Users\13765\OneDrive\Desktop\研究生\数据要素\data\extracted\000027_深圳能源_2020_tables.json (16个表格)
2026-05-29 16:17:13,298 [INFO] [59/1056] 处理: 000027_深圳能源_2021.pdf
2026-05-29 16:17:14,617 [INFO] 文本已保存: C:\Users\13765\OneDrive\Desktop\研究生\数据要素\data\extracted\000027_深圳能源_2021.md (33738字符)
2026-05-29 16:17:15,846 [INFO] 表格已保存: C:\Users\13765\OneDrive\Desktop\研究生\数据要素\data\extracted\000027_深圳能源_2021_tables.json (37个表格)
2026-05-29 16:17:15,846 [INFO] [60/1056] 处理: 000027_深圳能源_2022.pdf
2026-05-29 16:17:19,605 [INFO] 文本已保存: C:\Users\13765\OneDrive\Desktop\研究生\数据要素\data\extracted\000027_深圳能源_2022.md (44296字符)
2026-05-29 16:17:23,276 [INFO] 表格已保存: C:\Users\13765\OneDrive\Desktop\研究生\数据要素\data\extracted\000027_深圳能源_2022_tables.json (19个表格)
2026-05-29 16:17:23,276 [INFO] [61/1056] 处理: 000027_深圳能源_2023.pdf
2026-05-29 16:17:25,661 [INFO] 文本已保存: C:\Users\13765\OneDrive\Desktop\研究生\数据要素\data\extracted\000027_深圳能源_2023.md (48723字符)
2026-05-29 16:17:27,976 [INFO] 表格已保存: C:\Users\13765\OneDrive\Desktop\研究生\数据要素\data\extracted\000027_深圳能源_2023_tables.json (15个表格)
2026-05-29 16:17:27,976 [INFO] [62/1056] 处理: 000027_深圳能源_2024.pdf
2026-05-29 16:17:30,405 [INFO] 文本已保存: C:\Users\13765\OneDrive\Desktop\研究生\数据要素\data\extracted\000027_深圳能源_2024.md (48100字符)
2026-05-29 16:17:32,795 [INFO] 表格已保存: C:\Users\13765\OneDrive\Desktop\研究生\数据要素\data\extracted\000027_深圳能源_2024_tables.json (12个表格)
2026-05-29 16:17:32,795 [INFO] [63/1056] 处理: 000027_深圳能源_2025.pdf
2026-05-29 16:17:35,968 [INFO] 文本已保存: C:\Users\13765\OneDrive\Desktop\研究生\数据要素\data\extracted\000027_深圳能源_2025.md (68779字符)
2026-05-29 16:17:38,973 [INFO] 表格已保存: C:\Users\13765\OneDrive\Desktop\研究生\数据要素\data\extracted\000027_深圳能源_2025_tables.json (32个表格)
2026-05-29 16:17:38,973 [INFO] [64/1056] 处理: 000027_深圳能源_2026.pdf
2026-05-29 16:17:41,929 [INFO] 文本已保存: C:\Users\13765\OneDrive\Desktop\研究生\数据要素\data\extracted\000027_深圳能源_2026.md (71240字符)
2026-05-29 16:17:44,738 [INFO] 表格已保存: C:\Users\13765\OneDrive\Desktop\研究生\数据要素\data\extracted\000027_深圳能源_2026_tables.json (37个表格)
2026-05-29 16:17:44,738 [INFO] [65/1056] 处理: 000028_国药一致_2019.pdf
2026-05-29 16:17:45,725 [INFO] 文本已保存: C:\Users\13765\OneDrive\Desktop\研究生\数据要素\data\extracted\000028_国药一致_2019.md (25624字符)
2026-05-29 16:17:46,589 [INFO] 表格已保存: C:\Users\13765\OneDrive\Desktop\研究生\数据要素\data\extracted\000028_国药一致_2019_tables.json (0个表格)
2026-05-29 16:17:46,589 [INFO] [66/1056] 处理: 000028_国药一致_2020.pdf
2026-05-29 16:17:47,974 [INFO] 文本已保存: C:\Users\13765\OneDrive\Desktop\研究生\数据要素\data\extracted\000028_国药一致_2020.md (24202字符)
2026-05-29 16:17:49,286 [INFO] 表格已保存: C:\Users\13765\OneDrive\Desktop\研究生\数据要素\data\extracted\000028_国药一致_2020_tables.json (30个表格)
2026-05-29 16:17:49,286 [INFO] [67/1056] 处理: 000028_国药一致_2021.pdf
2026-05-29 16:17:56,754 [INFO] 文本已保存: C:\Users\13765\OneDrive\Desktop\研究生\数据要素\data\extracted\000028_国药一致_2021.md (32667字符)
2026-05-29 16:18:04,382 [INFO] 表格已保存: C:\Users\13765\OneDrive\Desktop\研究生\数据要素\data\extracted\000028_国药一致_2021_tables.json (3个表格)
2026-05-29 16:18:04,382 [INFO] [68/1056] 处理: 000028_国药一致_2022.pdf
2026-05-29 16:18:06,227 [INFO] 文本已保存: C:\Users\13765\OneDrive\Desktop\研究生\数据要素\data\extracted\000028_国药一致_2022.md (31720字符)
2026-05-29 16:18:07,962 [INFO] 表格已保存: C:\Users\13765\OneDrive\Desktop\研究生\数据要素\data\extracted\000028_国药一致_2022_tables.json (13个表格)
2026-05-29 16:18:07,962 [INFO] [69/1056] 处理: 000028_国药一致_2023.pdf
2026-05-29 16:18:09,777 [INFO] 文本已保存: C:\Users\13765\OneDrive\Desktop\研究生\数据要素\data\extracted\000028_国药一致_2023.md (32596字符)
2026-05-29 16:18:11,657 [INFO] 表格已保存: C:\Users\13765\OneDrive\Desktop\研究生\数据要素\data\extracted\000028_国药一致_2023_tables.json (16个表格)
2026-05-29 16:18:11,657 [INFO] [70/1056] 处理: 000028_国药一致_2024.pdf
2026-05-29 16:18:14,028 [INFO] 文本已保存: C:\Users\13765\OneDrive\Desktop\研究生\数据要素\data\extracted\000028_国药一致_2024.md (43655字符)
2026-05-29 16:18:16,252 [INFO] 表格已保存: C:\Users\13765\OneDrive\Desktop\研究生\数据要素\data\extracted\000028_国药一致_2024_tables.json (11个表格)
2026-05-29 16:18:16,253 [INFO] [71/1056] 处理: 000028_国药一致_2025.pdf
2026-05-29 16:18:18,730 [INFO] 文本已保存: C:\Users\13765\OneDrive\Desktop\研究生\数据要素\data\extracted\000028_国药一致_2025.md (48449字符)
2026-05-29 16:18:21,127 [INFO] 表格已保存: C:\Users\13765\OneDrive\Desktop\研究生\数据要素\data\extracted\000028_国药一致_2025_tables.json (31个表格)
2026-05-29 16:18:21,127 [INFO] [72/1056] 处理: 000028_国药一致_2026.pdf
2026-05-29 16:18:34,900 [INFO] 文本已保存: C:\Users\13765\OneDrive\Desktop\研究生\数据要素\data\extracted\000028_国药一致_2026.md (72775字符)
2026-05-29 16:18:49,086 [INFO] 表格已保存: C:\Users\13765\OneDrive\Desktop\研究生\数据要素\data\extracted\000028_国药一致_2026_tables.json (23个表格)
2026-05-29 16:18:49,086 [INFO] [73/1056] 处理: 000031_大悦城_2019.pdf
2026-05-29 16:18:54,316 [INFO] 文本已保存: C:\Users\13765\OneDrive\Desktop\研究生\数据要素\data\extracted\000031_大悦城_2019.md (15098字符)
2026-05-29 16:18:58,756 [INFO] 表格已保存: C:\Users\13765\OneDrive\Desktop\研究生\数据要素\data\extracted\000031_大悦城_2019_tables.json (9个表格)
2026-05-29 16:18:58,756 [INFO] [74/1056] 处理: 000031_大悦城_2020.pdf
2026-05-29 16:19:00,582 [INFO] 文本已保存: C:\Users\13765\OneDrive\Desktop\研究生\数据要素\data\extracted\000031_大悦城_2020.md (15494字符)
2026-05-29 16:19:02,174 [INFO] 表格已保存: C:\Users\13765\OneDrive\Desktop\研究生\数据要素\data\extracted\000031_大悦城_2020_tables.json (7个表格)
2026-05-29 16:19:02,174 [INFO] [75/1056] 处理: 000031_大悦城_2021.pdf
2026-05-29 16:19:03,818 [INFO] 文本已保存: C:\Users\13765\OneDrive\Desktop\研究生\数据要素\data\extracted\000031_大悦城_2021.md (293316字符)
2026-05-29 16:19:05,344 [INFO] 表格已保存: C:\Users\13765\OneDrive\Desktop\研究生\数据要素\data\extracted\000031_大悦城_2021_tables.json (8个表格)
2026-05-29 16:19:05,344 [INFO] [76/1056] 处理: 000031_大悦城_2022.pdf
2026-05-29 16:19:06,789 [INFO] 文本已保存: C:\Users\13765\OneDrive\Desktop\研究生\数据要素\data\extracted\000031_大悦城_2022.md (26169字符)
2026-05-29 16:19:08,117 [INFO] 表格已保存: C:\Users\13765\OneDrive\Desktop\研究生\数据要素\data\extracted\000031_大悦城_2022_tables.json (2个表格)
2026-05-29 16:19:08,117 [INFO] [77/1056] 处理: 000031_大悦城_2023.pdf
2026-05-29 16:19:08,323 [INFO] 文本已保存: C:\Users\13765\OneDrive\Desktop\研究生\数据要素\data\extracted\000031_大悦城_2023.md (4384字符)
2026-05-29 16:19:08,594 [INFO] 表格已保存: C:\Users\13765\OneDrive\Desktop\研究生\数据要素\data\extracted\000031_大悦城_2023_tables.json (0个表格)
2026-05-29 16:19:08,594 [INFO] [78/1056] 处理: 000031_大悦城_2024.pdf
2026-05-29 16:19:11,347 [INFO] 文本已保存: C:\Users\13765\OneDrive\Desktop\研究生\数据要素\data\extracted\000031_大悦城_2024.md (56327字符)
2026-05-29 16:19:14,134 [INFO] 表格已保存: C:\Users\13765\OneDrive\Desktop\研究生\数据要素\data\extracted\000031_大悦城_2024_tables.json (9个表格)
2026-05-29 16:19:14,134 [INFO] [79/1056] 处理: 000031_大悦城_2025.pdf
2026-05-29 16:19:23,226 [INFO] 文本已保存: C:\Users\13765\OneDrive\Desktop\研究生\数据要素\data\extracted\000031_大悦城_2025.md (64139字符)
2026-05-29 16:19:32,555 [INFO] 表格已保存: C:\Users\13765\OneDrive\Desktop\研究生\数据要素\data\extracted\000031_大悦城_2025_tables.json (20个表格)
2026-05-29 16:19:32,555 [INFO] [80/1056] 处理: 000031_大悦城_2026.pdf
2026-05-29 16:19:32,673 [INFO] 文本已保存: C:\Users\13765\OneDrive\Desktop\研究生\数据要素\data\extracted\000031_大悦城_2026.md (703字符)
2026-05-29 16:19:32,756 [INFO] 表格已保存: C:\Users\13765\OneDrive\Desktop\研究生\数据要素\data\extracted\000031_大悦城_2026_tables.json (0个表格)
2026-05-29 16:19:32,757 [INFO] [81/1056] 处理: 000035_中国天楹_2019.pdf
2026-05-29 16:19:35,118 [INFO] 文本已保存: C:\Users\13765\OneDrive\Desktop\研究生\数据要素\data\extracted\000035_中国天楹_2019.md (47769字符)
2026-05-29 16:19:37,144 [INFO] 表格已保存: C:\Users\13765\OneDrive\Desktop\研究生\数据要素\data\extracted\000035_中国天楹_2019_tables.json (16个表格)
2026-05-29 16:19:37,144 [INFO] [82/1056] 处理: 000035_中国天楹_2020.pdf
2026-05-29 16:19:38,863 [INFO] 文本已保存: C:\Users\13765\OneDrive\Desktop\研究生\数据要素\data\extracted\000035_中国天楹_2020.md (43332字符)
2026-05-29 16:19:40,538 [INFO] 表格已保存: C:\Users\13765\OneDrive\Desktop\研究生\数据要素\data\extracted\000035_中国天楹_2020_tables.json (6个表格)
2026-05-29 16:19:40,538 [INFO] [83/1056] 处理: 000035_中国天楹_2021.pdf
2026-05-29 16:19:42,030 [INFO] 文本已保存: C:\Users\13765\OneDrive\Desktop\研究生\数据要素\data\extracted\000035_中国天楹_2021.md (40667字符)
2026-05-29 16:19:43,416 [INFO] 表格已保存: C:\Users\13765\OneDrive\Desktop\研究生\数据要素\data\extracted\000035_中国天楹_2021_tables.json (6个表格)
2026-05-29 16:19:43,416 [INFO] [84/1056] 处理: 000035_中国天楹_2022.pdf
2026-05-29 16:19:44,704 [INFO] 文本已保存: C:\Users\13765\OneDrive\Desktop\研究生\数据要素\data\extracted\000035_中国天楹_2022.md (19410字符)
2026-05-29 16:19:45,823 [INFO] 表格已保存: C:\Users\13765\OneDrive\Desktop\研究生\数据要素\data\extracted\000035_中国天楹_2022_tables.json (0个表格)
2026-05-29 16:19:45,823 [INFO] [85/1056] 处理: 000035_中国天楹_2023.pdf
2026-05-29 16:19:47,207 [INFO] 文本已保存: C:\Users\13765\OneDrive\Desktop\研究生\数据要素\data\extracted\000035_中国天楹_2023.md (20744字符)
2026-05-29 16:19:48,433 [INFO] 表格已保存: C:\Users\13765\OneDrive\Desktop\研究生\数据要素\data\extracted\000035_中国天楹_2023_tables.json (3个表格)
2026-05-29 16:19:48,433 [INFO] [86/1056] 处理: 000035_中国天楹_2024.pdf
2026-05-29 16:19:52,553 [INFO] 文本已保存: C:\Users\13765\OneDrive\Desktop\研究生\数据要素\data\extracted\000035_中国天楹_2024.md (61560字符)
2026-05-29 16:19:56,541 [INFO] 表格已保存: C:\Users\13765\OneDrive\Desktop\研究生\数据要素\data\extracted\000035_中国天楹_2024_tables.json (12个表格)
2026-05-29 16:19:56,541 [INFO] [87/1056] 处理: 000035_中国天楹_2025.pdf
2026-05-29 16:20:02,484 [INFO] 文本已保存: C:\Users\13765\OneDrive\Desktop\研究生\数据要素\data\extracted\000035_中国天楹_2025.md (69176字符)
2026-05-29 16:20:06,953 [INFO] 表格已保存: C:\Users\13765\OneDrive\Desktop\研究生\数据要素\data\extracted\000035_中国天楹_2025_tables.json (18个表格)
2026-05-29 16:20:06,953 [INFO] [88/1056] 处理: 000035_中国天楹_2026.pdf
2026-05-29 16:20:11,118 [INFO] 文本已保存: C:\Users\13765\OneDrive\Desktop\研究生\数据要素\data\extracted\000035_中国天楹_2026.md (79380字符)
2026-05-29 16:20:15,260 [INFO] 表格已保存: C:\Users\13765\OneDrive\Desktop\研究生\数据要素\data\extracted\000035_中国天楹_2026_tables.json (38个表格)
2026-05-29 16:20:15,260 [INFO] [89/1056] 处理: 000039_中集集团_2019.pdf
2026-05-29 16:21:06,715 [INFO] 文本已保存: C:\Users\13765\OneDrive\Desktop\研究生\数据要素\data\extracted\000039_中集集团_2019.md (95511字符)
2026-05-29 16:21:29,784 [INFO] 表格已保存: C:\Users\13765\OneDrive\Desktop\研究生\数据要素\data\extracted\000039_中集集团_2019_tables.json (27个表格)
2026-05-29 16:21:29,784 [INFO] [90/1056] 处理: 000039_中集集团_2020.pdf
2026-05-29 16:21:29,915 [INFO] 文本已保存: C:\Users\13765\OneDrive\Desktop\研究生\数据要素\data\extracted\000039_中集集团_2020.md (1263字符)
2026-05-29 16:21:30,022 [INFO] 表格已保存: C:\Users\13765\OneDrive\Desktop\研究生\数据要素\data\extracted\000039_中集集团_2020_tables.json (0个表格)
2026-05-29 16:21:30,022 [INFO] [91/1056] 处理: 000039_中集集团_2021.pdf
2026-05-29 16:21:40,497 [INFO] 文本已保存: C:\Users\13765\OneDrive\Desktop\研究生\数据要素\data\extracted\000039_中集集团_2021.md (131049字符)
2026-05-29 16:21:50,547 [INFO] 表格已保存: C:\Users\13765\OneDrive\Desktop\研究生\数据要素\data\extracted\000039_中集集团_2021_tables.json (63个表格)
2026-05-29 16:21:50,548 [INFO] [92/1056] 处理: 000039_中集集团_2022.pdf
2026-05-29 16:22:04,612 [INFO] 文本已保存: C:\Users\13765\OneDrive\Desktop\研究生\数据要素\data\extracted\000039_中集集团_2022.md (115998字符)
2026-05-29 16:22:18,595 [INFO] 表格已保存: C:\Users\13765\OneDrive\Desktop\研究生\数据要素\data\extracted\000039_中集集团_2022_tables.json (81个表格)
2026-05-29 16:22:18,595 [INFO] [93/1056] 处理: 000039_中集集团_2023.pdf
2026-05-29 16:23:11,799 [INFO] 文本已保存: C:\Users\13765\OneDrive\Desktop\研究生\数据要素\data\extracted\000039_中集集团_2023.md (126288字符)
2026-05-29 16:24:04,783 [INFO] 表格已保存: C:\Users\13765\OneDrive\Desktop\研究生\数据要素\data\extracted\000039_中集集团_2023_tables.json (22个表格)
2026-05-29 16:24:04,783 [INFO] [94/1056] 处理: 000039_中集集团_2024.pdf
2026-05-29 16:24:13,995 [INFO] 文本已保存: C:\Users\13765\OneDrive\Desktop\研究生\数据要素\data\extracted\000039_中集集团_2024.md (131560字符)
2026-05-29 16:24:22,429 [INFO] 表格已保存: C:\Users\13765\OneDrive\Desktop\研究生\数据要素\data\extracted\000039_中集集团_2024_tables.json (35个表格)
2026-05-29 16:24:22,429 [INFO] [95/1056] 处理: 000039_中集集团_2025.pdf
2026-05-29 16:24:52,675 [INFO] 文本已保存: C:\Users\13765\OneDrive\Desktop\研究生\数据要素\data\extracted\000039_中集集团_2025.md (130641字符)
2026-05-29 16:25:22,843 [INFO] 表格已保存: C:\Users\13765\OneDrive\Desktop\研究生\数据要素\data\extracted\000039_中集集团_2025_tables.json (100个表格)
2026-05-29 16:25:22,843 [INFO] [96/1056] 处理: 000039_中集集团_2026.pdf
2026-05-29 16:25:37,457 [INFO] 文本已保存: C:\Users\13765\OneDrive\Desktop\研究生\数据要素\data\extracted\000039_中集集团_2026.md (198218字符)
2026-05-29 16:25:51,634 [INFO] 表格已保存: C:\Users\13765\OneDrive\Desktop\研究生\数据要素\data\extracted\000039_中集集团_2026_tables.json (71个表格)
2026-05-29 16:25:51,634 [INFO] [97/1056] 处理: 000050_深天马A_2019.pdf
2026-05-29 16:25:56,360 [INFO] 文本已保存: C:\Users\13765\OneDrive\Desktop\研究生\数据要素\data\extracted\000050_深天马A_2019.md (39478字符)
2026-05-29 16:26:00,761 [INFO] 表格已保存: C:\Users\13765\OneDrive\Desktop\研究生\数据要素\data\extracted\000050_深天马A_2019_tables.json (3个表格)
2026-05-29 16:26:00,761 [INFO] [98/1056] 处理: 000050_深天马A_2020.pdf
2026-05-29 16:26:02,449 [INFO] 文本已保存: C:\Users\13765\OneDrive\Desktop\研究生\数据要素\data\extracted\000050_深天马A_2020.md (52926字符)
2026-05-29 16:26:03,949 [INFO] 表格已保存: C:\Users\13765\OneDrive\Desktop\研究生\数据要素\data\extracted\000050_深天马A_2020_tables.json (21个表格)
2026-05-29 16:26:03,949 [INFO] [99/1056] 处理: 000050_深天马A_2021.pdf
2026-05-29 16:26:15,220 [INFO] 文本已保存: C:\Users\13765\OneDrive\Desktop\研究生\数据要素\data\extracted\000050_深天马A_2021.md (48295字符)
2026-05-29 16:26:26,684 [INFO] 表格已保存: C:\Users\13765\OneDrive\Desktop\研究生\数据要素\data\extracted\000050_深天马A_2021_tables.json (7个表格)
2026-05-29 16:26:26,684 [INFO] [100/1056] 处理: 000050_深天马A_2022.pdf
2026-05-29 16:26:28,686 [INFO] 文本已保存: C:\Users\13765\OneDrive\Desktop\研究生\数据要素\data\extracted\000050_深天马A_2022.md (80183字符)
2026-05-29 16:26:30,377 [INFO] 表格已保存: C:\Users\13765\OneDrive\Desktop\研究生\数据要素\data\extracted\000050_深天马A_2022_tables.json (10个表格)
2026-05-29 16:26:30,377 [INFO] [101/1056] 处理: 000050_深天马A_2023.pdf
2026-05-29 16:26:32,240 [INFO] 文本已保存: C:\Users\13765\OneDrive\Desktop\研究生\数据要素\data\extracted\000050_深天马A_2023.md (426830字符)
2026-05-29 16:26:34,013 [INFO] 表格已保存: C:\Users\13765\OneDrive\Desktop\研究生\数据要素\data\extracted\000050_深天马A_2023_tables.json (7个表格)
2026-05-29 16:26:34,014 [INFO] [102/1056] 处理: 000050_深天马A_2024.pdf
2026-05-29 16:26:36,312 [INFO] 文本已保存: C:\Users\13765\OneDrive\Desktop\研究生\数据要素\data\extracted\000050_深天马A_2024.md (63017字符)
2026-05-29 16:26:38,448 [INFO] 表格已保存: C:\Users\13765\OneDrive\Desktop\研究生\数据要素\data\extracted\000050_深天马A_2024_tables.json (11个表格)
2026-05-29 16:26:38,448 [INFO] [103/1056] 处理: 000050_深天马A_2025.pdf
2026-05-29 16:26:45,025 [INFO] 文本已保存: C:\Users\13765\OneDrive\Desktop\研究生\数据要素\data\extracted\000050_深天马A_2025.md (77972字符)
2026-05-29 16:26:51,388 [INFO] 表格已保存: C:\Users\13765\OneDrive\Desktop\研究生\数据要素\data\extracted\000050_深天马A_2025_tables.json (33个表格)
2026-05-29 16:26:51,388 [INFO] [104/1056] 处理: 000050_深天马A_2026.pdf
2026-05-29 16:26:55,669 [INFO] 文本已保存: C:\Users\13765\OneDrive\Desktop\研究生\数据要素\data\extracted\000050_深天马A_2026.md (100498字符)
2026-05-29 16:26:59,686 [INFO] 表格已保存: C:\Users\13765\OneDrive\Desktop\研究生\数据要素\data\extracted\000050_深天马A_2026_tables.json (71个表格)
2026-05-29 16:26:59,686 [INFO] [105/1056] 处理: 000055_方大集团_2019.pdf
2026-05-29 16:27:00,512 [INFO] 文本已保存: C:\Users\13765\OneDrive\Desktop\研究生\数据要素\data\extracted\000055_方大集团_2019.md (16031字符)
2026-05-29 16:27:01,134 [INFO] 表格已保存: C:\Users\13765\OneDrive\Desktop\研究生\数据要素\data\extracted\000055_方大集团_2019_tables.json (5个表格)
2026-05-29 16:27:01,135 [INFO] [106/1056] 处理: 000055_方大集团_2020.pdf
2026-05-29 16:27:01,885 [INFO] 文本已保存: C:\Users\13765\OneDrive\Desktop\研究生\数据要素\data\extracted\000055_方大集团_2020.md (19335字符)
2026-05-29 16:27:02,587 [INFO] 表格已保存: C:\Users\13765\OneDrive\Desktop\研究生\数据要素\data\extracted\000055_方大集团_2020_tables.json (5个表格)
2026-05-29 16:27:02,587 [INFO] [107/1056] 处理: 000055_方大集团_2021.pdf
2026-05-29 16:27:03,679 [INFO] 文本已保存: C:\Users\13765\OneDrive\Desktop\研究生\数据要素\data\extracted\000055_方大集团_2021.md (20693字符)
2026-05-29 16:27:04,775 [INFO] 表格已保存: C:\Users\13765\OneDrive\Desktop\研究生\数据要素\data\extracted\000055_方大集团_2021_tables.json (3个表格)
2026-05-29 16:27:04,775 [INFO] [108/1056] 处理: 000055_方大集团_2022.pdf
2026-05-29 16:27:05,298 [INFO] 文本已保存: C:\Users\13765\OneDrive\Desktop\研究生\数据要素\data\extracted\000055_方大集团_2022.md (16464字符)
2026-05-29 16:27:05,834 [INFO] 表格已保存: C:\Users\13765\OneDrive\Desktop\研究生\数据要素\data\extracted\000055_方大集团_2022_tables.json (1个表格)
2026-05-29 16:27:05,835 [INFO] [109/1056] 处理: 000055_方大集团_2023.pdf
2026-05-29 16:27:06,408 [INFO] 文本已保存: C:\Users\13765\OneDrive\Desktop\研究生\数据要素\data\extracted\000055_方大集团_2023.md (17615字符)
2026-05-29 16:27:07,000 [INFO] 表格已保存: C:\Users\13765\OneDrive\Desktop\研究生\数据要素\data\extracted\000055_方大集团_2023_tables.json (0个表格)
2026-05-29 16:27:07,000 [INFO] [110/1056] 处理: 000055_方大集团_2024.pdf
2026-05-29 16:27:08,433 [INFO] 文本已保存: C:\Users\13765\OneDrive\Desktop\研究生\数据要素\data\extracted\000055_方大集团_2024.md (18550字符)
2026-05-29 16:27:09,822 [INFO] 表格已保存: C:\Users\13765\OneDrive\Desktop\研究生\数据要素\data\extracted\000055_方大集团_2024_tables.json (0个表格)
2026-05-29 16:27:09,822 [INFO] [111/1056] 处理: 000055_方大集团_2025.pdf
2026-05-29 16:27:12,773 [INFO] 文本已保存: C:\Users\13765\OneDrive\Desktop\研究生\数据要素\data\extracted\000055_方大集团_2025.md (20380字符)
2026-05-29 16:27:15,675 [INFO] 表格已保存: C:\Users\13765\OneDrive\Desktop\研究生\数据要素\data\extracted\000055_方大集团_2025_tables.json (0个表格)
2026-05-29 16:27:15,676 [INFO] [112/1056] 处理: 000055_方大集团_2026.pdf
2026-05-29 16:27:20,170 [INFO] 文本已保存: C:\Users\13765\OneDrive\Desktop\研究生\数据要素\data\extracted\000055_方大集团_2026.md (30980字符)
2026-05-29 16:27:24,608 [INFO] 表格已保存: C:\Users\13765\OneDrive\Desktop\研究生\数据要素\data\extracted\000055_方大集团_2026_tables.json (6个表格)
2026-05-29 16:27:24,608 [INFO] [113/1056] 处理: 000060_中金岭南_2019.pdf
2026-05-29 16:27:25,256 [INFO] 文本已保存: C:\Users\13765\OneDrive\Desktop\研究生\数据要素\data\extracted\000060_中金岭南_2019.md (15820字符)
2026-05-29 16:27:25,704 [INFO] 表格已保存: C:\Users\13765\OneDrive\Desktop\研究生\数据要素\data\extracted\000060_中金岭南_2019_tables.json (17个表格)
2026-05-29 16:27:25,704 [INFO] [114/1056] 处理: 000060_中金岭南_2020.pdf
2026-05-29 16:27:26,466 [INFO] 文本已保存: C:\Users\13765\OneDrive\Desktop\研究生\数据要素\data\extracted\000060_中金岭南_2020.md (21002字符)
2026-05-29 16:27:27,195 [INFO] 表格已保存: C:\Users\13765\OneDrive\Desktop\研究生\数据要素\data\extracted\000060_中金岭南_2020_tables.json (5个表格)
2026-05-29 16:27:27,196 [INFO] [115/1056] 处理: 000060_中金岭南_2021.pdf
2026-05-29 16:27:27,830 [INFO] 文本已保存: C:\Users\13765\OneDrive\Desktop\研究生\数据要素\data\extracted\000060_中金岭南_2021.md (20515字符)
2026-05-29 16:27:28,511 [INFO] 表格已保存: C:\Users\13765\OneDrive\Desktop\研究生\数据要素\data\extracted\000060_中金岭南_2021_tables.json (3个表格)
2026-05-29 16:27:28,511 [INFO] [116/1056] 处理: 000060_中金岭南_2022.pdf
2026-05-29 16:27:29,237 [INFO] 文本已保存: C:\Users\13765\OneDrive\Desktop\研究生\数据要素\data\extracted\000060_中金岭南_2022.md (22039字符)
2026-05-29 16:27:29,884 [INFO] 表格已保存: C:\Users\13765\OneDrive\Desktop\研究生\数据要素\data\extracted\000060_中金岭南_2022_tables.json (3个表格)
2026-05-29 16:27:29,884 [INFO] [117/1056] 处理: 000060_中金岭南_2023.pdf
2026-05-29 16:27:32,146 [INFO] 文本已保存: C:\Users\13765\OneDrive\Desktop\研究生\数据要素\data\extracted\000060_中金岭南_2023.md (62254字符)
2026-05-29 16:27:34,333 [INFO] 表格已保存: C:\Users\13765\OneDrive\Desktop\研究生\数据要素\data\extracted\000060_中金岭南_2023_tables.json (95个表格)
2026-05-29 16:27:34,333 [INFO] [118/1056] 处理: 000060_中金岭南_2024.pdf
2026-05-29 16:27:39,842 [INFO] 文本已保存: C:\Users\13765\OneDrive\Desktop\研究生\数据要素\data\extracted\000060_中金岭南_2024.md (42921字符)
2026-05-29 16:27:45,346 [INFO] 表格已保存: C:\Users\13765\OneDrive\Desktop\研究生\数据要素\data\extracted\000060_中金岭南_2024_tables.json (22个表格)
2026-05-29 16:27:45,346 [INFO] [119/1056] 处理: 000060_中金岭南_2025.pdf
2026-05-29 16:27:47,691 [INFO] 文本已保存: C:\Users\13765\OneDrive\Desktop\研究生\数据要素\data\extracted\000060_中金岭南_2025.md (51404字符)
2026-05-29 16:27:49,873 [INFO] 表格已保存: C:\Users\13765\OneDrive\Desktop\研究生\数据要素\data\extracted\000060_中金岭南_2025_tables.json (9个表格)
2026-05-29 16:27:49,873 [INFO] [120/1056] 处理: 000060_中金岭南_2026.pdf
2026-05-29 16:27:53,102 [INFO] 文本已保存: C:\Users\13765\OneDrive\Desktop\研究生\数据要素\data\extracted\000060_中金岭南_2026.md (58735字符)
2026-05-29 16:27:56,231 [INFO] 表格已保存: C:\Users\13765\OneDrive\Desktop\研究生\数据要素\data\extracted\000060_中金岭南_2026_tables.json (31个表格)
2026-05-29 16:27:56,231 [INFO] [121/1056] 处理: 000061_农产品_2019.pdf
2026-05-29 16:27:57,301 [INFO] 文本已保存: C:\Users\13765\OneDrive\Desktop\研究生\数据要素\data\extracted\000061_农产品_2019.md (23516字符)
2026-05-29 16:27:58,436 [INFO] 表格已保存: C:\Users\13765\OneDrive\Desktop\研究生\数据要素\data\extracted\000061_农产品_2019_tables.json (11个表格)
2026-05-29 16:27:58,436 [INFO] [122/1056] 处理: 000061_农产品_2020.pdf
2026-05-29 16:28:06,636 [INFO] 文本已保存: C:\Users\13765\OneDrive\Desktop\研究生\数据要素\data\extracted\000061_农产品_2020.md (349968字符)
2026-05-29 16:28:14,913 [INFO] 表格已保存: C:\Users\13765\OneDrive\Desktop\研究生\数据要素\data\extracted\000061_农产品_2020_tables.json (7个表格)
2026-05-29 16:28:14,913 [INFO] [123/1056] 处理: 000061_农产品_2021.pdf
2026-05-29 16:28:39,924 [INFO] 文本已保存: C:\Users\13765\OneDrive\Desktop\研究生\数据要素\data\extracted\000061_农产品_2021.md (40094字符)
2026-05-29 16:29:05,101 [INFO] 表格已保存: C:\Users\13765\OneDrive\Desktop\研究生\数据要素\data\extracted\000061_农产品_2021_tables.json (25个表格)
2026-05-29 16:29:05,101 [INFO] [124/1056] 处理: 000061_农产品_2022.pdf
2026-05-29 16:29:23,142 [INFO] 文本已保存: C:\Users\13765\OneDrive\Desktop\研究生\数据要素\data\extracted\000061_农产品_2022.md (45962字符)
2026-05-29 16:29:40,544 [INFO] 表格已保存: C:\Users\13765\OneDrive\Desktop\研究生\数据要素\data\extracted\000061_农产品_2022_tables.json (11个表格)
2026-05-29 16:29:40,544 [INFO] [125/1056] 处理: 000061_农产品_2023.pdf
2026-05-29 16:29:43,950 [INFO] 文本已保存: C:\Users\13765\OneDrive\Desktop\研究生\数据要素\data\extracted\000061_农产品_2023.md (37461字符)
2026-05-29 16:29:46,891 [INFO] 表格已保存: C:\Users\13765\OneDrive\Desktop\研究生\数据要素\data\extracted\000061_农产品_2023_tables.json (4个表格)
2026-05-29 16:29:46,891 [INFO] [126/1056] 处理: 000061_农产品_2024.pdf
2026-05-29 16:29:52,092 [INFO] 文本已保存: C:\Users\13765\OneDrive\Desktop\研究生\数据要素\data\extracted\000061_农产品_2024.md (40129字符)
2026-05-29 16:29:57,212 [INFO] 表格已保存: C:\Users\13765\OneDrive\Desktop\研究生\数据要素\data\extracted\000061_农产品_2024_tables.json (6个表格)
2026-05-29 16:29:57,212 [INFO] [127/1056] 处理: 000061_农产品_2025.pdf
2026-05-29 16:30:03,458 [INFO] 文本已保存: C:\Users\13765\OneDrive\Desktop\研究生\数据要素\data\extracted\000061_农产品_2025.md (37156字符)
2026-05-29 16:30:09,558 [INFO] 表格已保存: C:\Users\13765\OneDrive\Desktop\研究生\数据要素\data\extracted\000061_农产品_2025_tables.json (13个表格)
2026-05-29 16:30:09,558 [INFO] [128/1056] 处理: 000061_农产品_2026.pdf
2026-05-29 16:30:15,766 [INFO] 文本已保存: C:\Users\13765\OneDrive\Desktop\研究生\数据要素\data\extracted\000061_农产品_2026.md (50110字符)
2026-05-29 16:30:21,770 [INFO] 表格已保存: C:\Users\13765\OneDrive\Desktop\研究生\数据要素\data\extracted\000061_农产品_2026_tables.json (9个表格)
2026-05-29 16:30:21,770 [INFO] [129/1056] 处理: 000063_中兴通讯_2019.pdf
2026-05-29 16:30:25,505 [INFO] 文本已保存: C:\Users\13765\OneDrive\Desktop\研究生\数据要素\data\extracted\000063_中兴通讯_2019.md (100856字符)
2026-05-29 16:30:29,155 [INFO] 表格已保存: C:\Users\13765\OneDrive\Desktop\研究生\数据要素\data\extracted\000063_中兴通讯_2019_tables.json (90个表格)
2026-05-29 16:30:29,155 [INFO] [130/1056] 处理: 000063_中兴通讯_2020.pdf
2026-05-29 16:30:32,666 [INFO] 文本已保存: C:\Users\13765\OneDrive\Desktop\研究生\数据要素\data\extracted\000063_中兴通讯_2020.md (93226字符)
2026-05-29 16:30:36,128 [INFO] 表格已保存: C:\Users\13765\OneDrive\Desktop\研究生\数据要素\data\extracted\000063_中兴通讯_2020_tables.json (36个表格)
2026-05-29 16:30:36,128 [INFO] [131/1056] 处理: 000063_中兴通讯_2021.pdf
2026-05-29 16:30:40,058 [INFO] 文本已保存: C:\Users\13765\OneDrive\Desktop\研究生\数据要素\data\extracted\000063_中兴通讯_2021.md (96130字符)
2026-05-29 16:30:43,860 [INFO] 表格已保存: C:\Users\13765\OneDrive\Desktop\研究生\数据要素\data\extracted\000063_中兴通讯_2021_tables.json (35个表格)
2026-05-29 16:30:43,860 [INFO] [132/1056] 处理: 000063_中兴通讯_2022.pdf
2026-05-29 16:30:51,546 [INFO] 文本已保存: C:\Users\13765\OneDrive\Desktop\研究生\数据要素\data\extracted\000063_中兴通讯_2022.md (119269字符)
2026-05-29 16:30:59,033 [INFO] 表格已保存: C:\Users\13765\OneDrive\Desktop\研究生\数据要素\data\extracted\000063_中兴通讯_2022_tables.json (51个表格)
2026-05-29 16:30:59,033 [INFO] [133/1056] 处理: 000063_中兴通讯_2023.pdf
2026-05-29 16:31:04,089 [INFO] 文本已保存: C:\Users\13765\OneDrive\Desktop\研究生\数据要素\data\extracted\000063_中兴通讯_2023.md (5256字符)
2026-05-29 16:31:08,805 [INFO] 表格已保存: C:\Users\13765\OneDrive\Desktop\研究生\数据要素\data\extracted\000063_中兴通讯_2023_tables.json (6个表格)
2026-05-29 16:31:08,806 [INFO] [134/1056] 处理: 000063_中兴通讯_2024.pdf
2026-05-29 16:31:14,355 [INFO] 文本已保存: C:\Users\13765\OneDrive\Desktop\研究生\数据要素\data\extracted\000063_中兴通讯_2024.md (133398字符)
2026-05-29 16:31:19,705 [INFO] 表格已保存: C:\Users\13765\OneDrive\Desktop\研究生\数据要素\data\extracted\000063_中兴通讯_2024_tables.json (43个表格)
2026-05-29 16:31:19,705 [INFO] [135/1056] 处理: 000063_中兴通讯_2025.pdf
2026-05-29 16:31:27,765 [INFO] 文本已保存: C:\Users\13765\OneDrive\Desktop\研究生\数据要素\data\extracted\000063_中兴通讯_2025.md (202023字符)
2026-05-29 16:31:35,657 [INFO] 表格已保存: C:\Users\13765\OneDrive\Desktop\研究生\数据要素\data\extracted\000063_中兴通讯_2025_tables.json (144个表格)
2026-05-29 16:31:35,657 [INFO] [136/1056] 跳过(已存在): 000063_中兴通讯_2026.pdf
2026-05-29 16:31:35,658 [INFO] [137/1056] 处理: 000065_北方国际_2019.pdf
2026-05-29 16:31:35,738 [INFO] 文本已保存: C:\Users\13765\OneDrive\Desktop\研究生\数据要素\data\extracted\000065_北方国际_2019.md (395字符)
2026-05-29 16:31:35,799 [INFO] 表格已保存: C:\Users\13765\OneDrive\Desktop\研究生\数据要素\data\extracted\000065_北方国际_2019_tables.json (0个表格)
2026-05-29 16:31:35,799 [INFO] [138/1056] 处理: 000065_北方国际_2020.pdf
2026-05-29 16:31:36,216 [INFO] 文本已保存: C:\Users\13765\OneDrive\Desktop\研究生\数据要素\data\extracted\000065_北方国际_2020.md (11845字符)
2026-05-29 16:31:36,909 [INFO] 表格已保存: C:\Users\13765\OneDrive\Desktop\研究生\数据要素\data\extracted\000065_北方国际_2020_tables.json (0个表格)
2026-05-29 16:31:36,909 [INFO] [139/1056] 处理: 000065_北方国际_2021.pdf
2026-05-29 16:31:37,381 [INFO] 文本已保存: C:\Users\13765\OneDrive\Desktop\研究生\数据要素\data\extracted\000065_北方国际_2021.md (14059字符)
2026-05-29 16:31:37,895 [INFO] 表格已保存: C:\Users\13765\OneDrive\Desktop\研究生\数据要素\data\extracted\000065_北方国际_2021_tables.json (0个表格)
2026-05-29 16:31:37,896 [INFO] [140/1056] 处理: 000065_北方国际_2022.pdf
2026-05-29 16:31:38,330 [INFO] 文本已保存: C:\Users\13765\OneDrive\Desktop\研究生\数据要素\data\extracted\000065_北方国际_2022.md (14255字符)
2026-05-29 16:31:38,744 [INFO] 表格已保存: C:\Users\13765\OneDrive\Desktop\研究生\数据要素\data\extracted\000065_北方国际_2022_tables.json (0个表格)
2026-05-29 16:31:38,745 [INFO] [141/1056] 处理: 000065_北方国际_2023.pdf
2026-05-29 16:31:42,824 [INFO] 文本已保存: C:\Users\13765\OneDrive\Desktop\研究生\数据要素\data\extracted\000065_北方国际_2023.md (51487字符)
2026-05-29 16:31:46,847 [INFO] 表格已保存: C:\Users\13765\OneDrive\Desktop\研究生\数据要素\data\extracted\000065_北方国际_2023_tables.json (97个表格)
2026-05-29 16:31:46,847 [INFO] [142/1056] 处理: 000065_北方国际_2024.pdf
2026-05-29 16:31:51,094 [INFO] 文本已保存: C:\Users\13765\OneDrive\Desktop\研究生\数据要素\data\extracted\000065_北方国际_2024.md (50244字符)
2026-05-29 16:31:55,328 [INFO] 表格已保存: C:\Users\13765\OneDrive\Desktop\研究生\数据要素\data\extracted\000065_北方国际_2024_tables.json (12个表格)
2026-05-29 16:31:55,328 [INFO] [143/1056] 处理: 000065_北方国际_2025.pdf
2026-05-29 16:32:00,146 [INFO] 文本已保存: C:\Users\13765\OneDrive\Desktop\研究生\数据要素\data\extracted\000065_北方国际_2025.md (60120字符)
2026-05-29 16:32:04,849 [INFO] 表格已保存: C:\Users\13765\OneDrive\Desktop\研究生\数据要素\data\extracted\000065_北方国际_2025_tables.json (25个表格)
2026-05-29 16:32:04,850 [INFO] [144/1056] 处理: 000065_北方国际_2026.pdf
2026-05-29 16:32:08,292 [INFO] 文本已保存: C:\Users\13765\OneDrive\Desktop\研究生\数据要素\data\extracted\000065_北方国际_2026.md (66761字符)
2026-05-29 16:32:11,565 [INFO] 表格已保存: C:\Users\13765\OneDrive\Desktop\研究生\数据要素\data\extracted\000065_北方国际_2026_tables.json (50个表格)
2026-05-29 16:32:11,565 [INFO] [145/1056] 处理: 000069_华侨城A_2019.pdf
2026-05-29 16:32:12,890 [INFO] 文本已保存: C:\Users\13765\OneDrive\Desktop\研究生\数据要素\data\extracted\000069_华侨城A_2019.md (37613字符)
2026-05-29 16:32:14,106 [INFO] 表格已保存: C:\Users\13765\OneDrive\Desktop\研究生\数据要素\data\extracted\000069_华侨城A_2019_tables.json (18个表格)
2026-05-29 16:32:14,106 [INFO] [146/1056] 处理: 000069_华侨城A_2020.pdf
2026-05-29 16:32:15,852 [INFO] 文本已保存: C:\Users\13765\OneDrive\Desktop\研究生\数据要素\data\extracted\000069_华侨城A_2020.md (46661字符)
2026-05-29 16:32:17,471 [INFO] 表格已保存: C:\Users\13765\OneDrive\Desktop\研究生\数据要素\data\extracted\000069_华侨城A_2020_tables.json (27个表格)
2026-05-29 16:32:17,471 [INFO] [147/1056] 处理: 000069_华侨城A_2021.pdf
2026-05-29 16:32:19,925 [INFO] 文本已保存: C:\Users\13765\OneDrive\Desktop\研究生\数据要素\data\extracted\000069_华侨城A_2021.md (51228字符)
2026-05-29 16:32:22,328 [INFO] 表格已保存: C:\Users\13765\OneDrive\Desktop\研究生\数据要素\data\extracted\000069_华侨城A_2021_tables.json (17个表格)
2026-05-29 16:32:22,328 [INFO] [148/1056] 处理: 000069_华侨城A_2022.pdf
2026-05-29 16:32:24,903 [INFO] 文本已保存: C:\Users\13765\OneDrive\Desktop\研究生\数据要素\data\extracted\000069_华侨城A_2022.md (72834字符)
2026-05-29 16:32:27,424 [INFO] 表格已保存: C:\Users\13765\OneDrive\Desktop\研究生\数据要素\data\extracted\000069_华侨城A_2022_tables.json (43个表格)
2026-05-29 16:32:27,424 [INFO] [149/1056] 处理: 000069_华侨城A_2023.pdf
2026-05-29 16:32:30,197 [INFO] 文本已保存: C:\Users\13765\OneDrive\Desktop\研究生\数据要素\data\extracted\000069_华侨城A_2023.md (55586字符)
2026-05-29 16:32:32,853 [INFO] 表格已保存: C:\Users\13765\OneDrive\Desktop\研究生\数据要素\data\extracted\000069_华侨城A_2023_tables.json (23个表格)
2026-05-29 16:32:32,853 [INFO] [150/1056] 处理: 000069_华侨城A_2024.pdf
2026-05-29 16:32:38,147 [INFO] 文本已保存: C:\Users\13765\OneDrive\Desktop\研究生\数据要素\data\extracted\000069_华侨城A_2024.md (45139字符)
2026-05-29 16:32:43,312 [INFO] 表格已保存: C:\Users\13765\OneDrive\Desktop\研究生\数据要素\data\extracted\000069_华侨城A_2024_tables.json (3个表格)
2026-05-29 16:32:43,312 [INFO] [151/1056] 处理: 000069_华侨城A_2025.pdf
2026-05-29 16:32:47,250 [INFO] 文本已保存: C:\Users\13765\OneDrive\Desktop\研究生\数据要素\data\extracted\000069_华侨城A_2025.md (47404字符)
2026-05-29 16:32:51,055 [INFO] 表格已保存: C:\Users\13765\OneDrive\Desktop\研究生\数据要素\data\extracted\000069_华侨城A_2025_tables.json (1个表格)
2026-05-29 16:32:51,056 [INFO] [152/1056] 处理: 000069_华侨城A_2026.pdf
2026-05-29 16:32:54,802 [INFO] 文本已保存: C:\Users\13765\OneDrive\Desktop\研究生\数据要素\data\extracted\000069_华侨城A_2026.md (66609字符)
2026-05-29 16:32:58,499 [INFO] 表格已保存: C:\Users\13765\OneDrive\Desktop\研究生\数据要素\data\extracted\000069_华侨城A_2026_tables.json (19个表格)
2026-05-29 16:32:58,499 [INFO] [153/1056] 处理: 000088_盐田港_2019.pdf
2026-05-29 16:32:58,706 [INFO] 文本已保存: C:\Users\13765\OneDrive\Desktop\研究生\数据要素\data\extracted\000088_盐田港_2019.md (6688字符)
2026-05-29 16:32:58,895 [INFO] 表格已保存: C:\Users\13765\OneDrive\Desktop\研究生\数据要素\data\extracted\000088_盐田港_2019_tables.json (0个表格)
2026-05-29 16:32:58,895 [INFO] [154/1056] 处理: 000088_盐田港_2020.pdf
2026-05-29 16:32:59,136 [INFO] 文本已保存: C:\Users\13765\OneDrive\Desktop\研究生\数据要素\data\extracted\000088_盐田港_2020.md (8466字符)
2026-05-29 16:32:59,527 [INFO] 表格已保存: C:\Users\13765\OneDrive\Desktop\研究生\数据要素\data\extracted\000088_盐田港_2020_tables.json (0个表格)
2026-05-29 16:32:59,527 [INFO] [155/1056] 处理: 000088_盐田港_2021.pdf
2026-05-29 16:32:59,824 [INFO] 文本已保存: C:\Users\13765\OneDrive\Desktop\研究生\数据要素\data\extracted\000088_盐田港_2021.md (8958字符)
2026-05-29 16:33:00,106 [INFO] 表格已保存: C:\Users\13765\OneDrive\Desktop\研究生\数据要素\data\extracted\000088_盐田港_2021_tables.json (0个表格)
2026-05-29 16:33:00,106 [INFO] [156/1056] 处理: 000088_盐田港_2022.pdf
2026-05-29 16:33:00,460 [INFO] 文本已保存: C:\Users\13765\OneDrive\Desktop\研究生\数据要素\data\extracted\000088_盐田港_2022.md (9726字符)
2026-05-29 16:33:00,727 [INFO] 表格已保存: C:\Users\13765\OneDrive\Desktop\研究生\数据要素\data\extracted\000088_盐田港_2022_tables.json (0个表格)
2026-05-29 16:33:00,727 [INFO] [157/1056] 处理: 000088_盐田港_2023.pdf
2026-05-29 16:33:02,037 [INFO] 文本已保存: C:\Users\13765\OneDrive\Desktop\研究生\数据要素\data\extracted\000088_盐田港_2023.md (21836字符)
2026-05-29 16:33:03,291 [INFO] 表格已保存: C:\Users\13765\OneDrive\Desktop\研究生\数据要素\data\extracted\000088_盐田港_2023_tables.json (4个表格)
2026-05-29 16:33:03,291 [INFO] [158/1056] 处理: 000088_盐田港_2024.pdf
2026-05-29 16:33:39,344 [INFO] 文本已保存: C:\Users\13765\OneDrive\Desktop\研究生\数据要素\data\extracted\000088_盐田港_2024.md (661字符)
2026-05-29 16:34:16,394 [INFO] 表格已保存: C:\Users\13765\OneDrive\Desktop\研究生\数据要素\data\extracted\000088_盐田港_2024_tables.json (0个表格)
2026-05-29 16:34:16,395 [INFO] [159/1056] 处理: 000088_盐田港_2025.pdf
2026-05-29 16:34:21,014 [INFO] 文本已保存: C:\Users\13765\OneDrive\Desktop\研究生\数据要素\data\extracted\000088_盐田港_2025.md (38289字符)
2026-05-29 16:34:24,418 [INFO] 表格已保存: C:\Users\13765\OneDrive\Desktop\研究生\数据要素\data\extracted\000088_盐田港_2025_tables.json (11个表格)
2026-05-29 16:34:24,418 [INFO] [160/1056] 处理: 000088_盐田港_2026.pdf
2026-05-29 16:34:27,473 [INFO] 文本已保存: C:\Users\13765\OneDrive\Desktop\研究生\数据要素\data\extracted\000088_盐田港_2026.md (42141字符)
2026-05-29 16:34:30,370 [INFO] 表格已保存: C:\Users\13765\OneDrive\Desktop\研究生\数据要素\data\extracted\000088_盐田港_2026_tables.json (29个表格)
2026-05-29 16:34:30,371 [INFO] [161/1056] 处理: 000090_天健集团_2019.pdf
2026-05-29 16:35:35,295 [INFO] 文本已保存: C:\Users\13765\OneDrive\Desktop\研究生\数据要素\data\extracted\000090_天健集团_2019.md (32613字符)
2026-05-29 16:36:39,894 [INFO] 表格已保存: C:\Users\13765\OneDrive\Desktop\研究生\数据要素\data\extracted\000090_天健集团_2019_tables.json (19个表格)
2026-05-29 16:36:39,894 [INFO] [162/1056] 处理: 000090_天健集团_2020.pdf
2026-05-29 16:36:46,714 [INFO] 文本已保存: C:\Users\13765\OneDrive\Desktop\研究生\数据要素\data\extracted\000090_天健集团_2020.md (35969字符)
2026-05-29 16:36:53,324 [INFO] 表格已保存: C:\Users\13765\OneDrive\Desktop\研究生\数据要素\data\extracted\000090_天健集团_2020_tables.json (6个表格)
2026-05-29 16:36:53,324 [INFO] [163/1056] 处理: 000090_天健集团_2021.pdf
2026-05-29 16:37:10,336 [INFO] 文本已保存: C:\Users\13765\OneDrive\Desktop\研究生\数据要素\data\extracted\000090_天健集团_2021.md (32278字符)
2026-05-29 16:37:27,049 [INFO] 表格已保存: C:\Users\13765\OneDrive\Desktop\研究生\数据要素\data\extracted\000090_天健集团_2021_tables.json (1个表格)
2026-05-29 16:37:27,050 [INFO] [164/1056] 处理: 000090_天健集团_2022.pdf
2026-05-29 16:37:54,566 [INFO] 文本已保存: C:\Users\13765\OneDrive\Desktop\研究生\数据要素\data\extracted\000090_天健集团_2022.md (24100字符)
2026-05-29 16:38:22,020 [INFO] 表格已保存: C:\Users\13765\OneDrive\Desktop\研究生\数据要素\data\extracted\000090_天健集团_2022_tables.json (2个表格)
2026-05-29 16:38:22,020 [INFO] [165/1056] 处理: 000090_天健集团_2023.pdf
2026-05-29 16:38:34,311 [INFO] 文本已保存: C:\Users\13765\OneDrive\Desktop\研究生\数据要素\data\extracted\000090_天健集团_2023.md (23663字符)
2026-05-29 16:38:46,308 [INFO] 表格已保存: C:\Users\13765\OneDrive\Desktop\研究生\数据要素\data\extracted\000090_天健集团_2023_tables.json (4个表格)
2026-05-29 16:38:46,308 [INFO] [166/1056] 处理: 000090_天健集团_2024.pdf
2026-05-29 16:39:07,420 [INFO] 文本已保存: C:\Users\13765\OneDrive\Desktop\研究生\数据要素\data\extracted\000090_天健集团_2024.md (23305字符)
2026-05-29 16:39:28,502 [INFO] 表格已保存: C:\Users\13765\OneDrive\Desktop\研究生\数据要素\data\extracted\000090_天健集团_2024_tables.json (10个表格)
2026-05-29 16:39:28,502 [INFO] [167/1056] 处理: 000090_天健集团_2025.pdf
2026-05-29 16:39:33,870 [INFO] 文本已保存: C:\Users\13765\OneDrive\Desktop\研究生\数据要素\data\extracted\000090_天健集团_2025.md (32348字符)
2026-05-29 16:39:38,950 [INFO] 表格已保存: C:\Users\13765\OneDrive\Desktop\研究生\数据要素\data\extracted\000090_天健集团_2025_tables.json (8个表格)
2026-05-29 16:39:38,950 [INFO] [168/1056] 处理: 000090_天健集团_2026.pdf
2026-05-29 16:39:46,544 [INFO] 文本已保存: C:\Users\13765\OneDrive\Desktop\研究生\数据要素\data\extracted\000090_天健集团_2026.md (41350字符)
2026-05-29 16:39:53,940 [INFO] 表格已保存: C:\Users\13765\OneDrive\Desktop\研究生\数据要素\data\extracted\000090_天健集团_2026_tables.json (10个表格)
2026-05-29 16:39:53,940 [INFO] [169/1056] 处理: 000157_中联重科_2019.pdf
2026-05-29 16:39:54,264 [INFO] 文本已保存: C:\Users\13765\OneDrive\Desktop\研究生\数据要素\data\extracted\000157_中联重科_2019.md (10932字符)
2026-05-29 16:39:54,567 [INFO] 表格已保存: C:\Users\13765\OneDrive\Desktop\研究生\数据要素\data\extracted\000157_中联重科_2019_tables.json (0个表格)
2026-05-29 16:39:54,568 [INFO] [170/1056] 处理: 000157_中联重科_2020.pdf
2026-05-29 16:39:55,338 [INFO] 文本已保存: C:\Users\13765\OneDrive\Desktop\研究生\数据要素\data\extracted\000157_中联重科_2020.md (17165字符)
2026-05-29 16:39:55,869 [INFO] 表格已保存: C:\Users\13765\OneDrive\Desktop\研究生\数据要素\data\extracted\000157_中联重科_2020_tables.json (0个表格)
2026-05-29 16:39:55,869 [INFO] [171/1056] 处理: 000157_中联重科_2021.pdf
2026-05-29 16:39:56,363 [INFO] 文本已保存: C:\Users\13765\OneDrive\Desktop\研究生\数据要素\data\extracted\000157_中联重科_2021.md (16806字符)
2026-05-29 16:39:56,775 [INFO] 表格已保存: C:\Users\13765\OneDrive\Desktop\研究生\数据要素\data\extracted\000157_中联重科_2021_tables.json (0个表格)
2026-05-29 16:39:56,775 [INFO] [172/1056] 处理: 000157_中联重科_2022.pdf
2026-05-29 16:39:57,595 [INFO] 文本已保存: C:\Users\13765\OneDrive\Desktop\研究生\数据要素\data\extracted\000157_中联重科_2022.md (27353字符)
2026-05-29 16:39:58,371 [INFO] 表格已保存: C:\Users\13765\OneDrive\Desktop\研究生\数据要素\data\extracted\000157_中联重科_2022_tables.json (7个表格)
2026-05-29 16:39:58,371 [INFO] [173/1056] 处理: 000157_中联重科_2023.pdf
2026-05-29 16:39:59,164 [INFO] 文本已保存: C:\Users\13765\OneDrive\Desktop\研究生\数据要素\data\extracted\000157_中联重科_2023.md (19973字符)
2026-05-29 16:40:00,014 [INFO] 表格已保存: C:\Users\13765\OneDrive\Desktop\研究生\数据要素\data\extracted\000157_中联重科_2023_tables.json (1个表格)
2026-05-29 16:40:00,014 [INFO] [174/1056] 处理: 000157_中联重科_2024.pdf
2026-05-29 16:40:00,763 [INFO] 文本已保存: C:\Users\13765\OneDrive\Desktop\研究生\数据要素\data\extracted\000157_中联重科_2024.md (20491字符)
2026-05-29 16:40:01,406 [INFO] 表格已保存: C:\Users\13765\OneDrive\Desktop\研究生\数据要素\data\extracted\000157_中联重科_2024_tables.json (0个表格)
2026-05-29 16:40:01,406 [INFO] [175/1056] 处理: 000157_中联重科_2025.pdf
2026-05-29 16:40:02,156 [INFO] 文本已保存: C:\Users\13765\OneDrive\Desktop\研究生\数据要素\data\extracted\000157_中联重科_2025.md (20416字符)
2026-05-29 16:40:02,872 [INFO] 表格已保存: C:\Users\13765\OneDrive\Desktop\研究生\数据要素\data\extracted\000157_中联重科_2025_tables.json (0个表格)
2026-05-29 16:40:02,872 [INFO] [176/1056] 跳过(已存在): 000157_中联重科_2026.pdf
2026-05-29 16:40:02,872 [INFO] [177/1056] 处理: 000166_申万宏源_2019.pdf
2026-05-29 16:40:03,517 [INFO] 文本已保存: C:\Users\13765\OneDrive\Desktop\研究生\数据要素\data\extracted\000166_申万宏源_2019.md (21929字符)
2026-05-29 16:40:04,213 [INFO] 表格已保存: C:\Users\13765\OneDrive\Desktop\研究生\数据要素\data\extracted\000166_申万宏源_2019_tables.json (2个表格)
2026-05-29 16:40:04,213 [INFO] [178/1056] 处理: 000166_申万宏源_2020.pdf
2026-05-29 16:40:23,243 [INFO] 文本已保存: C:\Users\13765\OneDrive\Desktop\研究生\数据要素\data\extracted\000166_申万宏源_2020.md (48144字符)
2026-05-29 16:40:42,301 [INFO] 表格已保存: C:\Users\13765\OneDrive\Desktop\研究生\数据要素\data\extracted\000166_申万宏源_2020_tables.json (22个表格)
2026-05-29 16:40:42,302 [INFO] [179/1056] 处理: 000166_申万宏源_2021.pdf
2026-05-29 16:40:47,547 [INFO] 文本已保存: C:\Users\13765\OneDrive\Desktop\研究生\数据要素\data\extracted\000166_申万宏源_2021.md (59851字符)
2026-05-29 16:40:52,218 [INFO] 表格已保存: C:\Users\13765\OneDrive\Desktop\研究生\数据要素\data\extracted\000166_申万宏源_2021_tables.json (23个表格)
2026-05-29 16:40:52,219 [INFO] [180/1056] 处理: 000166_申万宏源_2022.pdf
2026-05-29 16:40:54,880 [INFO] 文本已保存: C:\Users\13765\OneDrive\Desktop\研究生\数据要素\data\extracted\000166_申万宏源_2022.md (56653字符)
2026-05-29 16:40:57,429 [INFO] 表格已保存: C:\Users\13765\OneDrive\Desktop\研究生\数据要素\data\extracted\000166_申万宏源_2022_tables.json (72个表格)
2026-05-29 16:40:57,429 [INFO] [181/1056] 处理: 000166_申万宏源_2023.pdf
2026-05-29 16:41:00,691 [INFO] 文本已保存: C:\Users\13765\OneDrive\Desktop\研究生\数据要素\data\extracted\000166_申万宏源_2023.md (63712字符)
2026-05-29 16:41:03,774 [INFO] 表格已保存: C:\Users\13765\OneDrive\Desktop\研究生\数据要素\data\extracted\000166_申万宏源_2023_tables.json (9个表格)
2026-05-29 16:41:03,774 [INFO] [182/1056] 处理: 000166_申万宏源_2024.pdf
2026-05-29 16:41:07,424 [INFO] 文本已保存: C:\Users\13765\OneDrive\Desktop\研究生\数据要素\data\extracted\000166_申万宏源_2024.md (73372字符)
2026-05-29 16:41:11,013 [INFO] 表格已保存: C:\Users\13765\OneDrive\Desktop\研究生\数据要素\data\extracted\000166_申万宏源_2024_tables.json (20个表格)
2026-05-29 16:41:11,013 [INFO] [183/1056] 处理: 000166_申万宏源_2025.pdf
2026-05-29 16:41:14,602 [INFO] 文本已保存: C:\Users\13765\OneDrive\Desktop\研究生\数据要素\data\extracted\000166_申万宏源_2025.md (93107字符)
2026-05-29 16:41:18,046 [INFO] 表格已保存: C:\Users\13765\OneDrive\Desktop\研究生\数据要素\data\extracted\000166_申万宏源_2025_tables.json (15个表格)
2026-05-29 16:41:18,047 [INFO] [184/1056] 处理: 000166_申万宏源_2026.pdf
2026-05-29 16:41:22,468 [INFO] 文本已保存: C:\Users\13765\OneDrive\Desktop\研究生\数据要素\data\extracted\000166_申万宏源_2026.md (111799字符)
2026-05-29 16:41:26,747 [INFO] 表格已保存: C:\Users\13765\OneDrive\Desktop\研究生\数据要素\data\extracted\000166_申万宏源_2026_tables.json (57个表格)
2026-05-29 16:41:26,747 [INFO] [185/1056] 处理: 000333_美的集团_2019.pdf
2026-05-29 16:41:34,131 [INFO] 文本已保存: C:\Users\13765\OneDrive\Desktop\研究生\数据要素\data\extracted\000333_美的集团_2019.md (40752字符)
2026-05-29 16:41:41,524 [INFO] 表格已保存: C:\Users\13765\OneDrive\Desktop\研究生\数据要素\data\extracted\000333_美的集团_2019_tables.json (36个表格)
2026-05-29 16:41:41,524 [INFO] [186/1056] 处理: 000333_美的集团_2020.pdf
2026-05-29 16:42:35,666 [INFO] 文本已保存: C:\Users\13765\OneDrive\Desktop\研究生\数据要素\data\extracted\000333_美的集团_2020.md (513字符)
2026-05-29 16:43:31,074 [INFO] 表格已保存: C:\Users\13765\OneDrive\Desktop\研究生\数据要素\data\extracted\000333_美的集团_2020_tables.json (0个表格)
2026-05-29 16:43:31,074 [INFO] [187/1056] 处理: 000333_美的集团_2021.pdf
2026-05-29 16:43:31,170 [INFO] 文本已保存: C:\Users\13765\OneDrive\Desktop\研究生\数据要素\data\extracted\000333_美的集团_2021.md (451字符)
2026-05-29 16:43:31,222 [INFO] 表格已保存: C:\Users\13765\OneDrive\Desktop\研究生\数据要素\data\extracted\000333_美的集团_2021_tables.json (0个表格)
2026-05-29 16:43:31,222 [INFO] [188/1056] 处理: 000333_美的集团_2022.pdf
2026-05-29 16:43:40,940 [INFO] 文本已保存: C:\Users\13765\OneDrive\Desktop\研究生\数据要素\data\extracted\000333_美的集团_2022.md (52186字符)
2026-05-29 16:43:48,974 [INFO] 表格已保存: C:\Users\13765\OneDrive\Desktop\研究生\数据要素\data\extracted\000333_美的集团_2022_tables.json (16个表格)
2026-05-29 16:43:48,974 [INFO] [189/1056] 处理: 000333_美的集团_2023.pdf
2026-05-29 16:43:52,263 [INFO] 文本已保存: C:\Users\13765\OneDrive\Desktop\研究生\数据要素\data\extracted\000333_美的集团_2023.md (53086字符)
2026-05-29 16:43:55,307 [INFO] 表格已保存: C:\Users\13765\OneDrive\Desktop\研究生\数据要素\data\extracted\000333_美的集团_2023_tables.json (22个表格)
2026-05-29 16:43:55,307 [INFO] [190/1056] 处理: 000333_美的集团_2024.pdf
2026-05-29 16:43:58,857 [INFO] 文本已保存: C:\Users\13765\OneDrive\Desktop\研究生\数据要素\data\extracted\000333_美的集团_2024.md (77310字符)
2026-05-29 16:44:02,430 [INFO] 表格已保存: C:\Users\13765\OneDrive\Desktop\研究生\数据要素\data\extracted\000333_美的集团_2024_tables.json (11个表格)
2026-05-29 16:44:02,430 [INFO] [191/1056] 处理: 000333_美的集团_2025.pdf
2026-05-29 16:44:12,118 [INFO] 文本已保存: C:\Users\13765\OneDrive\Desktop\研究生\数据要素\data\extracted\000333_美的集团_2025.md (4267字符)
2026-05-29 16:44:21,636 [INFO] 表格已保存: C:\Users\13765\OneDrive\Desktop\研究生\数据要素\data\extracted\000333_美的集团_2025_tables.json (19个表格)
2026-05-29 16:44:21,637 [INFO] [192/1056] 跳过(已存在): 000333_美的集团_2026.pdf
2026-05-29 16:44:21,637 [INFO] [193/1056] 处理: 000338_潍柴动力_2019.pdf
2026-05-29 16:44:23,687 [INFO] 文本已保存: C:\Users\13765\OneDrive\Desktop\研究生\数据要素\data\extracted\000338_潍柴动力_2019.md (51372字符)
2026-05-29 16:44:25,549 [INFO] 表格已保存: C:\Users\13765\OneDrive\Desktop\研究生\数据要素\data\extracted\000338_潍柴动力_2019_tables.json (13个表格)
2026-05-29 16:44:25,549 [INFO] [194/1056] 处理: 000338_潍柴动力_2020.pdf
2026-05-29 16:44:27,102 [INFO] 文本已保存: C:\Users\13765\OneDrive\Desktop\研究生\数据要素\data\extracted\000338_潍柴动力_2020.md (41156字符)
2026-05-29 16:44:28,586 [INFO] 表格已保存: C:\Users\13765\OneDrive\Desktop\研究生\数据要素\data\extracted\000338_潍柴动力_2020_tables.json (9个表格)
2026-05-29 16:44:28,586 [INFO] [195/1056] 处理: 000338_潍柴动力_2021.pdf
2026-05-29 16:44:30,274 [INFO] 文本已保存: C:\Users\13765\OneDrive\Desktop\研究生\数据要素\data\extracted\000338_潍柴动力_2021.md (42890字符)
2026-05-29 16:44:31,883 [INFO] 表格已保存: C:\Users\13765\OneDrive\Desktop\研究生\数据要素\data\extracted\000338_潍柴动力_2021_tables.json (19个表格)
2026-05-29 16:44:31,883 [INFO] [196/1056] 处理: 000338_潍柴动力_2022.pdf
2026-05-29 16:44:38,516 [INFO] 文本已保存: C:\Users\13765\OneDrive\Desktop\研究生\数据要素\data\extracted\000338_潍柴动力_2022.md (58518字符)
2026-05-29 16:44:45,338 [INFO] 表格已保存: C:\Users\13765\OneDrive\Desktop\研究生\数据要素\data\extracted\000338_潍柴动力_2022_tables.json (65个表格)
2026-05-29 16:44:45,338 [INFO] [197/1056] 处理: 000338_潍柴动力_2023.pdf
2026-05-29 16:44:52,861 [INFO] 文本已保存: C:\Users\13765\OneDrive\Desktop\研究生\数据要素\data\extracted\000338_潍柴动力_2023.md (83299字符)
2026-05-29 16:45:00,221 [INFO] 表格已保存: C:\Users\13765\OneDrive\Desktop\研究生\数据要素\data\extracted\000338_潍柴动力_2023_tables.json (71个表格)
2026-05-29 16:45:00,221 [INFO] [198/1056] 处理: 000338_潍柴动力_2024.pdf
2026-05-29 16:45:07,787 [INFO] 文本已保存: C:\Users\13765\OneDrive\Desktop\研究生\数据要素\data\extracted\000338_潍柴动力_2024.md (83299字符)
2026-05-29 16:45:15,225 [INFO] 表格已保存: C:\Users\13765\OneDrive\Desktop\研究生\数据要素\data\extracted\000338_潍柴动力_2024_tables.json (71个表格)
2026-05-29 16:45:15,225 [INFO] [199/1056] 处理: 000338_潍柴动力_2025.pdf
2026-05-29 16:45:22,008 [INFO] 文本已保存: C:\Users\13765\OneDrive\Desktop\研究生\数据要素\data\extracted\000338_潍柴动力_2025.md (85917字符)
2026-05-29 16:45:28,489 [INFO] 表格已保存: C:\Users\13765\OneDrive\Desktop\研究生\数据要素\data\extracted\000338_潍柴动力_2025_tables.json (9个表格)
2026-05-29 16:45:28,489 [INFO] [200/1056] 跳过(已存在): 000338_潍柴动力_2026.pdf
2026-05-29 16:45:28,489 [INFO] [201/1056] 处理: 000400_许继电气_2019.pdf
2026-05-29 16:45:28,944 [INFO] 文本已保存: C:\Users\13765\OneDrive\Desktop\研究生\数据要素\data\extracted\000400_许继电气_2019.md (6750字符)
2026-05-29 16:45:29,164 [INFO] 表格已保存: C:\Users\13765\OneDrive\Desktop\研究生\数据要素\data\extracted\000400_许继电气_2019_tables.json (0个表格)
2026-05-29 16:45:29,164 [INFO] [202/1056] 处理: 000400_许继电气_2020.pdf
2026-05-29 16:45:29,378 [INFO] 文本已保存: C:\Users\13765\OneDrive\Desktop\研究生\数据要素\data\extracted\000400_许继电气_2020.md (5991字符)
2026-05-29 16:45:29,578 [INFO] 表格已保存: C:\Users\13765\OneDrive\Desktop\研究生\数据要素\data\extracted\000400_许继电气_2020_tables.json (0个表格)
2026-05-29 16:45:29,578 [INFO] [203/1056] 处理: 000400_许继电气_2021.pdf
2026-05-29 16:45:29,855 [INFO] 文本已保存: C:\Users\13765\OneDrive\Desktop\研究生\数据要素\data\extracted\000400_许继电气_2021.md (6352字符)
2026-05-29 16:45:30,040 [INFO] 表格已保存: C:\Users\13765\OneDrive\Desktop\研究生\数据要素\data\extracted\000400_许继电气_2021_tables.json (0个表格)
2026-05-29 16:45:30,040 [INFO] [204/1056] 处理: 000400_许继电气_2022.pdf
2026-05-29 16:45:30,228 [INFO] 文本已保存: C:\Users\13765\OneDrive\Desktop\研究生\数据要素\data\extracted\000400_许继电气_2022.md (5928字符)
2026-05-29 16:45:30,407 [INFO] 表格已保存: C:\Users\13765\OneDrive\Desktop\研究生\数据要素\data\extracted\000400_许继电气_2022_tables.json (0个表格)
2026-05-29 16:45:30,407 [INFO] [205/1056] 处理: 000400_许继电气_2023.pdf
2026-05-29 16:45:33,330 [INFO] 文本已保存: C:\Users\13765\OneDrive\Desktop\研究生\数据要素\data\extracted\000400_许继电气_2023.md (51219字符)
2026-05-29 16:45:36,240 [INFO] 表格已保存: C:\Users\13765\OneDrive\Desktop\研究生\数据要素\data\extracted\000400_许继电气_2023_tables.json (19个表格)
2026-05-29 16:45:36,240 [INFO] [206/1056] 处理: 000400_许继电气_2024.pdf
2026-05-29 16:45:38,304 [INFO] 文本已保存: C:\Users\13765\OneDrive\Desktop\研究生\数据要素\data\extracted\000400_许继电气_2024.md (46248字符)
2026-05-29 16:45:40,310 [INFO] 表格已保存: C:\Users\13765\OneDrive\Desktop\研究生\数据要素\data\extracted\000400_许继电气_2024_tables.json (23个表格)
2026-05-29 16:45:40,311 [INFO] [207/1056] 处理: 000400_许继电气_2025.pdf
2026-05-29 16:45:42,041 [INFO] 文本已保存: C:\Users\13765\OneDrive\Desktop\研究生\数据要素\data\extracted\000400_许继电气_2025.md (41430字符)
2026-05-29 16:45:43,727 [INFO] 表格已保存: C:\Users\13765\OneDrive\Desktop\研究生\数据要素\data\extracted\000400_许继电气_2025_tables.json (17个表格)
2026-05-29 16:45:43,727 [INFO] [208/1056] 处理: 000400_许继电气_2026.pdf
2026-05-29 16:45:50,513 [INFO] 文本已保存: C:\Users\13765\OneDrive\Desktop\研究生\数据要素\data\extracted\000400_许继电气_2026.md (61796字符)
2026-05-29 16:45:57,241 [INFO] 表格已保存: C:\Users\13765\OneDrive\Desktop\研究生\数据要素\data\extracted\000400_许继电气_2026_tables.json (21个表格)
2026-05-29 16:45:57,242 [INFO] [209/1056] 处理: 000401_金隅冀东_2019.pdf
2026-05-29 16:45:57,336 [INFO] 文本已保存: C:\Users\13765\OneDrive\Desktop\研究生\数据要素\data\extracted\000401_金隅冀东_2019.md (675字符)
2026-05-29 16:45:57,397 [INFO] 表格已保存: C:\Users\13765\OneDrive\Desktop\研究生\数据要素\data\extracted\000401_金隅冀东_2019_tables.json (0个表格)
2026-05-29 16:45:57,397 [INFO] [210/1056] 处理: 000401_金隅冀东_2020.pdf
2026-05-29 16:45:58,079 [INFO] 文本已保存: C:\Users\13765\OneDrive\Desktop\研究生\数据要素\data\extracted\000401_金隅冀东_2020.md (15880字符)
2026-05-29 16:45:58,531 [INFO] 表格已保存: C:\Users\13765\OneDrive\Desktop\研究生\数据要素\data\extracted\000401_金隅冀东_2020_tables.json (0个表格)
2026-05-29 16:45:58,531 [INFO] [211/1056] 处理: 000401_金隅冀东_2021.pdf
2026-05-29 16:45:59,145 [INFO] 文本已保存: C:\Users\13765\OneDrive\Desktop\研究生\数据要素\data\extracted\000401_金隅冀东_2021.md (11366字符)
2026-05-29 16:45:59,668 [INFO] 表格已保存: C:\Users\13765\OneDrive\Desktop\研究生\数据要素\data\extracted\000401_金隅冀东_2021_tables.json (3个表格)
2026-05-29 16:45:59,668 [INFO] [212/1056] 处理: 000401_金隅冀东_2022.pdf
2026-05-29 16:46:05,867 [INFO] 文本已保存: C:\Users\13765\OneDrive\Desktop\研究生\数据要素\data\extracted\000401_金隅冀东_2022.md (169257字符)
2026-05-29 16:46:11,875 [INFO] 表格已保存: C:\Users\13765\OneDrive\Desktop\研究生\数据要素\data\extracted\000401_金隅冀东_2022_tables.json (27个表格)
2026-05-29 16:46:11,875 [INFO] [213/1056] 处理: 000401_金隅冀东_2023.pdf
2026-05-29 16:46:12,386 [INFO] 文本已保存: C:\Users\13765\OneDrive\Desktop\研究生\数据要素\data\extracted\000401_金隅冀东_2023.md (14542字符)
2026-05-29 16:46:13,095 [INFO] 表格已保存: C:\Users\13765\OneDrive\Desktop\研究生\数据要素\data\extracted\000401_金隅冀东_2023_tables.json (0个表格)
2026-05-29 16:46:13,095 [INFO] [214/1056] 处理: 000401_金隅冀东_2024.pdf
2026-05-29 16:46:14,430 [INFO] 文本已保存: C:\Users\13765\OneDrive\Desktop\研究生\数据要素\data\extracted\000401_金隅冀东_2024.md (30043字符)
2026-05-29 16:46:15,739 [INFO] 表格已保存: C:\Users\13765\OneDrive\Desktop\研究生\数据要素\data\extracted\000401_金隅冀东_2024_tables.json (14个表格)
2026-05-29 16:46:15,739 [INFO] [215/1056] 处理: 000401_金隅冀东_2025.pdf
2026-05-29 16:46:17,035 [INFO] 文本已保存: C:\Users\13765\OneDrive\Desktop\研究生\数据要素\data\extracted\000401_金隅冀东_2025.md (27740字符)
2026-05-29 16:46:18,292 [INFO] 表格已保存: C:\Users\13765\OneDrive\Desktop\研究生\数据要素\data\extracted\000401_金隅冀东_2025_tables.json (11个表格)
2026-05-29 16:46:18,292 [INFO] [216/1056] 处理: 000401_金隅冀东_2026.pdf
2026-05-29 16:46:21,501 [INFO] 文本已保存: C:\Users\13765\OneDrive\Desktop\研究生\数据要素\data\extracted\000401_金隅冀东_2026.md (58847字符)
2026-05-29 16:46:24,668 [INFO] 表格已保存: C:\Users\13765\OneDrive\Desktop\研究生\数据要素\data\extracted\000401_金隅冀东_2026_tables.json (20个表格)
2026-05-29 16:46:24,668 [INFO] [217/1056] 处理: 000402_金融街_2019.pdf
2026-05-29 16:46:25,497 [INFO] 文本已保存: C:\Users\13765\OneDrive\Desktop\研究生\数据要素\data\extracted\000402_金融街_2019.md (18123字符)
2026-05-29 16:46:26,177 [INFO] 表格已保存: C:\Users\13765\OneDrive\Desktop\研究生\数据要素\data\extracted\000402_金融街_2019_tables.json (2个表格)
2026-05-29 16:46:26,177 [INFO] [218/1056] 处理: 000402_金融街_2020.pdf
2026-05-29 16:46:27,520 [INFO] 文本已保存: C:\Users\13765\OneDrive\Desktop\研究生\数据要素\data\extracted\000402_金融街_2020.md (24900字符)
2026-05-29 16:46:28,817 [INFO] 表格已保存: C:\Users\13765\OneDrive\Desktop\研究生\数据要素\data\extracted\000402_金融街_2020_tables.json (5个表格)
2026-05-29 16:46:28,817 [INFO] [219/1056] 处理: 000402_金融街_2021.pdf
2026-05-29 16:46:29,981 [INFO] 文本已保存: C:\Users\13765\OneDrive\Desktop\研究生\数据要素\data\extracted\000402_金融街_2021.md (29397字符)
2026-05-29 16:46:31,104 [INFO] 表格已保存: C:\Users\13765\OneDrive\Desktop\研究生\数据要素\data\extracted\000402_金融街_2021_tables.json (2个表格)
2026-05-29 16:46:31,104 [INFO] [220/1056] 处理: 000402_金融街_2022.pdf
2026-05-29 16:46:34,826 [INFO] 文本已保存: C:\Users\13765\OneDrive\Desktop\研究生\数据要素\data\extracted\000402_金融街_2022.md (62464字符)
2026-05-29 16:46:38,562 [INFO] 表格已保存: C:\Users\13765\OneDrive\Desktop\研究生\数据要素\data\extracted\000402_金融街_2022_tables.json (71个表格)
2026-05-29 16:46:38,563 [INFO] [221/1056] 处理: 000402_金融街_2023.pdf
2026-05-29 16:46:43,896 [INFO] 文本已保存: C:\Users\13765\OneDrive\Desktop\研究生\数据要素\data\extracted\000402_金融街_2023.md (53513字符)
2026-05-29 16:46:49,147 [INFO] 表格已保存: C:\Users\13765\OneDrive\Desktop\研究生\数据要素\data\extracted\000402_金融街_2023_tables.json (82个表格)
2026-05-29 16:46:49,148 [INFO] [222/1056] 处理: 000402_金融街_2024.pdf
2026-05-29 16:46:51,564 [INFO] 文本已保存: C:\Users\13765\OneDrive\Desktop\研究生\数据要素\data\extracted\000402_金融街_2024.md (55937字符)
2026-05-29 16:46:53,892 [INFO] 表格已保存: C:\Users\13765\OneDrive\Desktop\研究生\数据要素\data\extracted\000402_金融街_2024_tables.json (26个表格)
2026-05-29 16:46:53,893 [INFO] [223/1056] 处理: 000402_金融街_2025.pdf
2026-05-29 16:46:56,526 [INFO] 文本已保存: C:\Users\13765\OneDrive\Desktop\研究生\数据要素\data\extracted\000402_金融街_2025.md (62694字符)
2026-05-29 16:46:59,005 [INFO] 表格已保存: C:\Users\13765\OneDrive\Desktop\研究生\数据要素\data\extracted\000402_金融街_2025_tables.json (68个表格)
2026-05-29 16:46:59,006 [INFO] [224/1056] 处理: 000402_金融街_2026.pdf
2026-05-29 16:47:03,388 [INFO] 文本已保存: C:\Users\13765\OneDrive\Desktop\研究生\数据要素\data\extracted\000402_金融街_2026.md (57344字符)
2026-05-29 16:47:07,581 [INFO] 表格已保存: C:\Users\13765\OneDrive\Desktop\研究生\数据要素\data\extracted\000402_金融街_2026_tables.json (53个表格)
2026-05-29 16:47:07,582 [INFO] [225/1056] 处理: 000407_胜利股份_2019.pdf
2026-05-29 16:47:08,491 [INFO] 文本已保存: C:\Users\13765\OneDrive\Desktop\研究生\数据要素\data\extracted\000407_胜利股份_2019.md (10146字符)
2026-05-29 16:47:09,246 [INFO] 表格已保存: C:\Users\13765\OneDrive\Desktop\研究生\数据要素\data\extracted\000407_胜利股份_2019_tables.json (6个表格)
2026-05-29 16:47:09,246 [INFO] [226/1056] 处理: 000407_胜利股份_2020.pdf
2026-05-29 16:47:09,901 [INFO] 文本已保存: C:\Users\13765\OneDrive\Desktop\研究生\数据要素\data\extracted\000407_胜利股份_2020.md (11229字符)
2026-05-29 16:47:10,495 [INFO] 表格已保存: C:\Users\13765\OneDrive\Desktop\研究生\数据要素\data\extracted\000407_胜利股份_2020_tables.json (5个表格)
2026-05-29 16:47:10,495 [INFO] [227/1056] 处理: 000407_胜利股份_2021.pdf
2026-05-29 16:47:19,672 [INFO] 文本已保存: C:\Users\13765\OneDrive\Desktop\研究生\数据要素\data\extracted\000407_胜利股份_2021.md (451字符)
2026-05-29 16:47:29,141 [INFO] 表格已保存: C:\Users\13765\OneDrive\Desktop\研究生\数据要素\data\extracted\000407_胜利股份_2021_tables.json (0个表格)
2026-05-29 16:47:29,141 [INFO] [228/1056] 处理: 000407_胜利股份_2022.pdf
2026-05-29 16:47:29,814 [INFO] 文本已保存: C:\Users\13765\OneDrive\Desktop\研究生\数据要素\data\extracted\000407_胜利股份_2022.md (12500字符)
2026-05-29 16:47:30,415 [INFO] 表格已保存: C:\Users\13765\OneDrive\Desktop\研究生\数据要素\data\extracted\000407_胜利股份_2022_tables.json (1个表格)
2026-05-29 16:47:30,415 [INFO] [229/1056] 处理: 000407_胜利股份_2023.pdf
2026-05-29 16:47:31,486 [INFO] 文本已保存: C:\Users\13765\OneDrive\Desktop\研究生\数据要素\data\extracted\000407_胜利股份_2023.md (10171字符)
2026-05-29 16:47:32,124 [INFO] 表格已保存: C:\Users\13765\OneDrive\Desktop\研究生\数据要素\data\extracted\000407_胜利股份_2023_tables.json (0个表格)
2026-05-29 16:47:32,125 [INFO] [230/1056] 处理: 000407_胜利股份_2024.pdf
2026-05-29 16:47:32,526 [INFO] 文本已保存: C:\Users\13765\OneDrive\Desktop\研究生\数据要素\data\extracted\000407_胜利股份_2024.md (12128字符)
2026-05-29 16:47:32,996 [INFO] 表格已保存: C:\Users\13765\OneDrive\Desktop\研究生\数据要素\data\extracted\000407_胜利股份_2024_tables.json (0个表格)
2026-05-29 16:47:32,996 [INFO] [231/1056] 处理: 000407_胜利股份_2025.pdf
2026-05-29 16:47:33,478 [INFO] 文本已保存: C:\Users\13765\OneDrive\Desktop\研究生\数据要素\data\extracted\000407_胜利股份_2025.md (14929字符)
2026-05-29 16:47:34,014 [INFO] 表格已保存: C:\Users\13765\OneDrive\Desktop\研究生\数据要素\data\extracted\000407_胜利股份_2025_tables.json (0个表格)
2026-05-29 16:47:34,014 [INFO] [232/1056] 处理: 000407_胜利股份_2026.pdf
2026-05-29 16:47:34,034 [INFO] 文本已保存: C:\Users\13765\OneDrive\Desktop\研究生\数据要素\data\extracted\000407_胜利股份_2026.md (199字符)
2026-05-29 16:47:34,047 [INFO] 表格已保存: C:\Users\13765\OneDrive\Desktop\研究生\数据要素\data\extracted\000407_胜利股份_2026_tables.json (0个表格)
2026-05-29 16:47:34,047 [INFO] [233/1056] 处理: 000415_渤海租赁_2019.pdf
2026-05-29 16:47:57,386 [INFO] 文本已保存: C:\Users\13765\OneDrive\Desktop\研究生\数据要素\data\extracted\000415_渤海租赁_2019.md (20660字符)
2026-05-29 16:48:20,984 [INFO] 表格已保存: C:\Users\13765\OneDrive\Desktop\研究生\数据要素\data\extracted\000415_渤海租赁_2019_tables.json (5个表格)
2026-05-29 16:48:20,984 [INFO] [234/1056] 处理: 000415_渤海租赁_2020.pdf
2026-05-29 16:48:21,076 [INFO] 文本已保存: C:\Users\13765\OneDrive\Desktop\研究生\数据要素\data\extracted\000415_渤海租赁_2020.md (367字符)
2026-05-29 16:48:21,145 [INFO] 表格已保存: C:\Users\13765\OneDrive\Desktop\研究生\数据要素\data\extracted\000415_渤海租赁_2020_tables.json (0个表格)
2026-05-29 16:48:21,145 [INFO] [235/1056] 处理: 000415_渤海租赁_2021.pdf
2026-05-29 16:48:21,184 [INFO] 文本已保存: C:\Users\13765\OneDrive\Desktop\研究生\数据要素\data\extracted\000415_渤海租赁_2021.md (311字符)
2026-05-29 16:48:21,207 [INFO] 表格已保存: C:\Users\13765\OneDrive\Desktop\研究生\数据要素\data\extracted\000415_渤海租赁_2021_tables.json (0个表格)
2026-05-29 16:48:21,207 [INFO] [236/1056] 处理: 000415_渤海租赁_2022.pdf
2026-05-29 16:48:21,244 [INFO] 文本已保存: C:\Users\13765\OneDrive\Desktop\研究生\数据要素\data\extracted\000415_渤海租赁_2022.md (451字符)
2026-05-29 16:48:21,274 [INFO] 表格已保存: C:\Users\13765\OneDrive\Desktop\研究生\数据要素\data\extracted\000415_渤海租赁_2022_tables.json (0个表格)
2026-05-29 16:48:21,275 [INFO] [237/1056] 处理: 000415_渤海租赁_2023.pdf
2026-05-29 16:48:21,324 [INFO] 文本已保存: C:\Users\13765\OneDrive\Desktop\研究生\数据要素\data\extracted\000415_渤海租赁_2023.md (577字符)
2026-05-29 16:48:21,359 [INFO] 表格已保存: C:\Users\13765\OneDrive\Desktop\研究生\数据要素\data\extracted\000415_渤海租赁_2023_tables.json (0个表格)
2026-05-29 16:48:21,359 [INFO] [238/1056] 处理: 000415_渤海租赁_2024.pdf
2026-05-29 16:48:21,397 [INFO] 文本已保存: C:\Users\13765\OneDrive\Desktop\研究生\数据要素\data\extracted\000415_渤海租赁_2024.md (409字符)
2026-05-29 16:48:21,424 [INFO] 表格已保存: C:\Users\13765\OneDrive\Desktop\研究生\数据要素\data\extracted\000415_渤海租赁_2024_tables.json (0个表格)
2026-05-29 16:48:21,424 [INFO] [239/1056] 处理: 000415_渤海租赁_2025.pdf
2026-05-29 16:48:21,475 [INFO] 文本已保存: C:\Users\13765\OneDrive\Desktop\研究生\数据要素\data\extracted\000415_渤海租赁_2025.md (479字符)
2026-05-29 16:48:21,513 [INFO] 表格已保存: C:\Users\13765\OneDrive\Desktop\研究生\数据要素\data\extracted\000415_渤海租赁_2025_tables.json (0个表格)
2026-05-29 16:48:21,513 [INFO] [240/1056] 处理: 000415_渤海租赁_2026.pdf
2026-05-29 16:48:21,594 [INFO] 文本已保存: C:\Users\13765\OneDrive\Desktop\研究生\数据要素\data\extracted\000415_渤海租赁_2026.md (661字符)
2026-05-29 16:48:21,642 [INFO] 表格已保存: C:\Users\13765\OneDrive\Desktop\研究生\数据要素\data\extracted\000415_渤海租赁_2026_tables.json (0个表格)
2026-05-29 16:48:21,642 [INFO] [241/1056] 处理: 000425_徐工机械_2019.pdf
2026-05-29 16:48:22,394 [INFO] 文本已保存: C:\Users\13765\OneDrive\Desktop\研究生\数据要素\data\extracted\000425_徐工机械_2019.md (9353字符)
2026-05-29 16:48:22,731 [INFO] 表格已保存: C:\Users\13765\OneDrive\Desktop\研究生\数据要素\data\extracted\000425_徐工机械_2019_tables.json (0个表格)
2026-05-29 16:48:22,731 [INFO] [242/1056] 处理: 000425_徐工机械_2020.pdf
2026-05-29 16:48:23,147 [INFO] 文本已保存: C:\Users\13765\OneDrive\Desktop\研究生\数据要素\data\extracted\000425_徐工机械_2020.md (11377字符)
2026-05-29 16:48:23,603 [INFO] 表格已保存: C:\Users\13765\OneDrive\Desktop\研究生\数据要素\data\extracted\000425_徐工机械_2020_tables.json (0个表格)
2026-05-29 16:48:23,603 [INFO] [243/1056] 处理: 000425_徐工机械_2021.pdf
2026-05-29 16:48:23,986 [INFO] 文本已保存: C:\Users\13765\OneDrive\Desktop\研究生\数据要素\data\extracted\000425_徐工机械_2021.md (12375字符)
2026-05-29 16:48:24,345 [INFO] 表格已保存: C:\Users\13765\OneDrive\Desktop\研究生\数据要素\data\extracted\000425_徐工机械_2021_tables.json (0个表格)
2026-05-29 16:48:24,345 [INFO] [244/1056] 处理: 000425_徐工机械_2022.pdf
2026-05-29 16:48:24,813 [INFO] 文本已保存: C:\Users\13765\OneDrive\Desktop\研究生\数据要素\data\extracted\000425_徐工机械_2022.md (12334字符)
2026-05-29 16:48:25,187 [INFO] 表格已保存: C:\Users\13765\OneDrive\Desktop\研究生\数据要素\data\extracted\000425_徐工机械_2022_tables.json (0个表格)
2026-05-29 16:48:25,187 [INFO] [245/1056] 处理: 000425_徐工机械_2023.pdf
2026-05-29 16:48:25,651 [INFO] 文本已保存: C:\Users\13765\OneDrive\Desktop\研究生\数据要素\data\extracted\000425_徐工机械_2023.md (9998字符)
2026-05-29 16:48:26,172 [INFO] 表格已保存: C:\Users\13765\OneDrive\Desktop\研究生\数据要素\data\extracted\000425_徐工机械_2023_tables.json (0个表格)
2026-05-29 16:48:26,172 [INFO] [246/1056] 处理: 000425_徐工机械_2024.pdf
2026-05-29 16:48:40,534 [INFO] 文本已保存: C:\Users\13765\OneDrive\Desktop\研究生\数据要素\data\extracted\000425_徐工机械_2024.md (42384字符)
2026-05-29 16:48:54,976 [INFO] 表格已保存: C:\Users\13765\OneDrive\Desktop\研究生\数据要素\data\extracted\000425_徐工机械_2024_tables.json (16个表格)
2026-05-29 16:48:54,976 [INFO] [247/1056] 处理: 000425_徐工机械_2025.pdf
2026-05-29 16:48:59,933 [INFO] 文本已保存: C:\Users\13765\OneDrive\Desktop\研究生\数据要素\data\extracted\000425_徐工机械_2025.md (67536字符)
2026-05-29 16:49:04,633 [INFO] 表格已保存: C:\Users\13765\OneDrive\Desktop\研究生\数据要素\data\extracted\000425_徐工机械_2025_tables.json (39个表格)
2026-05-29 16:49:04,633 [INFO] [248/1056] 处理: 000425_徐工机械_2026.pdf
2026-05-29 16:49:09,411 [INFO] 文本已保存: C:\Users\13765\OneDrive\Desktop\研究生\数据要素\data\extracted\000425_徐工机械_2026.md (94183字符)
2026-05-29 16:49:14,196 [INFO] 表格已保存: C:\Users\13765\OneDrive\Desktop\研究生\数据要素\data\extracted\000425_徐工机械_2026_tables.json (39个表格)
2026-05-29 16:49:14,196 [INFO] [249/1056] 处理: 000498_山东路桥_2019.pdf
2026-05-29 16:49:14,774 [INFO] 文本已保存: C:\Users\13765\OneDrive\Desktop\研究生\数据要素\data\extracted\000498_山东路桥_2019.md (17851字符)
2026-05-29 16:49:15,575 [INFO] 表格已保存: C:\Users\13765\OneDrive\Desktop\研究生\数据要素\data\extracted\000498_山东路桥_2019_tables.json (1个表格)
2026-05-29 16:49:15,575 [INFO] [250/1056] 处理: 000498_山东路桥_2020.pdf
2026-05-29 16:49:15,669 [INFO] 文本已保存: C:\Users\13765\OneDrive\Desktop\研究生\数据要素\data\extracted\000498_山东路桥_2020.md (763字符)
2026-05-29 16:49:15,740 [INFO] 表格已保存: C:\Users\13765\OneDrive\Desktop\研究生\数据要素\data\extracted\000498_山东路桥_2020_tables.json (0个表格)
2026-05-29 16:49:15,740 [INFO] [251/1056] 处理: 000498_山东路桥_2021.pdf
2026-05-29 16:49:18,952 [INFO] 文本已保存: C:\Users\13765\OneDrive\Desktop\研究生\数据要素\data\extracted\000498_山东路桥_2021.md (29148字符)
2026-05-29 16:49:22,086 [INFO] 表格已保存: C:\Users\13765\OneDrive\Desktop\研究生\数据要素\data\extracted\000498_山东路桥_2021_tables.json (6个表格)
2026-05-29 16:49:22,086 [INFO] [252/1056] 处理: 000498_山东路桥_2022.pdf
2026-05-29 16:49:22,640 [INFO] 文本已保存: C:\Users\13765\OneDrive\Desktop\研究生\数据要素\data\extracted\000498_山东路桥_2022.md (16571字符)
2026-05-29 16:49:23,046 [INFO] 表格已保存: C:\Users\13765\OneDrive\Desktop\研究生\数据要素\data\extracted\000498_山东路桥_2022_tables.json (2个表格)
2026-05-29 16:49:23,046 [INFO] [253/1056] 处理: 000498_山东路桥_2023.pdf
2026-05-29 16:49:26,034 [INFO] 文本已保存: C:\Users\13765\OneDrive\Desktop\研究生\数据要素\data\extracted\000498_山东路桥_2023.md (32230字符)
2026-05-29 16:49:29,034 [INFO] 表格已保存: C:\Users\13765\OneDrive\Desktop\研究生\数据要素\data\extracted\000498_山东路桥_2023_tables.json (17个表格)
2026-05-29 16:49:29,034 [INFO] [254/1056] 处理: 000498_山东路桥_2024.pdf
2026-05-29 16:49:30,472 [INFO] 文本已保存: C:\Users\13765\OneDrive\Desktop\研究生\数据要素\data\extracted\000498_山东路桥_2024.md (38548字符)
2026-05-29 16:49:31,788 [INFO] 表格已保存: C:\Users\13765\OneDrive\Desktop\研究生\数据要素\data\extracted\000498_山东路桥_2024_tables.json (24个表格)
2026-05-29 16:49:31,788 [INFO] [255/1056] 处理: 000498_山东路桥_2025.pdf
2026-05-29 16:49:39,557 [INFO] 文本已保存: C:\Users\13765\OneDrive\Desktop\研究生\数据要素\data\extracted\000498_山东路桥_2025.md (48153字符)
2026-05-29 16:49:47,347 [INFO] 表格已保存: C:\Users\13765\OneDrive\Desktop\研究生\数据要素\data\extracted\000498_山东路桥_2025_tables.json (12个表格)
2026-05-29 16:49:47,347 [INFO] [256/1056] 处理: 000498_山东路桥_2026.pdf
2026-05-29 16:49:49,594 [INFO] 文本已保存: C:\Users\13765\OneDrive\Desktop\研究生\数据要素\data\extracted\000498_山东路桥_2026.md (60514字符)
2026-05-29 16:49:51,581 [INFO] 表格已保存: C:\Users\13765\OneDrive\Desktop\研究生\数据要素\data\extracted\000498_山东路桥_2026_tables.json (9个表格)
2026-05-29 16:49:51,581 [INFO] [257/1056] 处理: 000513_丽珠集团_2019.pdf
2026-05-29 16:49:54,571 [INFO] 文本已保存: C:\Users\13765\OneDrive\Desktop\研究生\数据要素\data\extracted\000513_丽珠集团_2019.md (69746字符)
2026-05-29 16:49:57,416 [INFO] 表格已保存: C:\Users\13765\OneDrive\Desktop\研究生\数据要素\data\extracted\000513_丽珠集团_2019_tables.json (62个表格)
2026-05-29 16:49:57,416 [INFO] [258/1056] 处理: 000513_丽珠集团_2020.pdf
2026-05-29 16:50:03,428 [INFO] 文本已保存: C:\Users\13765\OneDrive\Desktop\研究生\数据要素\data\extracted\000513_丽珠集团_2020.md (69828字符)
2026-05-29 16:50:09,341 [INFO] 表格已保存: C:\Users\13765\OneDrive\Desktop\研究生\数据要素\data\extracted\000513_丽珠集团_2020_tables.json (55个表格)
2026-05-29 16:50:09,341 [INFO] [259/1056] 处理: 000513_丽珠集团_2021.pdf
2026-05-29 16:50:20,022 [INFO] 文本已保存: C:\Users\13765\OneDrive\Desktop\研究生\数据要素\data\extracted\000513_丽珠集团_2021.md (110531字符)
2026-05-29 16:50:30,682 [INFO] 表格已保存: C:\Users\13765\OneDrive\Desktop\研究生\数据要素\data\extracted\000513_丽珠集团_2021_tables.json (71个表格)
2026-05-29 16:50:30,682 [INFO] [260/1056] 处理: 000513_丽珠集团_2022.pdf
2026-05-29 16:52:02,513 [INFO] 文本已保存: C:\Users\13765\OneDrive\Desktop\研究生\数据要素\data\extracted\000513_丽珠集团_2022.md (1151350字符)
2026-05-29 16:53:34,039 [INFO] 表格已保存: C:\Users\13765\OneDrive\Desktop\研究生\数据要素\data\extracted\000513_丽珠集团_2022_tables.json (72个表格)
2026-05-29 16:53:34,040 [INFO] [261/1056] 处理: 000513_丽珠集团_2023.pdf
2026-05-29 16:53:43,145 [INFO] 文本已保存: C:\Users\13765\OneDrive\Desktop\研究生\数据要素\data\extracted\000513_丽珠集团_2023.md (222484字符)
2026-05-29 16:53:50,350 [INFO] 表格已保存: C:\Users\13765\OneDrive\Desktop\研究生\数据要素\data\extracted\000513_丽珠集团_2023_tables.json (148个表格)
2026-05-29 16:53:50,351 [INFO] [262/1056] 处理: 000513_丽珠集团_2024.pdf
2026-05-29 16:54:01,019 [INFO] 文本已保存: C:\Users\13765\OneDrive\Desktop\研究生\数据要素\data\extracted\000513_丽珠集团_2024.md (283009字符)
2026-05-29 16:54:11,350 [INFO] 表格已保存: C:\Users\13765\OneDrive\Desktop\研究生\数据要素\data\extracted\000513_丽珠集团_2024_tables.json (89个表格)
2026-05-29 16:54:11,350 [INFO] [263/1056] 处理: 000513_丽珠集团_2025.pdf
2026-05-29 16:54:17,934 [INFO] 文本已保存: C:\Users\13765\OneDrive\Desktop\研究生\数据要素\data\extracted\000513_丽珠集团_2025.md (182142字符)
2026-05-29 16:54:23,981 [INFO] 表格已保存: C:\Users\13765\OneDrive\Desktop\研究生\数据要素\data\extracted\000513_丽珠集团_2025_tables.json (70个表格)
2026-05-29 16:54:23,982 [INFO] [264/1056] 处理: 000513_丽珠集团_2026.pdf
2026-05-29 16:54:29,467 [INFO] 文本已保存: C:\Users\13765\OneDrive\Desktop\研究生\数据要素\data\extracted\000513_丽珠集团_2026.md (161566字符)
2026-05-29 16:54:34,847 [INFO] 表格已保存: C:\Users\13765\OneDrive\Desktop\研究生\数据要素\data\extracted\000513_丽珠集团_2026_tables.json (68个表格)
2026-05-29 16:54:34,847 [INFO] [265/1056] 处理: 000516_国际医学_2019.pdf
2026-05-29 16:54:35,381 [INFO] 文本已保存: C:\Users\13765\OneDrive\Desktop\研究生\数据要素\data\extracted\000516_国际医学_2019.md (11947字符)
2026-05-29 16:54:36,145 [INFO] 表格已保存: C:\Users\13765\OneDrive\Desktop\研究生\数据要素\data\extracted\000516_国际医学_2019_tables.json (1个表格)
2026-05-29 16:54:36,146 [INFO] [266/1056] 处理: 000516_国际医学_2020.pdf
2026-05-29 16:54:37,036 [INFO] 文本已保存: C:\Users\13765\OneDrive\Desktop\研究生\数据要素\data\extracted\000516_国际医学_2020.md (24167字符)
2026-05-29 16:54:37,957 [INFO] 表格已保存: C:\Users\13765\OneDrive\Desktop\研究生\数据要素\data\extracted\000516_国际医学_2020_tables.json (4个表格)
2026-05-29 16:54:37,958 [INFO] [267/1056] 处理: 000516_国际医学_2021.pdf
2026-05-29 16:54:45,435 [INFO] 文本已保存: C:\Users\13765\OneDrive\Desktop\研究生\数据要素\data\extracted\000516_国际医学_2021.md (20628字符)
2026-05-29 16:54:53,002 [INFO] 表格已保存: C:\Users\13765\OneDrive\Desktop\研究生\数据要素\data\extracted\000516_国际医学_2021_tables.json (13个表格)
2026-05-29 16:54:53,002 [INFO] [268/1056] 处理: 000516_国际医学_2022.pdf
2026-05-29 16:54:55,194 [INFO] 文本已保存: C:\Users\13765\OneDrive\Desktop\研究生\数据要素\data\extracted\000516_国际医学_2022.md (26662字符)
2026-05-29 16:54:57,326 [INFO] 表格已保存: C:\Users\13765\OneDrive\Desktop\研究生\数据要素\data\extracted\000516_国际医学_2022_tables.json (6个表格)
2026-05-29 16:54:57,327 [INFO] [269/1056] 处理: 000516_国际医学_2023.pdf
2026-05-29 16:54:58,017 [INFO] 文本已保存: C:\Users\13765\OneDrive\Desktop\研究生\数据要素\data\extracted\000516_国际医学_2023.md (21359字符)
2026-05-29 16:54:58,803 [INFO] 表格已保存: C:\Users\13765\OneDrive\Desktop\研究生\数据要素\data\extracted\000516_国际医学_2023_tables.json (3个表格)
2026-05-29 16:54:58,804 [INFO] [270/1056] 处理: 000516_国际医学_2024.pdf
2026-05-29 16:55:37,848 [INFO] 文本已保存: C:\Users\13765\OneDrive\Desktop\研究生\数据要素\data\extracted\000516_国际医学_2024.md (791字符)
2026-05-29 16:56:18,060 [INFO] 表格已保存: C:\Users\13765\OneDrive\Desktop\研究生\数据要素\data\extracted\000516_国际医学_2024_tables.json (0个表格)
2026-05-29 16:56:18,060 [INFO] [271/1056] 处理: 000516_国际医学_2025.pdf
2026-05-29 16:56:30,994 [INFO] 文本已保存: C:\Users\13765\OneDrive\Desktop\研究生\数据要素\data\extracted\000516_国际医学_2025.md (105592字符)
2026-05-29 16:56:42,701 [INFO] 表格已保存: C:\Users\13765\OneDrive\Desktop\研究生\数据要素\data\extracted\000516_国际医学_2025_tables.json (58个表格)
2026-05-29 16:56:42,702 [INFO] [272/1056] 处理: 000516_国际医学_2026.pdf
2026-05-29 16:59:58,002 [INFO] 文本已保存: C:\Users\13765\OneDrive\Desktop\研究生\数据要素\data\extracted\000516_国际医学_2026.md (71298字符)
2026-05-29 17:03:10,073 [INFO] 表格已保存: C:\Users\13765\OneDrive\Desktop\研究生\数据要素\data\extracted\000516_国际医学_2026_tables.json (43个表格)
2026-05-29 17:03:10,073 [INFO] [273/1056] 处理: 000517_荣安地产_2019.pdf
2026-05-29 17:03:11,726 [INFO] 文本已保存: C:\Users\13765\OneDrive\Desktop\研究生\数据要素\data\extracted\000517_荣安地产_2019.md (15583字符)
2026-05-29 17:03:13,957 [INFO] 表格已保存: C:\Users\13765\OneDrive\Desktop\研究生\数据要素\data\extracted\000517_荣安地产_2019_tables.json (9个表格)
2026-05-29 17:03:13,957 [INFO] [274/1056] 处理: 000517_荣安地产_2020.pdf
2026-05-29 17:03:15,977 [INFO] 文本已保存: C:\Users\13765\OneDrive\Desktop\研究生\数据要素\data\extracted\000517_荣安地产_2020.md (18242字符)
2026-05-29 17:03:17,973 [INFO] 表格已保存: C:\Users\13765\OneDrive\Desktop\研究生\数据要素\data\extracted\000517_荣安地产_2020_tables.json (12个表格)
2026-05-29 17:03:17,973 [INFO] [275/1056] 处理: 000517_荣安地产_2021.pdf
2026-05-29 17:03:20,285 [INFO] 文本已保存: C:\Users\13765\OneDrive\Desktop\研究生\数据要素\data\extracted\000517_荣安地产_2021.md (19602字符)
2026-05-29 17:03:22,496 [INFO] 表格已保存: C:\Users\13765\OneDrive\Desktop\研究生\数据要素\data\extracted\000517_荣安地产_2021_tables.json (6个表格)
2026-05-29 17:03:22,496 [INFO] [276/1056] 处理: 000517_荣安地产_2022.pdf
2026-05-29 17:03:23,876 [INFO] 文本已保存: C:\Users\13765\OneDrive\Desktop\研究生\数据要素\data\extracted\000517_荣安地产_2022.md (20088字符)
2026-05-29 17:03:25,100 [INFO] 表格已保存: C:\Users\13765\OneDrive\Desktop\研究生\数据要素\data\extracted\000517_荣安地产_2022_tables.json (24个表格)
2026-05-29 17:03:25,100 [INFO] [277/1056] 处理: 000517_荣安地产_2023.pdf
2026-05-29 17:03:25,208 [INFO] 文本已保存: C:\Users\13765\OneDrive\Desktop\研究生\数据要素\data\extracted\000517_荣安地产_2023.md (381字符)
2026-05-29 17:03:25,301 [INFO] 表格已保存: C:\Users\13765\OneDrive\Desktop\研究生\数据要素\data\extracted\000517_荣安地产_2023_tables.json (0个表格)
2026-05-29 17:03:25,301 [INFO] [278/1056] 处理: 000517_荣安地产_2024.pdf
2026-05-29 17:03:25,409 [INFO] 文本已保存: C:\Users\13765\OneDrive\Desktop\研究生\数据要素\data\extracted\000517_荣安地产_2024.md (353字符)
2026-05-29 17:03:25,493 [INFO] 表格已保存: C:\Users\13765\OneDrive\Desktop\研究生\数据要素\data\extracted\000517_荣安地产_2024_tables.json (0个表格)
2026-05-29 17:03:25,493 [INFO] [279/1056] 处理: 000517_荣安地产_2025.pdf
2026-05-29 17:03:25,558 [INFO] 文本已保存: C:\Users\13765\OneDrive\Desktop\研究生\数据要素\data\extracted\000517_荣安地产_2025.md (353字符)
2026-05-29 17:03:25,613 [INFO] 表格已保存: C:\Users\13765\OneDrive\Desktop\研究生\数据要素\data\extracted\000517_荣安地产_2025_tables.json (0个表格)
2026-05-29 17:03:25,613 [INFO] [280/1056] 处理: 000517_荣安地产_2026.pdf
2026-05-29 17:03:28,336 [INFO] 文本已保存: C:\Users\13765\OneDrive\Desktop\研究生\数据要素\data\extracted\000517_荣安地产_2026.md (21706字符)
2026-05-29 17:03:30,897 [INFO] 表格已保存: C:\Users\13765\OneDrive\Desktop\研究生\数据要素\data\extracted\000517_荣安地产_2026_tables.json (3个表格)
2026-05-29 17:03:30,897 [INFO] [281/1056] 处理: 000528_柳工_2019.pdf
2026-05-29 17:03:32,546 [INFO] 文本已保存: C:\Users\13765\OneDrive\Desktop\研究生\数据要素\data\extracted\000528_柳工_2019.md (29057字符)
2026-05-29 17:03:34,095 [INFO] 表格已保存: C:\Users\13765\OneDrive\Desktop\研究生\数据要素\data\extracted\000528_柳工_2019_tables.json (9个表格)
2026-05-29 17:03:34,095 [INFO] [282/1056] 处理: 000528_柳工_2020.pdf
2026-05-29 17:03:35,979 [INFO] 文本已保存: C:\Users\13765\OneDrive\Desktop\研究生\数据要素\data\extracted\000528_柳工_2020.md (29969字符)
2026-05-29 17:03:38,076 [INFO] 表格已保存: C:\Users\13765\OneDrive\Desktop\研究生\数据要素\data\extracted\000528_柳工_2020_tables.json (12个表格)
2026-05-29 17:03:38,076 [INFO] [283/1056] 处理: 000528_柳工_2021.pdf
2026-05-29 17:03:39,924 [INFO] 文本已保存: C:\Users\13765\OneDrive\Desktop\研究生\数据要素\data\extracted\000528_柳工_2021.md (33899字符)
2026-05-29 17:03:41,659 [INFO] 表格已保存: C:\Users\13765\OneDrive\Desktop\研究生\数据要素\data\extracted\000528_柳工_2021_tables.json (6个表格)
2026-05-29 17:03:41,660 [INFO] [284/1056] 处理: 000528_柳工_2022.pdf
2026-05-29 17:03:43,776 [INFO] 文本已保存: C:\Users\13765\OneDrive\Desktop\研究生\数据要素\data\extracted\000528_柳工_2022.md (39743字符)
2026-05-29 17:03:45,986 [INFO] 表格已保存: C:\Users\13765\OneDrive\Desktop\研究生\数据要素\data\extracted\000528_柳工_2022_tables.json (4个表格)
2026-05-29 17:03:45,986 [INFO] [285/1056] 处理: 000528_柳工_2023.pdf
2026-05-29 17:03:47,965 [INFO] 文本已保存: C:\Users\13765\OneDrive\Desktop\研究生\数据要素\data\extracted\000528_柳工_2023.md (40222字符)
2026-05-29 17:03:49,909 [INFO] 表格已保存: C:\Users\13765\OneDrive\Desktop\研究生\数据要素\data\extracted\000528_柳工_2023_tables.json (3个表格)
2026-05-29 17:03:49,909 [INFO] [286/1056] 处理: 000528_柳工_2024.pdf
2026-05-29 17:03:51,237 [INFO] 文本已保存: C:\Users\13765\OneDrive\Desktop\研究生\数据要素\data\extracted\000528_柳工_2024.md (42058字符)
2026-05-29 17:03:52,563 [INFO] 表格已保存: C:\Users\13765\OneDrive\Desktop\研究生\数据要素\data\extracted\000528_柳工_2024_tables.json (75个表格)
2026-05-29 17:03:52,563 [INFO] [287/1056] 处理: 000528_柳工_2025.pdf
2026-05-29 17:04:00,971 [INFO] 文本已保存: C:\Users\13765\OneDrive\Desktop\研究生\数据要素\data\extracted\000528_柳工_2025.md (124753字符)
2026-05-29 17:04:09,239 [INFO] 表格已保存: C:\Users\13765\OneDrive\Desktop\研究生\数据要素\data\extracted\000528_柳工_2025_tables.json (50个表格)
2026-05-29 17:04:09,239 [INFO] [288/1056] 处理: 000528_柳工_2026.pdf
2026-05-29 17:04:16,410 [INFO] 文本已保存: C:\Users\13765\OneDrive\Desktop\研究生\数据要素\data\extracted\000528_柳工_2026.md (103065字符)
2026-05-29 17:04:23,418 [INFO] 表格已保存: C:\Users\13765\OneDrive\Desktop\研究生\数据要素\data\extracted\000528_柳工_2026_tables.json (59个表格)
2026-05-29 17:04:23,419 [INFO] [289/1056] 处理: 000530_冰山冷热_2019.pdf
2026-05-29 17:04:23,554 [INFO] 文本已保存: C:\Users\13765\OneDrive\Desktop\研究生\数据要素\data\extracted\000530_冰山冷热_2019.md (3748字符)
2026-05-29 17:04:23,679 [INFO] 表格已保存: C:\Users\13765\OneDrive\Desktop\研究生\数据要素\data\extracted\000530_冰山冷热_2019_tables.json (0个表格)
2026-05-29 17:04:23,679 [INFO] [290/1056] 处理: 000530_冰山冷热_2020.pdf
2026-05-29 17:04:23,821 [INFO] 文本已保存: C:\Users\13765\OneDrive\Desktop\研究生\数据要素\data\extracted\000530_冰山冷热_2020.md (3816字符)
2026-05-29 17:04:23,954 [INFO] 表格已保存: C:\Users\13765\OneDrive\Desktop\研究生\数据要素\data\extracted\000530_冰山冷热_2020_tables.json (0个表格)
2026-05-29 17:04:23,954 [INFO] [291/1056] 处理: 000530_冰山冷热_2021.pdf
2026-05-29 17:04:24,399 [INFO] 文本已保存: C:\Users\13765\OneDrive\Desktop\研究生\数据要素\data\extracted\000530_冰山冷热_2021.md (3797字符)
2026-05-29 17:04:24,526 [INFO] 表格已保存: C:\Users\13765\OneDrive\Desktop\研究生\数据要素\data\extracted\000530_冰山冷热_2021_tables.json (0个表格)
2026-05-29 17:04:24,526 [INFO] [292/1056] 处理: 000530_冰山冷热_2022.pdf
2026-05-29 17:04:24,660 [INFO] 文本已保存: C:\Users\13765\OneDrive\Desktop\研究生\数据要素\data\extracted\000530_冰山冷热_2022.md (3854字符)
2026-05-29 17:04:24,785 [INFO] 表格已保存: C:\Users\13765\OneDrive\Desktop\研究生\数据要素\data\extracted\000530_冰山冷热_2022_tables.json (0个表格)
2026-05-29 17:04:24,785 [INFO] [293/1056] 处理: 000530_冰山冷热_2023.pdf
2026-05-29 17:04:24,951 [INFO] 文本已保存: C:\Users\13765\OneDrive\Desktop\研究生\数据要素\data\extracted\000530_冰山冷热_2023.md (3424字符)
2026-05-29 17:04:25,112 [INFO] 表格已保存: C:\Users\13765\OneDrive\Desktop\研究生\数据要素\data\extracted\000530_冰山冷热_2023_tables.json (0个表格)
2026-05-29 17:04:25,112 [INFO] [294/1056] 处理: 000530_冰山冷热_2024.pdf
2026-05-29 17:04:25,289 [INFO] 文本已保存: C:\Users\13765\OneDrive\Desktop\研究生\数据要素\data\extracted\000530_冰山冷热_2024.md (3954字符)
2026-05-29 17:04:25,455 [INFO] 表格已保存: C:\Users\13765\OneDrive\Desktop\研究生\数据要素\data\extracted\000530_冰山冷热_2024_tables.json (0个表格)
2026-05-29 17:04:25,455 [INFO] [295/1056] 处理: 000530_冰山冷热_2025.pdf
2026-05-29 17:04:25,701 [INFO] 文本已保存: C:\Users\13765\OneDrive\Desktop\研究生\数据要素\data\extracted\000530_冰山冷热_2025.md (3850字符)
2026-05-29 17:04:25,861 [INFO] 表格已保存: C:\Users\13765\OneDrive\Desktop\研究生\数据要素\data\extracted\000530_冰山冷热_2025_tables.json (0个表格)
2026-05-29 17:04:25,861 [INFO] [296/1056] 处理: 000530_冰山冷热_2026.pdf
2026-05-29 17:04:26,127 [INFO] 文本已保存: C:\Users\13765\OneDrive\Desktop\研究生\数据要素\data\extracted\000530_冰山冷热_2026.md (4195字符)
2026-05-29 17:04:26,383 [INFO] 表格已保存: C:\Users\13765\OneDrive\Desktop\研究生\数据要素\data\extracted\000530_冰山冷热_2026_tables.json (0个表格)
2026-05-29 17:04:26,384 [INFO] [297/1056] 处理: 000536_华映科技_2019.pdf
2026-05-29 17:04:26,805 [INFO] 文本已保存: C:\Users\13765\OneDrive\Desktop\研究生\数据要素\data\extracted\000536_华映科技_2019.md (10471字符)
2026-05-29 17:04:27,285 [INFO] 表格已保存: C:\Users\13765\OneDrive\Desktop\研究生\数据要素\data\extracted\000536_华映科技_2019_tables.json (6个表格)
2026-05-29 17:04:27,285 [INFO] [298/1056] 处理: 000536_华映科技_2020.pdf
2026-05-29 17:04:27,759 [INFO] 文本已保存: C:\Users\13765\OneDrive\Desktop\研究生\数据要素\data\extracted\000536_华映科技_2020.md (11279字符)
2026-05-29 17:04:28,211 [INFO] 表格已保存: C:\Users\13765\OneDrive\Desktop\研究生\数据要素\data\extracted\000536_华映科技_2020_tables.json (4个表格)
2026-05-29 17:04:28,211 [INFO] [299/1056] 处理: 000536_华映科技_2021.pdf
2026-05-29 17:04:28,793 [INFO] 文本已保存: C:\Users\13765\OneDrive\Desktop\研究生\数据要素\data\extracted\000536_华映科技_2021.md (11660字符)
2026-05-29 17:04:29,285 [INFO] 表格已保存: C:\Users\13765\OneDrive\Desktop\研究生\数据要素\data\extracted\000536_华映科技_2021_tables.json (3个表格)
2026-05-29 17:04:29,285 [INFO] [300/1056] 处理: 000536_华映科技_2022.pdf
2026-05-29 17:04:29,869 [INFO] 文本已保存: C:\Users\13765\OneDrive\Desktop\研究生\数据要素\data\extracted\000536_华映科技_2022.md (11660字符)
2026-05-29 17:04:30,360 [INFO] 表格已保存: C:\Users\13765\OneDrive\Desktop\研究生\数据要素\data\extracted\000536_华映科技_2022_tables.json (3个表格)
2026-05-29 17:04:30,360 [INFO] [301/1056] 处理: 000536_华映科技_2023.pdf
2026-05-29 17:04:30,953 [INFO] 文本已保存: C:\Users\13765\OneDrive\Desktop\研究生\数据要素\data\extracted\000536_华映科技_2023.md (11860字符)
2026-05-29 17:04:31,605 [INFO] 表格已保存: C:\Users\13765\OneDrive\Desktop\研究生\数据要素\data\extracted\000536_华映科技_2023_tables.json (4个表格)
2026-05-29 17:04:31,605 [INFO] [302/1056] 处理: 000536_华映科技_2024.pdf
2026-05-29 17:04:32,137 [INFO] 文本已保存: C:\Users\13765\OneDrive\Desktop\研究生\数据要素\data\extracted\000536_华映科技_2024.md (11298字符)
2026-05-29 17:04:32,718 [INFO] 表格已保存: C:\Users\13765\OneDrive\Desktop\研究生\数据要素\data\extracted\000536_华映科技_2024_tables.json (12个表格)
2026-05-29 17:04:32,718 [INFO] [303/1056] 处理: 000536_华映科技_2025.pdf
2026-05-29 17:04:33,165 [INFO] 文本已保存: C:\Users\13765\OneDrive\Desktop\研究生\数据要素\data\extracted\000536_华映科技_2025.md (9401字符)
2026-05-29 17:04:33,600 [INFO] 表格已保存: C:\Users\13765\OneDrive\Desktop\研究生\数据要素\data\extracted\000536_华映科技_2025_tables.json (13个表格)
2026-05-29 17:04:33,600 [INFO] [304/1056] 处理: 000536_华映科技_2026.pdf
2026-05-29 17:04:34,097 [INFO] 文本已保存: C:\Users\13765\OneDrive\Desktop\研究生\数据要素\data\extracted\000536_华映科技_2026.md (9381字符)
2026-05-29 17:04:34,668 [INFO] 表格已保存: C:\Users\13765\OneDrive\Desktop\研究生\数据要素\data\extracted\000536_华映科技_2026_tables.json (4个表格)
2026-05-29 17:04:34,668 [INFO] [305/1056] 处理: 000538_云南白药_2019.pdf
2026-05-29 17:04:40,104 [INFO] 文本已保存: C:\Users\13765\OneDrive\Desktop\研究生\数据要素\data\extracted\000538_云南白药_2019.md (41957字符)
2026-05-29 17:04:45,524 [INFO] 表格已保存: C:\Users\13765\OneDrive\Desktop\研究生\数据要素\data\extracted\000538_云南白药_2019_tables.json (15个表格)
2026-05-29 17:04:45,524 [INFO] [306/1056] 处理: 000538_云南白药_2020.pdf
2026-05-29 17:05:18,011 [INFO] 文本已保存: C:\Users\13765\OneDrive\Desktop\研究生\数据要素\data\extracted\000538_云南白药_2020.md (41159字符)
2026-05-29 17:05:50,957 [INFO] 表格已保存: C:\Users\13765\OneDrive\Desktop\研究生\数据要素\data\extracted\000538_云南白药_2020_tables.json (7个表格)
2026-05-29 17:05:50,957 [INFO] [307/1056] 处理: 000538_云南白药_2021.pdf
2026-05-29 17:05:53,376 [INFO] 文本已保存: C:\Users\13765\OneDrive\Desktop\研究生\数据要素\data\extracted\000538_云南白药_2021.md (41147字符)
2026-05-29 17:05:54,776 [INFO] 表格已保存: C:\Users\13765\OneDrive\Desktop\研究生\数据要素\data\extracted\000538_云南白药_2021_tables.json (4个表格)
2026-05-29 17:05:54,776 [INFO] [308/1056] 处理: 000538_云南白药_2022.pdf
2026-05-29 17:05:56,679 [INFO] 文本已保存: C:\Users\13765\OneDrive\Desktop\研究生\数据要素\data\extracted\000538_云南白药_2022.md (51040字符)
2026-05-29 17:05:58,456 [INFO] 表格已保存: C:\Users\13765\OneDrive\Desktop\研究生\数据要素\data\extracted\000538_云南白药_2022_tables.json (14个表格)
2026-05-29 17:05:58,456 [INFO] [309/1056] 处理: 000538_云南白药_2023.pdf
2026-05-29 17:06:09,248 [INFO] 文本已保存: C:\Users\13765\OneDrive\Desktop\研究生\数据要素\data\extracted\000538_云南白药_2023.md (57508字符)
2026-05-29 17:06:19,872 [INFO] 表格已保存: C:\Users\13765\OneDrive\Desktop\研究生\数据要素\data\extracted\000538_云南白药_2023_tables.json (17个表格)
2026-05-29 17:06:19,872 [INFO] [310/1056] 处理: 000538_云南白药_2024.pdf
2026-05-29 17:06:25,376 [INFO] 文本已保存: C:\Users\13765\OneDrive\Desktop\研究生\数据要素\data\extracted\000538_云南白药_2024.md (88278字符)
2026-05-29 17:06:30,655 [INFO] 表格已保存: C:\Users\13765\OneDrive\Desktop\研究生\数据要素\data\extracted\000538_云南白药_2024_tables.json (42个表格)
2026-05-29 17:06:30,655 [INFO] [311/1056] 处理: 000538_云南白药_2025.pdf
2026-05-29 17:06:39,969 [INFO] 文本已保存: C:\Users\13765\OneDrive\Desktop\研究生\数据要素\data\extracted\000538_云南白药_2025.md (90654字符)
2026-05-29 17:06:49,160 [INFO] 表格已保存: C:\Users\13765\OneDrive\Desktop\研究生\数据要素\data\extracted\000538_云南白药_2025_tables.json (37个表格)
2026-05-29 17:06:49,160 [INFO] [312/1056] 跳过(已存在): 000538_云南白药_2026.pdf
2026-05-29 17:06:49,160 [INFO] [313/1056] 处理: 000539_粤电力A_2019.pdf
2026-05-29 17:06:51,494 [INFO] 文本已保存: C:\Users\13765\OneDrive\Desktop\研究生\数据要素\data\extracted\000539_粤电力A_2019.md (52110字符)
2026-05-29 17:06:53,500 [INFO] 表格已保存: C:\Users\13765\OneDrive\Desktop\研究生\数据要素\data\extracted\000539_粤电力A_2019_tables.json (77个表格)
2026-05-29 17:06:53,500 [INFO] [314/1056] 处理: 000539_粤电力A_2020.pdf
2026-05-29 17:06:55,399 [INFO] 文本已保存: C:\Users\13765\OneDrive\Desktop\研究生\数据要素\data\extracted\000539_粤电力A_2020.md (48737字符)
2026-05-29 17:06:57,202 [INFO] 表格已保存: C:\Users\13765\OneDrive\Desktop\研究生\数据要素\data\extracted\000539_粤电力A_2020_tables.json (70个表格)
2026-05-29 17:06:57,202 [INFO] [315/1056] 处理: 000539_粤电力A_2021.pdf
2026-05-29 17:06:58,435 [INFO] 文本已保存: C:\Users\13765\OneDrive\Desktop\研究生\数据要素\data\extracted\000539_粤电力A_2021.md (24131字符)
2026-05-29 17:06:59,596 [INFO] 表格已保存: C:\Users\13765\OneDrive\Desktop\研究生\数据要素\data\extracted\000539_粤电力A_2021_tables.json (0个表格)
2026-05-29 17:06:59,597 [INFO] [316/1056] 处理: 000539_粤电力A_2022.pdf
2026-05-29 17:07:01,158 [INFO] 文本已保存: C:\Users\13765\OneDrive\Desktop\研究生\数据要素\data\extracted\000539_粤电力A_2022.md (25160字符)
2026-05-29 17:07:02,707 [INFO] 表格已保存: C:\Users\13765\OneDrive\Desktop\研究生\数据要素\data\extracted\000539_粤电力A_2022_tables.json (3个表格)
2026-05-29 17:07:02,707 [INFO] [317/1056] 处理: 000539_粤电力A_2023.pdf
2026-05-29 17:07:02,866 [INFO] 文本已保存: C:\Users\13765\OneDrive\Desktop\研究生\数据要素\data\extracted\000539_粤电力A_2023.md (3118字符)
2026-05-29 17:07:03,024 [INFO] 表格已保存: C:\Users\13765\OneDrive\Desktop\研究生\数据要素\data\extracted\000539_粤电力A_2023_tables.json (2个表格)
2026-05-29 17:07:03,024 [INFO] [318/1056] 处理: 000539_粤电力A_2024.pdf
2026-05-29 17:07:03,540 [INFO] 文本已保存: C:\Users\13765\OneDrive\Desktop\研究生\数据要素\data\extracted\000539_粤电力A_2024.md (13796字符)
2026-05-29 17:07:04,146 [INFO] 表格已保存: C:\Users\13765\OneDrive\Desktop\研究生\数据要素\data\extracted\000539_粤电力A_2024_tables.json (11个表格)
2026-05-29 17:07:04,147 [INFO] [319/1056] 处理: 000539_粤电力A_2025.pdf
2026-05-29 17:07:04,599 [INFO] 文本已保存: C:\Users\13765\OneDrive\Desktop\研究生\数据要素\data\extracted\000539_粤电力A_2025.md (11198字符)
2026-05-29 17:07:05,110 [INFO] 表格已保存: C:\Users\13765\OneDrive\Desktop\研究生\数据要素\data\extracted\000539_粤电力A_2025_tables.json (7个表格)
2026-05-29 17:07:05,111 [INFO] [320/1056] 处理: 000539_粤电力A_2026.pdf
2026-05-29 17:07:09,012 [INFO] 文本已保存: C:\Users\13765\OneDrive\Desktop\研究生\数据要素\data\extracted\000539_粤电力A_2026.md (43290字符)
2026-05-29 17:07:12,902 [INFO] 表格已保存: C:\Users\13765\OneDrive\Desktop\研究生\数据要素\data\extracted\000539_粤电力A_2026_tables.json (13个表格)
2026-05-29 17:07:12,902 [INFO] [321/1056] 处理: 000544_中原环保_2019.pdf
2026-05-29 17:07:13,149 [INFO] 文本已保存: C:\Users\13765\OneDrive\Desktop\研究生\数据要素\data\extracted\000544_中原环保_2019.md (5693字符)
2026-05-29 17:07:13,510 [INFO] 表格已保存: C:\Users\13765\OneDrive\Desktop\研究生\数据要素\data\extracted\000544_中原环保_2019_tables.json (0个表格)
2026-05-29 17:07:13,511 [INFO] [322/1056] 处理: 000544_中原环保_2020.pdf
2026-05-29 17:07:13,975 [INFO] 文本已保存: C:\Users\13765\OneDrive\Desktop\研究生\数据要素\data\extracted\000544_中原环保_2020.md (9958字符)
2026-05-29 17:07:14,414 [INFO] 表格已保存: C:\Users\13765\OneDrive\Desktop\研究生\数据要素\data\extracted\000544_中原环保_2020_tables.json (4个表格)
2026-05-29 17:07:14,414 [INFO] [323/1056] 处理: 000544_中原环保_2021.pdf
2026-05-29 17:07:15,036 [INFO] 文本已保存: C:\Users\13765\OneDrive\Desktop\研究生\数据要素\data\extracted\000544_中原环保_2021.md (9315字符)
2026-05-29 17:07:15,561 [INFO] 表格已保存: C:\Users\13765\OneDrive\Desktop\研究生\数据要素\data\extracted\000544_中原环保_2021_tables.json (1个表格)
2026-05-29 17:07:15,561 [INFO] [324/1056] 处理: 000544_中原环保_2022.pdf
2026-05-29 17:07:16,133 [INFO] 文本已保存: C:\Users\13765\OneDrive\Desktop\研究生\数据要素\data\extracted\000544_中原环保_2022.md (8542字符)
2026-05-29 17:07:16,617 [INFO] 表格已保存: C:\Users\13765\OneDrive\Desktop\研究生\数据要素\data\extracted\000544_中原环保_2022_tables.json (1个表格)
2026-05-29 17:07:16,617 [INFO] [325/1056] 处理: 000544_中原环保_2023.pdf
2026-05-29 17:07:16,970 [INFO] 文本已保存: C:\Users\13765\OneDrive\Desktop\研究生\数据要素\data\extracted\000544_中原环保_2023.md (7587字符)
2026-05-29 17:07:17,296 [INFO] 表格已保存: C:\Users\13765\OneDrive\Desktop\研究生\数据要素\data\extracted\000544_中原环保_2023_tables.json (0个表格)
2026-05-29 17:07:17,296 [INFO] [326/1056] 处理: 000544_中原环保_2024.pdf
2026-05-29 17:07:17,746 [INFO] 文本已保存: C:\Users\13765\OneDrive\Desktop\研究生\数据要素\data\extracted\000544_中原环保_2024.md (8313字符)
2026-05-29 17:07:18,102 [INFO] 表格已保存: C:\Users\13765\OneDrive\Desktop\研究生\数据要素\data\extracted\000544_中原环保_2024_tables.json (0个表格)
2026-05-29 17:07:18,102 [INFO] [327/1056] 处理: 000544_中原环保_2025.pdf
2026-05-29 17:07:18,595 [INFO] 文本已保存: C:\Users\13765\OneDrive\Desktop\研究生\数据要素\data\extracted\000544_中原环保_2025.md (8267字符)
2026-05-29 17:07:19,063 [INFO] 表格已保存: C:\Users\13765\OneDrive\Desktop\研究生\数据要素\data\extracted\000544_中原环保_2025_tables.json (0个表格)
2026-05-29 17:07:19,063 [INFO] [328/1056] 处理: 000544_中原环保_2026.pdf
2026-05-29 17:07:19,178 [INFO] 文本已保存: C:\Users\13765\OneDrive\Desktop\研究生\数据要素\data\extracted\000544_中原环保_2026.md (1750字符)
2026-05-29 17:07:19,253 [INFO] 表格已保存: C:\Users\13765\OneDrive\Desktop\研究生\数据要素\data\extracted\000544_中原环保_2026_tables.json (0个表格)
2026-05-29 17:07:19,253 [INFO] [329/1056] 处理: 000547_航天发展_2019.pdf
2026-05-29 17:07:19,612 [INFO] 文本已保存: C:\Users\13765\OneDrive\Desktop\研究生\数据要素\data\extracted\000547_航天发展_2019.md (9235字符)
2026-05-29 17:07:19,878 [INFO] 表格已保存: C:\Users\13765\OneDrive\Desktop\研究生\数据要素\data\extracted\000547_航天发展_2019_tables.json (0个表格)
2026-05-29 17:07:19,878 [INFO] [330/1056] 处理: 000547_航天发展_2020.pdf
2026-05-29 17:07:20,230 [INFO] 文本已保存: C:\Users\13765\OneDrive\Desktop\研究生\数据要素\data\extracted\000547_航天发展_2020.md (8644字符)
2026-05-29 17:07:20,647 [INFO] 表格已保存: C:\Users\13765\OneDrive\Desktop\研究生\数据要素\data\extracted\000547_航天发展_2020_tables.json (0个表格)
2026-05-29 17:07:20,647 [INFO] [331/1056] 处理: 000547_航天发展_2021.pdf
2026-05-29 17:07:20,886 [INFO] 文本已保存: C:\Users\13765\OneDrive\Desktop\研究生\数据要素\data\extracted\000547_航天发展_2021.md (8029字符)
2026-05-29 17:07:21,108 [INFO] 表格已保存: C:\Users\13765\OneDrive\Desktop\研究生\数据要素\data\extracted\000547_航天发展_2021_tables.json (0个表格)
2026-05-29 17:07:21,109 [INFO] [332/1056] 处理: 000547_航天发展_2022.pdf
2026-05-29 17:07:21,339 [INFO] 文本已保存: C:\Users\13765\OneDrive\Desktop\研究生\数据要素\data\extracted\000547_航天发展_2022.md (7619字符)
2026-05-29 17:07:21,642 [INFO] 表格已保存: C:\Users\13765\OneDrive\Desktop\研究生\数据要素\data\extracted\000547_航天发展_2022_tables.json (0个表格)
2026-05-29 17:07:21,642 [INFO] [333/1056] 处理: 000547_航天发展_2023.pdf
2026-05-29 17:07:21,959 [INFO] 文本已保存: C:\Users\13765\OneDrive\Desktop\研究生\数据要素\data\extracted\000547_航天发展_2023.md (7759字符)
2026-05-29 17:07:22,263 [INFO] 表格已保存: C:\Users\13765\OneDrive\Desktop\研究生\数据要素\data\extracted\000547_航天发展_2023_tables.json (0个表格)
2026-05-29 17:07:22,263 [INFO] [334/1056] 处理: 000547_航天发展_2024.pdf
2026-05-29 17:07:25,147 [INFO] 文本已保存: C:\Users\13765\OneDrive\Desktop\研究生\数据要素\data\extracted\000547_航天发展_2024.md (38382字符)
2026-05-29 17:07:28,066 [INFO] 表格已保存: C:\Users\13765\OneDrive\Desktop\研究生\数据要素\data\extracted\000547_航天发展_2024_tables.json (19个表格)
2026-05-29 17:07:28,066 [INFO] [335/1056] 处理: 000547_航天发展_2025.pdf
2026-05-29 17:07:28,924 [INFO] 文本已保存: C:\Users\13765\OneDrive\Desktop\研究生\数据要素\data\extracted\000547_航天发展_2025.md (24355字符)
2026-05-29 17:07:29,901 [INFO] 表格已保存: C:\Users\13765\OneDrive\Desktop\研究生\数据要素\data\extracted\000547_航天发展_2025_tables.json (11个表格)
2026-05-29 17:07:29,902 [INFO] [336/1056] 处理: 000547_航天发展_2026.pdf
2026-05-29 17:07:30,667 [INFO] 文本已保存: C:\Users\13765\OneDrive\Desktop\研究生\数据要素\data\extracted\000547_航天发展_2026.md (21854字符)
2026-05-29 17:07:31,428 [INFO] 表格已保存: C:\Users\13765\OneDrive\Desktop\研究生\数据要素\data\extracted\000547_航天发展_2026_tables.json (13个表格)
2026-05-29 17:07:31,428 [INFO] [337/1056] 处理: 000550_江铃汽车_2019.pdf
2026-05-29 17:07:32,393 [INFO] 文本已保存: C:\Users\13765\OneDrive\Desktop\研究生\数据要素\data\extracted\000550_江铃汽车_2019.md (21858字符)
2026-05-29 17:07:33,280 [INFO] 表格已保存: C:\Users\13765\OneDrive\Desktop\研究生\数据要素\data\extracted\000550_江铃汽车_2019_tables.json (14个表格)
2026-05-29 17:07:33,280 [INFO] [338/1056] 处理: 000550_江铃汽车_2020.pdf
2026-05-29 17:07:34,135 [INFO] 文本已保存: C:\Users\13765\OneDrive\Desktop\研究生\数据要素\data\extracted\000550_江铃汽车_2020.md (24200字符)
2026-05-29 17:07:34,917 [INFO] 表格已保存: C:\Users\13765\OneDrive\Desktop\研究生\数据要素\data\extracted\000550_江铃汽车_2020_tables.json (10个表格)
2026-05-29 17:07:34,917 [INFO] [339/1056] 处理: 000550_江铃汽车_2021.pdf
2026-05-29 17:08:19,046 [INFO] 文本已保存: C:\Users\13765\OneDrive\Desktop\研究生\数据要素\data\extracted\000550_江铃汽车_2021.md (521字符)
2026-05-29 17:09:03,205 [INFO] 表格已保存: C:\Users\13765\OneDrive\Desktop\研究生\数据要素\data\extracted\000550_江铃汽车_2021_tables.json (0个表格)
2026-05-29 17:09:03,205 [INFO] [340/1056] 处理: 000550_江铃汽车_2022.pdf
2026-05-29 17:09:03,760 [INFO] 文本已保存: C:\Users\13765\OneDrive\Desktop\研究生\数据要素\data\extracted\000550_江铃汽车_2022.md (16765字符)
2026-05-29 17:09:04,284 [INFO] 表格已保存: C:\Users\13765\OneDrive\Desktop\研究生\数据要素\data\extracted\000550_江铃汽车_2022_tables.json (4个表格)
2026-05-29 17:09:04,284 [INFO] [341/1056] 处理: 000550_江铃汽车_2023.pdf
2026-05-29 17:09:05,962 [INFO] 文本已保存: C:\Users\13765\OneDrive\Desktop\研究生\数据要素\data\extracted\000550_江铃汽车_2023.md (23010字符)
2026-05-29 17:09:06,840 [INFO] 表格已保存: C:\Users\13765\OneDrive\Desktop\研究生\数据要素\data\extracted\000550_江铃汽车_2023_tables.json (8个表格)
2026-05-29 17:09:06,840 [INFO] [342/1056] 处理: 000550_江铃汽车_2024.pdf
2026-05-29 17:09:10,860 [INFO] 文本已保存: C:\Users\13765\OneDrive\Desktop\研究生\数据要素\data\extracted\000550_江铃汽车_2024.md (32191字符)
2026-05-29 17:09:14,941 [INFO] 表格已保存: C:\Users\13765\OneDrive\Desktop\研究生\数据要素\data\extracted\000550_江铃汽车_2024_tables.json (16个表格)
2026-05-29 17:09:14,941 [INFO] [343/1056] 处理: 000550_江铃汽车_2025.pdf
2026-05-29 17:09:22,509 [INFO] 文本已保存: C:\Users\13765\OneDrive\Desktop\研究生\数据要素\data\extracted\000550_江铃汽车_2025.md (38963字符)
2026-05-29 17:09:29,747 [INFO] 表格已保存: C:\Users\13765\OneDrive\Desktop\研究生\数据要素\data\extracted\000550_江铃汽车_2025_tables.json (8个表格)
2026-05-29 17:09:29,747 [INFO] [344/1056] 处理: 000550_江铃汽车_2026.pdf
2026-05-29 17:09:37,586 [INFO] 文本已保存: C:\Users\13765\OneDrive\Desktop\研究生\数据要素\data\extracted\000550_江铃汽车_2026.md (97823字符)
2026-05-29 17:09:45,078 [INFO] 表格已保存: C:\Users\13765\OneDrive\Desktop\研究生\数据要素\data\extracted\000550_江铃汽车_2026_tables.json (13个表格)
2026-05-29 17:09:45,079 [INFO] [345/1056] 处理: 000559_万向钱潮_2019.pdf
2026-05-29 17:09:45,535 [INFO] 文本已保存: C:\Users\13765\OneDrive\Desktop\研究生\数据要素\data\extracted\000559_万向钱潮_2019.md (7281字符)
2026-05-29 17:09:45,796 [INFO] 表格已保存: C:\Users\13765\OneDrive\Desktop\研究生\数据要素\data\extracted\000559_万向钱潮_2019_tables.json (3个表格)
2026-05-29 17:09:45,796 [INFO] [346/1056] 处理: 000559_万向钱潮_2020.pdf
2026-05-29 17:09:46,057 [INFO] 文本已保存: C:\Users\13765\OneDrive\Desktop\研究生\数据要素\data\extracted\000559_万向钱潮_2020.md (7133字符)
2026-05-29 17:09:46,305 [INFO] 表格已保存: C:\Users\13765\OneDrive\Desktop\研究生\数据要素\data\extracted\000559_万向钱潮_2020_tables.json (4个表格)
2026-05-29 17:09:46,305 [INFO] [347/1056] 处理: 000559_万向钱潮_2021.pdf
2026-05-29 17:09:46,633 [INFO] 文本已保存: C:\Users\13765\OneDrive\Desktop\研究生\数据要素\data\extracted\000559_万向钱潮_2021.md (6941字符)
2026-05-29 17:09:46,879 [INFO] 表格已保存: C:\Users\13765\OneDrive\Desktop\研究生\数据要素\data\extracted\000559_万向钱潮_2021_tables.json (3个表格)
2026-05-29 17:09:46,880 [INFO] [348/1056] 处理: 000559_万向钱潮_2022.pdf
2026-05-29 17:09:47,129 [INFO] 文本已保存: C:\Users\13765\OneDrive\Desktop\研究生\数据要素\data\extracted\000559_万向钱潮_2022.md (7115字符)
2026-05-29 17:09:47,368 [INFO] 表格已保存: C:\Users\13765\OneDrive\Desktop\研究生\数据要素\data\extracted\000559_万向钱潮_2022_tables.json (3个表格)
2026-05-29 17:09:47,368 [INFO] [349/1056] 处理: 000559_万向钱潮_2023.pdf
2026-05-29 17:09:47,770 [INFO] 文本已保存: C:\Users\13765\OneDrive\Desktop\研究生\数据要素\data\extracted\000559_万向钱潮_2023.md (7996字符)
2026-05-29 17:09:48,081 [INFO] 表格已保存: C:\Users\13765\OneDrive\Desktop\研究生\数据要素\data\extracted\000559_万向钱潮_2023_tables.json (3个表格)
2026-05-29 17:09:48,081 [INFO] [350/1056] 处理: 000559_万向钱潮_2024.pdf
2026-05-29 17:09:48,462 [INFO] 文本已保存: C:\Users\13765\OneDrive\Desktop\研究生\数据要素\data\extracted\000559_万向钱潮_2024.md (9828字符)
2026-05-29 17:09:48,910 [INFO] 表格已保存: C:\Users\13765\OneDrive\Desktop\研究生\数据要素\data\extracted\000559_万向钱潮_2024_tables.json (3个表格)
2026-05-29 17:09:48,910 [INFO] [351/1056] 处理: 000559_万向钱潮_2025.pdf
2026-05-29 17:09:49,231 [INFO] 文本已保存: C:\Users\13765\OneDrive\Desktop\研究生\数据要素\data\extracted\000559_万向钱潮_2025.md (8074字符)
2026-05-29 17:09:49,542 [INFO] 表格已保存: C:\Users\13765\OneDrive\Desktop\研究生\数据要素\data\extracted\000559_万向钱潮_2025_tables.json (4个表格)
2026-05-29 17:09:49,542 [INFO] [352/1056] 处理: 000559_万向钱潮_2026.pdf
2026-05-29 17:09:50,052 [INFO] 文本已保存: C:\Users\13765\OneDrive\Desktop\研究生\数据要素\data\extracted\000559_万向钱潮_2026.md (8756字符)
2026-05-29 17:09:50,627 [INFO] 表格已保存: C:\Users\13765\OneDrive\Desktop\研究生\数据要素\data\extracted\000559_万向钱潮_2026_tables.json (3个表格)
2026-05-29 17:09:50,627 [INFO] [353/1056] 处理: 000563_陕国投A_2019.pdf
2026-05-29 17:09:52,711 [INFO] 文本已保存: C:\Users\13765\OneDrive\Desktop\研究生\数据要素\data\extracted\000563_陕国投A_2019.md (35044字符)
2026-05-29 17:09:54,835 [INFO] 表格已保存: C:\Users\13765\OneDrive\Desktop\研究生\数据要素\data\extracted\000563_陕国投A_2019_tables.json (7个表格)
2026-05-29 17:09:54,836 [INFO] [354/1056] 处理: 000563_陕国投A_2020.pdf
2026-05-29 17:10:20,505 [INFO] 文本已保存: C:\Users\13765\OneDrive\Desktop\研究生\数据要素\data\extracted\000563_陕国投A_2020.md (28217字符)
2026-05-29 17:10:46,122 [INFO] 表格已保存: C:\Users\13765\OneDrive\Desktop\研究生\数据要素\data\extracted\000563_陕国投A_2020_tables.json (5个表格)
2026-05-29 17:10:46,122 [INFO] [355/1056] 处理: 000563_陕国投A_2021.pdf
2026-05-29 17:11:15,545 [INFO] 文本已保存: C:\Users\13765\OneDrive\Desktop\研究生\数据要素\data\extracted\000563_陕国投A_2021.md (476356字符)
2026-05-29 17:11:45,038 [INFO] 表格已保存: C:\Users\13765\OneDrive\Desktop\研究生\数据要素\data\extracted\000563_陕国投A_2021_tables.json (1个表格)
2026-05-29 17:11:45,038 [INFO] [356/1056] 处理: 000563_陕国投A_2022.pdf
2026-05-29 17:12:04,949 [INFO] 文本已保存: C:\Users\13765\OneDrive\Desktop\研究生\数据要素\data\extracted\000563_陕国投A_2022.md (62639字符)
2026-05-29 17:12:24,328 [INFO] 表格已保存: C:\Users\13765\OneDrive\Desktop\研究生\数据要素\data\extracted\000563_陕国投A_2022_tables.json (88个表格)
2026-05-29 17:12:24,328 [INFO] [357/1056] 处理: 000563_陕国投A_2023.pdf
2026-05-29 17:12:28,733 [INFO] 文本已保存: C:\Users\13765\OneDrive\Desktop\研究生\数据要素\data\extracted\000563_陕国投A_2023.md (28441字符)
2026-05-29 17:12:32,893 [INFO] 表格已保存: C:\Users\13765\OneDrive\Desktop\研究生\数据要素\data\extracted\000563_陕国投A_2023_tables.json (3个表格)
2026-05-29 17:12:32,893 [INFO] [358/1056] 处理: 000563_陕国投A_2024.pdf
2026-05-29 17:12:39,581 [INFO] 文本已保存: C:\Users\13765\OneDrive\Desktop\研究生\数据要素\data\extracted\000563_陕国投A_2024.md (41518字符)
2026-05-29 17:12:46,335 [INFO] 表格已保存: C:\Users\13765\OneDrive\Desktop\研究生\数据要素\data\extracted\000563_陕国投A_2024_tables.json (0个表格)
2026-05-29 17:12:46,335 [INFO] [359/1056] 处理: 000563_陕国投A_2025.pdf
2026-05-29 17:13:37,718 [INFO] 文本已保存: C:\Users\13765\OneDrive\Desktop\研究生\数据要素\data\extracted\000563_陕国投A_2025.md (797字符)
2026-05-29 17:14:30,028 [INFO] 表格已保存: C:\Users\13765\OneDrive\Desktop\研究生\数据要素\data\extracted\000563_陕国投A_2025_tables.json (0个表格)
2026-05-29 17:14:30,028 [INFO] [360/1056] 处理: 000563_陕国投A_2026.pdf
2026-05-29 17:15:15,261 [INFO] 文本已保存: C:\Users\13765\OneDrive\Desktop\研究生\数据要素\data\extracted\000563_陕国投A_2026.md (717字符)
2026-05-29 17:16:00,386 [INFO] 表格已保存: C:\Users\13765\OneDrive\Desktop\研究生\数据要素\data\extracted\000563_陕国投A_2026_tables.json (0个表格)
2026-05-29 17:16:00,386 [INFO] [361/1056] 处理: 000568_泸州老窖_2019.pdf
2026-05-29 17:16:00,617 [INFO] 文本已保存: C:\Users\13765\OneDrive\Desktop\研究生\数据要素\data\extracted\000568_泸州老窖_2019.md (6341字符)
2026-05-29 17:16:00,835 [INFO] 表格已保存: C:\Users\13765\OneDrive\Desktop\研究生\数据要素\data\extracted\000568_泸州老窖_2019_tables.json (0个表格)
2026-05-29 17:16:00,835 [INFO] [362/1056] 处理: 000568_泸州老窖_2020.pdf
2026-05-29 17:16:01,087 [INFO] 文本已保存: C:\Users\13765\OneDrive\Desktop\研究生\数据要素\data\extracted\000568_泸州老窖_2020.md (7037字符)
2026-05-29 17:16:01,325 [INFO] 表格已保存: C:\Users\13765\OneDrive\Desktop\研究生\数据要素\data\extracted\000568_泸州老窖_2020_tables.json (0个表格)
2026-05-29 17:16:01,325 [INFO] [363/1056] 处理: 000568_泸州老窖_2021.pdf
2026-05-29 17:16:01,994 [INFO] 文本已保存: C:\Users\13765\OneDrive\Desktop\研究生\数据要素\data\extracted\000568_泸州老窖_2021.md (15236字符)
2026-05-29 17:16:04,036 [INFO] 表格已保存: C:\Users\13765\OneDrive\Desktop\研究生\数据要素\data\extracted\000568_泸州老窖_2021_tables.json (3个表格)
2026-05-29 17:16:04,037 [INFO] [364/1056] 处理: 000568_泸州老窖_2022.pdf
2026-05-29 17:16:04,434 [INFO] 文本已保存: C:\Users\13765\OneDrive\Desktop\研究生\数据要素\data\extracted\000568_泸州老窖_2022.md (10764字符)
2026-05-29 17:16:04,814 [INFO] 表格已保存: C:\Users\13765\OneDrive\Desktop\研究生\数据要素\data\extracted\000568_泸州老窖_2022_tables.json (2个表格)
2026-05-29 17:16:04,814 [INFO] [365/1056] 处理: 000568_泸州老窖_2023.pdf
2026-05-29 17:16:08,006 [INFO] 文本已保存: C:\Users\13765\OneDrive\Desktop\研究生\数据要素\data\extracted\000568_泸州老窖_2023.md (55557字符)
2026-05-29 17:16:11,115 [INFO] 表格已保存: C:\Users\13765\OneDrive\Desktop\研究生\数据要素\data\extracted\000568_泸州老窖_2023_tables.json (26个表格)
2026-05-29 17:16:11,115 [INFO] [366/1056] 处理: 000568_泸州老窖_2024.pdf
2026-05-29 17:17:23,558 [INFO] 文本已保存: C:\Users\13765\OneDrive\Desktop\研究生\数据要素\data\extracted\000568_泸州老窖_2024.md (66965字符)
2026-05-29 17:18:35,186 [INFO] 表格已保存: C:\Users\13765\OneDrive\Desktop\研究生\数据要素\data\extracted\000568_泸州老窖_2024_tables.json (35个表格)
2026-05-29 17:18:35,186 [INFO] [367/1056] 处理: 000568_泸州老窖_2025.pdf
2026-05-29 17:18:52,821 [INFO] 文本已保存: C:\Users\13765\OneDrive\Desktop\研究生\数据要素\data\extracted\000568_泸州老窖_2025.md (85193字符)
2026-05-29 17:19:09,455 [INFO] 表格已保存: C:\Users\13765\OneDrive\Desktop\研究生\数据要素\data\extracted\000568_泸州老窖_2025_tables.json (45个表格)
2026-05-29 17:19:09,456 [INFO] [368/1056] 跳过(已存在): 000568_泸州老窖_2026.pdf
2026-05-29 17:19:09,456 [INFO] [369/1056] 处理: 000581_威孚高科_2019.pdf
2026-05-29 17:19:10,491 [INFO] 文本已保存: C:\Users\13765\OneDrive\Desktop\研究生\数据要素\data\extracted\000581_威孚高科_2019.md (11447字符)
2026-05-29 17:19:10,970 [INFO] 表格已保存: C:\Users\13765\OneDrive\Desktop\研究生\数据要素\data\extracted\000581_威孚高科_2019_tables.json (3个表格)
2026-05-29 17:19:10,971 [INFO] [370/1056] 处理: 000581_威孚高科_2020.pdf
2026-05-29 17:19:11,520 [INFO] 文本已保存: C:\Users\13765\OneDrive\Desktop\研究生\数据要素\data\extracted\000581_威孚高科_2020.md (11610字符)
2026-05-29 17:19:11,989 [INFO] 表格已保存: C:\Users\13765\OneDrive\Desktop\研究生\数据要素\data\extracted\000581_威孚高科_2020_tables.json (3个表格)
2026-05-29 17:19:11,990 [INFO] [371/1056] 处理: 000581_威孚高科_2021.pdf
2026-05-29 17:19:12,477 [INFO] 文本已保存: C:\Users\13765\OneDrive\Desktop\研究生\数据要素\data\extracted\000581_威孚高科_2021.md (10640字符)
2026-05-29 17:19:12,878 [INFO] 表格已保存: C:\Users\13765\OneDrive\Desktop\研究生\数据要素\data\extracted\000581_威孚高科_2021_tables.json (3个表格)
2026-05-29 17:19:12,878 [INFO] [372/1056] 处理: 000581_威孚高科_2022.pdf
2026-05-29 17:19:13,312 [INFO] 文本已保存: C:\Users\13765\OneDrive\Desktop\研究生\数据要素\data\extracted\000581_威孚高科_2022.md (11065字符)
2026-05-29 17:19:13,815 [INFO] 表格已保存: C:\Users\13765\OneDrive\Desktop\研究生\数据要素\data\extracted\000581_威孚高科_2022_tables.json (3个表格)
2026-05-29 17:19:13,815 [INFO] [373/1056] 处理: 000581_威孚高科_2023.pdf
2026-05-29 17:19:14,319 [INFO] 文本已保存: C:\Users\13765\OneDrive\Desktop\研究生\数据要素\data\extracted\000581_威孚高科_2023.md (10577字符)
2026-05-29 17:19:14,881 [INFO] 表格已保存: C:\Users\13765\OneDrive\Desktop\研究生\数据要素\data\extracted\000581_威孚高科_2023_tables.json (3个表格)
2026-05-29 17:19:14,882 [INFO] [374/1056] 处理: 000581_威孚高科_2024.pdf
2026-05-29 17:19:15,413 [INFO] 文本已保存: C:\Users\13765\OneDrive\Desktop\研究生\数据要素\data\extracted\000581_威孚高科_2024.md (11320字符)
2026-05-29 17:19:16,001 [INFO] 表格已保存: C:\Users\13765\OneDrive\Desktop\研究生\数据要素\data\extracted\000581_威孚高科_2024_tables.json (3个表格)
2026-05-29 17:19:16,002 [INFO] [375/1056] 处理: 000581_威孚高科_2025.pdf
2026-05-29 17:19:16,506 [INFO] 文本已保存: C:\Users\13765\OneDrive\Desktop\研究生\数据要素\data\extracted\000581_威孚高科_2025.md (11372字符)
2026-05-29 17:19:16,994 [INFO] 表格已保存: C:\Users\13765\OneDrive\Desktop\研究生\数据要素\data\extracted\000581_威孚高科_2025_tables.json (3个表格)
2026-05-29 17:19:16,994 [INFO] [376/1056] 处理: 000581_威孚高科_2026.pdf
2026-05-29 17:19:20,867 [INFO] 文本已保存: C:\Users\13765\OneDrive\Desktop\研究生\数据要素\data\extracted\000581_威孚高科_2026.md (75822字符)
2026-05-29 17:19:24,810 [INFO] 表格已保存: C:\Users\13765\OneDrive\Desktop\研究生\数据要素\data\extracted\000581_威孚高科_2026_tables.json (79个表格)
2026-05-29 17:19:24,811 [INFO] [377/1056] 处理: 000592_平潭发展_2019.pdf
2026-05-29 17:19:25,194 [INFO] 文本已保存: C:\Users\13765\OneDrive\Desktop\研究生\数据要素\data\extracted\000592_平潭发展_2019.md (12447字符)
2026-05-29 17:19:25,758 [INFO] 表格已保存: C:\Users\13765\OneDrive\Desktop\研究生\数据要素\data\extracted\000592_平潭发展_2019_tables.json (1个表格)
2026-05-29 17:19:25,758 [INFO] [378/1056] 处理: 000592_平潭发展_2020.pdf
2026-05-29 17:19:26,141 [INFO] 文本已保存: C:\Users\13765\OneDrive\Desktop\研究生\数据要素\data\extracted\000592_平潭发展_2020.md (12589字符)
2026-05-29 17:19:26,507 [INFO] 表格已保存: C:\Users\13765\OneDrive\Desktop\研究生\数据要素\data\extracted\000592_平潭发展_2020_tables.json (1个表格)
2026-05-29 17:19:26,507 [INFO] [379/1056] 处理: 000592_平潭发展_2021.pdf
2026-05-29 17:19:26,824 [INFO] 文本已保存: C:\Users\13765\OneDrive\Desktop\研究生\数据要素\data\extracted\000592_平潭发展_2021.md (8574字符)
2026-05-29 17:19:27,043 [INFO] 表格已保存: C:\Users\13765\OneDrive\Desktop\研究生\数据要素\data\extracted\000592_平潭发展_2021_tables.json (0个表格)
2026-05-29 17:19:27,044 [INFO] [380/1056] 处理: 000592_平潭发展_2022.pdf
2026-05-29 17:19:27,284 [INFO] 文本已保存: C:\Users\13765\OneDrive\Desktop\研究生\数据要素\data\extracted\000592_平潭发展_2022.md (8533字符)
2026-05-29 17:19:27,510 [INFO] 表格已保存: C:\Users\13765\OneDrive\Desktop\研究生\数据要素\data\extracted\000592_平潭发展_2022_tables.json (0个表格)
2026-05-29 17:19:27,510 [INFO] [381/1056] 处理: 000592_平潭发展_2023.pdf
2026-05-29 17:19:28,009 [INFO] 文本已保存: C:\Users\13765\OneDrive\Desktop\研究生\数据要素\data\extracted\000592_平潭发展_2023.md (10492字符)
2026-05-29 17:19:28,400 [INFO] 表格已保存: C:\Users\13765\OneDrive\Desktop\研究生\数据要素\data\extracted\000592_平潭发展_2023_tables.json (11个表格)
2026-05-29 17:19:28,401 [INFO] [382/1056] 处理: 000592_平潭发展_2024.pdf
2026-05-29 17:19:28,807 [INFO] 文本已保存: C:\Users\13765\OneDrive\Desktop\研究生\数据要素\data\extracted\000592_平潭发展_2024.md (10450字符)
2026-05-29 17:19:29,275 [INFO] 表格已保存: C:\Users\13765\OneDrive\Desktop\研究生\数据要素\data\extracted\000592_平潭发展_2024_tables.json (10个表格)
2026-05-29 17:19:29,275 [INFO] [383/1056] 处理: 000592_平潭发展_2025.pdf
2026-05-29 17:19:30,208 [INFO] 文本已保存: C:\Users\13765\OneDrive\Desktop\研究生\数据要素\data\extracted\000592_平潭发展_2025.md (25468字符)
2026-05-29 17:19:31,198 [INFO] 表格已保存: C:\Users\13765\OneDrive\Desktop\研究生\数据要素\data\extracted\000592_平潭发展_2025_tables.json (11个表格)
2026-05-29 17:19:31,199 [INFO] [384/1056] 处理: 000592_平潭发展_2026.pdf
2026-05-29 17:19:32,077 [INFO] 文本已保存: C:\Users\13765\OneDrive\Desktop\研究生\数据要素\data\extracted\000592_平潭发展_2026.md (23662字符)
2026-05-29 17:19:32,933 [INFO] 表格已保存: C:\Users\13765\OneDrive\Desktop\研究生\数据要素\data\extracted\000592_平潭发展_2026_tables.json (13个表格)
2026-05-29 17:19:32,934 [INFO] [385/1056] 处理: 000596_古井贡酒_2019.pdf
2026-05-29 17:19:33,268 [INFO] 文本已保存: C:\Users\13765\OneDrive\Desktop\研究生\数据要素\data\extracted\000596_古井贡酒_2019.md (6794字符)
2026-05-29 17:19:33,498 [INFO] 表格已保存: C:\Users\13765\OneDrive\Desktop\研究生\数据要素\data\extracted\000596_古井贡酒_2019_tables.json (1个表格)
2026-05-29 17:19:33,498 [INFO] [386/1056] 处理: 000596_古井贡酒_2020.pdf
2026-05-29 17:19:33,920 [INFO] 文本已保存: C:\Users\13765\OneDrive\Desktop\研究生\数据要素\data\extracted\000596_古井贡酒_2020.md (7164字符)
2026-05-29 17:19:34,327 [INFO] 表格已保存: C:\Users\13765\OneDrive\Desktop\研究生\数据要素\data\extracted\000596_古井贡酒_2020_tables.json (2个表格)
2026-05-29 17:19:34,327 [INFO] [387/1056] 处理: 000596_古井贡酒_2021.pdf
2026-05-29 17:19:34,693 [INFO] 文本已保存: C:\Users\13765\OneDrive\Desktop\研究生\数据要素\data\extracted\000596_古井贡酒_2021.md (7980字符)
2026-05-29 17:19:34,979 [INFO] 表格已保存: C:\Users\13765\OneDrive\Desktop\研究生\数据要素\data\extracted\000596_古井贡酒_2021_tables.json (2个表格)
2026-05-29 17:19:34,979 [INFO] [388/1056] 处理: 000596_古井贡酒_2022.pdf
2026-05-29 17:19:35,258 [INFO] 文本已保存: C:\Users\13765\OneDrive\Desktop\研究生\数据要素\data\extracted\000596_古井贡酒_2022.md (7143字符)
2026-05-29 17:19:35,528 [INFO] 表格已保存: C:\Users\13765\OneDrive\Desktop\研究生\数据要素\data\extracted\000596_古井贡酒_2022_tables.json (2个表格)
2026-05-29 17:19:35,528 [INFO] [389/1056] 处理: 000596_古井贡酒_2023.pdf
2026-05-29 17:19:40,207 [INFO] 文本已保存: C:\Users\13765\OneDrive\Desktop\研究生\数据要素\data\extracted\000596_古井贡酒_2023.md (46240字符)
2026-05-29 17:19:44,895 [INFO] 表格已保存: C:\Users\13765\OneDrive\Desktop\研究生\数据要素\data\extracted\000596_古井贡酒_2023_tables.json (12个表格)
2026-05-29 17:19:44,895 [INFO] [390/1056] 处理: 000596_古井贡酒_2024.pdf
2026-05-29 17:19:47,851 [INFO] 文本已保存: C:\Users\13765\OneDrive\Desktop\研究生\数据要素\data\extracted\000596_古井贡酒_2024.md (43855字符)
2026-05-29 17:19:50,758 [INFO] 表格已保存: C:\Users\13765\OneDrive\Desktop\研究生\数据要素\data\extracted\000596_古井贡酒_2024_tables.json (11个表格)
2026-05-29 17:19:50,758 [INFO] [391/1056] 处理: 000596_古井贡酒_2025.pdf
2026-05-29 17:19:54,442 [INFO] 文本已保存: C:\Users\13765\OneDrive\Desktop\研究生\数据要素\data\extracted\000596_古井贡酒_2025.md (62757字符)
2026-05-29 17:19:58,177 [INFO] 表格已保存: C:\Users\13765\OneDrive\Desktop\研究生\数据要素\data\extracted\000596_古井贡酒_2025_tables.json (13个表格)
2026-05-29 17:19:58,178 [INFO] [392/1056] 跳过(已存在): 000596_古井贡酒_2026.pdf
2026-05-29 17:19:58,178 [INFO] [393/1056] 处理: 000598_兴蓉环境_2019.pdf
2026-05-29 17:20:06,381 [INFO] 文本已保存: C:\Users\13765\OneDrive\Desktop\研究生\数据要素\data\extracted\000598_兴蓉环境_2019.md (33421字符)
2026-05-29 17:20:14,554 [INFO] 表格已保存: C:\Users\13765\OneDrive\Desktop\研究生\数据要素\data\extracted\000598_兴蓉环境_2019_tables.json (21个表格)
2026-05-29 17:20:14,554 [INFO] [394/1056] 处理: 000598_兴蓉环境_2020.pdf
2026-05-29 17:20:18,062 [INFO] 文本已保存: C:\Users\13765\OneDrive\Desktop\研究生\数据要素\data\extracted\000598_兴蓉环境_2020.md (415字符)
2026-05-29 17:20:21,433 [INFO] 表格已保存: C:\Users\13765\OneDrive\Desktop\研究生\数据要素\data\extracted\000598_兴蓉环境_2020_tables.json (0个表格)
2026-05-29 17:20:21,433 [INFO] [395/1056] 处理: 000598_兴蓉环境_2021.pdf
2026-05-29 17:20:24,668 [INFO] 文本已保存: C:\Users\13765\OneDrive\Desktop\研究生\数据要素\data\extracted\000598_兴蓉环境_2021.md (32351字符)
2026-05-29 17:20:27,778 [INFO] 表格已保存: C:\Users\13765\OneDrive\Desktop\研究生\数据要素\data\extracted\000598_兴蓉环境_2021_tables.json (1个表格)
2026-05-29 17:20:27,778 [INFO] [396/1056] 处理: 000598_兴蓉环境_2022.pdf
2026-05-29 17:20:31,910 [INFO] 文本已保存: C:\Users\13765\OneDrive\Desktop\研究生\数据要素\data\extracted\000598_兴蓉环境_2022.md (30431字符)
2026-05-29 17:20:35,811 [INFO] 表格已保存: C:\Users\13765\OneDrive\Desktop\研究生\数据要素\data\extracted\000598_兴蓉环境_2022_tables.json (1个表格)
2026-05-29 17:20:35,811 [INFO] [397/1056] 处理: 000598_兴蓉环境_2023.pdf
2026-05-29 17:20:42,135 [INFO] 文本已保存: C:\Users\13765\OneDrive\Desktop\研究生\数据要素\data\extracted\000598_兴蓉环境_2023.md (35385字符)
2026-05-29 17:20:48,252 [INFO] 表格已保存: C:\Users\13765\OneDrive\Desktop\研究生\数据要素\data\extracted\000598_兴蓉环境_2023_tables.json (3个表格)
2026-05-29 17:20:48,252 [INFO] [398/1056] 处理: 000598_兴蓉环境_2024.pdf
2026-05-29 17:20:50,877 [INFO] 文本已保存: C:\Users\13765\OneDrive\Desktop\研究生\数据要素\data\extracted\000598_兴蓉环境_2024.md (41483字符)
2026-05-29 17:20:53,387 [INFO] 表格已保存: C:\Users\13765\OneDrive\Desktop\研究生\数据要素\data\extracted\000598_兴蓉环境_2024_tables.json (8个表格)
2026-05-29 17:20:53,387 [INFO] [399/1056] 处理: 000598_兴蓉环境_2025.pdf
2026-05-29 17:21:00,932 [INFO] 文本已保存: C:\Users\13765\OneDrive\Desktop\研究生\数据要素\data\extracted\000598_兴蓉环境_2025.md (44508字符)
2026-05-29 17:21:08,598 [INFO] 表格已保存: C:\Users\13765\OneDrive\Desktop\研究生\数据要素\data\extracted\000598_兴蓉环境_2025_tables.json (21个表格)
2026-05-29 17:21:08,598 [INFO] [400/1056] 处理: 000598_兴蓉环境_2026.pdf
2026-05-29 17:21:11,458 [INFO] 文本已保存: C:\Users\13765\OneDrive\Desktop\研究生\数据要素\data\extracted\000598_兴蓉环境_2026.md (54221字符)
2026-05-29 17:21:14,082 [INFO] 表格已保存: C:\Users\13765\OneDrive\Desktop\研究生\数据要素\data\extracted\000598_兴蓉环境_2026_tables.json (32个表格)
2026-05-29 17:21:14,082 [INFO] [401/1056] 处理: 000617_中油资本_2019.pdf
2026-05-29 17:21:14,330 [INFO] 文本已保存: C:\Users\13765\OneDrive\Desktop\研究生\数据要素\data\extracted\000617_中油资本_2019.md (6881字符)
2026-05-29 17:21:14,558 [INFO] 表格已保存: C:\Users\13765\OneDrive\Desktop\研究生\数据要素\data\extracted\000617_中油资本_2019_tables.json (1个表格)
2026-05-29 17:21:14,558 [INFO] [402/1056] 处理: 000617_中油资本_2020.pdf
2026-05-29 17:21:14,785 [INFO] 文本已保存: C:\Users\13765\OneDrive\Desktop\研究生\数据要素\data\extracted\000617_中油资本_2020.md (7761字符)
2026-05-29 17:21:15,164 [INFO] 表格已保存: C:\Users\13765\OneDrive\Desktop\研究生\数据要素\data\extracted\000617_中油资本_2020_tables.json (2个表格)
2026-05-29 17:21:15,165 [INFO] [403/1056] 处理: 000617_中油资本_2021.pdf
2026-05-29 17:21:15,410 [INFO] 文本已保存: C:\Users\13765\OneDrive\Desktop\研究生\数据要素\data\extracted\000617_中油资本_2021.md (7869字符)
2026-05-29 17:21:15,649 [INFO] 表格已保存: C:\Users\13765\OneDrive\Desktop\研究生\数据要素\data\extracted\000617_中油资本_2021_tables.json (1个表格)
2026-05-29 17:21:15,649 [INFO] [404/1056] 处理: 000617_中油资本_2022.pdf
2026-05-29 17:21:23,867 [INFO] 文本已保存: C:\Users\13765\OneDrive\Desktop\研究生\数据要素\data\extracted\000617_中油资本_2022.md (43748字符)
2026-05-29 17:21:32,159 [INFO] 表格已保存: C:\Users\13765\OneDrive\Desktop\研究生\数据要素\data\extracted\000617_中油资本_2022_tables.json (45个表格)
2026-05-29 17:21:32,159 [INFO] [405/1056] 处理: 000617_中油资本_2023.pdf
2026-05-29 17:21:35,553 [INFO] 文本已保存: C:\Users\13765\OneDrive\Desktop\研究生\数据要素\data\extracted\000617_中油资本_2023.md (54929字符)
2026-05-29 17:21:38,807 [INFO] 表格已保存: C:\Users\13765\OneDrive\Desktop\研究生\数据要素\data\extracted\000617_中油资本_2023_tables.json (26个表格)
2026-05-29 17:21:38,808 [INFO] [406/1056] 处理: 000617_中油资本_2024.pdf
2026-05-29 17:21:43,004 [INFO] 文本已保存: C:\Users\13765\OneDrive\Desktop\研究生\数据要素\data\extracted\000617_中油资本_2024.md (78923字符)
2026-05-29 17:21:47,107 [INFO] 表格已保存: C:\Users\13765\OneDrive\Desktop\研究生\数据要素\data\extracted\000617_中油资本_2024_tables.json (16个表格)
2026-05-29 17:21:47,108 [INFO] [407/1056] 处理: 000617_中油资本_2025.pdf
2026-05-29 17:22:01,373 [INFO] 文本已保存: C:\Users\13765\OneDrive\Desktop\研究生\数据要素\data\extracted\000617_中油资本_2025.md (135586字符)
2026-05-29 17:22:15,470 [INFO] 表格已保存: C:\Users\13765\OneDrive\Desktop\研究生\数据要素\data\extracted\000617_中油资本_2025_tables.json (27个表格)
2026-05-29 17:22:15,470 [INFO] [408/1056] 处理: 000617_中油资本_2026.pdf
2026-05-29 17:22:22,400 [INFO] 文本已保存: C:\Users\13765\OneDrive\Desktop\研究生\数据要素\data\extracted\000617_中油资本_2026.md (130948字符)
2026-05-29 17:22:29,270 [INFO] 表格已保存: C:\Users\13765\OneDrive\Desktop\研究生\数据要素\data\extracted\000617_中油资本_2026_tables.json (73个表格)
2026-05-29 17:22:29,270 [INFO] [409/1056] 处理: 000623_吉林敖东_2019.pdf
2026-05-29 17:22:29,916 [INFO] 文本已保存: C:\Users\13765\OneDrive\Desktop\研究生\数据要素\data\extracted\000623_吉林敖东_2019.md (10269字符)
2026-05-29 17:22:30,269 [INFO] 表格已保存: C:\Users\13765\OneDrive\Desktop\研究生\数据要素\data\extracted\000623_吉林敖东_2019_tables.json (2个表格)
2026-05-29 17:22:30,270 [INFO] [410/1056] 处理: 000623_吉林敖东_2020.pdf
2026-05-29 17:22:30,668 [INFO] 文本已保存: C:\Users\13765\OneDrive\Desktop\研究生\数据要素\data\extracted\000623_吉林敖东_2020.md (12058字符)
2026-05-29 17:22:31,130 [INFO] 表格已保存: C:\Users\13765\OneDrive\Desktop\研究生\数据要素\data\extracted\000623_吉林敖东_2020_tables.json (4个表格)
2026-05-29 17:22:31,131 [INFO] [411/1056] 处理: 000623_吉林敖东_2021.pdf
2026-05-29 17:22:31,487 [INFO] 文本已保存: C:\Users\13765\OneDrive\Desktop\研究生\数据要素\data\extracted\000623_吉林敖东_2021.md (11429字符)
2026-05-29 17:22:31,831 [INFO] 表格已保存: C:\Users\13765\OneDrive\Desktop\研究生\数据要素\data\extracted\000623_吉林敖东_2021_tables.json (2个表格)
2026-05-29 17:22:31,831 [INFO] [412/1056] 处理: 000623_吉林敖东_2022.pdf
2026-05-29 17:22:32,341 [INFO] 文本已保存: C:\Users\13765\OneDrive\Desktop\研究生\数据要素\data\extracted\000623_吉林敖东_2022.md (13384字符)
2026-05-29 17:22:32,741 [INFO] 表格已保存: C:\Users\13765\OneDrive\Desktop\研究生\数据要素\data\extracted\000623_吉林敖东_2022_tables.json (2个表格)
2026-05-29 17:22:32,741 [INFO] [413/1056] 处理: 000623_吉林敖东_2023.pdf
2026-05-29 17:22:33,471 [INFO] 文本已保存: C:\Users\13765\OneDrive\Desktop\研究生\数据要素\data\extracted\000623_吉林敖东_2023.md (19055字符)
2026-05-29 17:22:34,115 [INFO] 表格已保存: C:\Users\13765\OneDrive\Desktop\研究生\数据要素\data\extracted\000623_吉林敖东_2023_tables.json (33个表格)
2026-05-29 17:22:34,115 [INFO] [414/1056] 处理: 000623_吉林敖东_2024.pdf
2026-05-29 17:22:35,046 [INFO] 文本已保存: C:\Users\13765\OneDrive\Desktop\研究生\数据要素\data\extracted\000623_吉林敖东_2024.md (23787字符)
2026-05-29 17:22:35,963 [INFO] 表格已保存: C:\Users\13765\OneDrive\Desktop\研究生\数据要素\data\extracted\000623_吉林敖东_2024_tables.json (35个表格)
2026-05-29 17:22:35,963 [INFO] [415/1056] 处理: 000623_吉林敖东_2025.pdf
2026-05-29 17:22:37,009 [INFO] 文本已保存: C:\Users\13765\OneDrive\Desktop\研究生\数据要素\data\extracted\000623_吉林敖东_2025.md (26967字符)
2026-05-29 17:22:37,960 [INFO] 表格已保存: C:\Users\13765\OneDrive\Desktop\研究生\数据要素\data\extracted\000623_吉林敖东_2025_tables.json (34个表格)
2026-05-29 17:22:37,960 [INFO] [416/1056] 处理: 000623_吉林敖东_2026.pdf
2026-05-29 17:22:39,007 [INFO] 文本已保存: C:\Users\13765\OneDrive\Desktop\研究生\数据要素\data\extracted\000623_吉林敖东_2026.md (20416字符)
2026-05-29 17:22:39,959 [INFO] 表格已保存: C:\Users\13765\OneDrive\Desktop\研究生\数据要素\data\extracted\000623_吉林敖东_2026_tables.json (3个表格)
2026-05-29 17:22:39,959 [INFO] [417/1056] 处理: 000625_长安汽车_2019.pdf
2026-05-29 17:22:44,580 [INFO] 文本已保存: C:\Users\13765\OneDrive\Desktop\研究生\数据要素\data\extracted\000625_长安汽车_2019.md (105450字符)
2026-05-29 17:22:49,060 [INFO] 表格已保存: C:\Users\13765\OneDrive\Desktop\研究生\数据要素\data\extracted\000625_长安汽车_2019_tables.json (16个表格)
2026-05-29 17:22:49,060 [INFO] [418/1056] 处理: 000625_长安汽车_2020.pdf
2026-05-29 17:22:58,859 [INFO] 文本已保存: C:\Users\13765\OneDrive\Desktop\研究生\数据要素\data\extracted\000625_长安汽车_2020.md (134637字符)
2026-05-29 17:23:08,356 [INFO] 表格已保存: C:\Users\13765\OneDrive\Desktop\研究生\数据要素\data\extracted\000625_长安汽车_2020_tables.json (7个表格)
2026-05-29 17:23:08,357 [INFO] [419/1056] 处理: 000625_长安汽车_2021.pdf
2026-05-29 17:23:13,561 [INFO] 文本已保存: C:\Users\13765\OneDrive\Desktop\研究生\数据要素\data\extracted\000625_长安汽车_2021.md (148685字符)
2026-05-29 17:23:18,344 [INFO] 表格已保存: C:\Users\13765\OneDrive\Desktop\研究生\数据要素\data\extracted\000625_长安汽车_2021_tables.json (56个表格)
2026-05-29 17:23:18,345 [INFO] [420/1056] 处理: 000625_长安汽车_2022.pdf
2026-05-29 17:23:20,799 [INFO] 文本已保存: C:\Users\13765\OneDrive\Desktop\研究生\数据要素\data\extracted\000625_长安汽车_2022.md (84452字符)
2026-05-29 17:23:23,090 [INFO] 表格已保存: C:\Users\13765\OneDrive\Desktop\研究生\数据要素\data\extracted\000625_长安汽车_2022_tables.json (45个表格)
2026-05-29 17:23:23,091 [INFO] [421/1056] 处理: 000625_长安汽车_2023.pdf
2026-05-29 17:23:29,120 [INFO] 文本已保存: C:\Users\13765\OneDrive\Desktop\研究生\数据要素\data\extracted\000625_长安汽车_2023.md (136155字符)
2026-05-29 17:23:34,759 [INFO] 表格已保存: C:\Users\13765\OneDrive\Desktop\研究生\数据要素\data\extracted\000625_长安汽车_2023_tables.json (9个表格)
2026-05-29 17:23:34,759 [INFO] [422/1056] 处理: 000625_长安汽车_2024.pdf
2026-05-29 17:23:37,364 [INFO] 文本已保存: C:\Users\13765\OneDrive\Desktop\研究生\数据要素\data\extracted\000625_长安汽车_2024.md (50533字符)
2026-05-29 17:23:39,858 [INFO] 表格已保存: C:\Users\13765\OneDrive\Desktop\研究生\数据要素\data\extracted\000625_长安汽车_2024_tables.json (27个表格)
2026-05-29 17:23:39,858 [INFO] [423/1056] 处理: 000625_长安汽车_2025.pdf
2026-05-29 17:23:45,792 [INFO] 文本已保存: C:\Users\13765\OneDrive\Desktop\研究生\数据要素\data\extracted\000625_长安汽车_2025.md (66449字符)
2026-05-29 17:23:51,648 [INFO] 表格已保存: C:\Users\13765\OneDrive\Desktop\研究生\数据要素\data\extracted\000625_长安汽车_2025_tables.json (23个表格)
2026-05-29 17:23:51,648 [INFO] [424/1056] 跳过(已存在): 000625_长安汽车_2026.pdf
2026-05-29 17:23:51,648 [INFO] [425/1056] 处理: 000629_钒钛股份_2019.pdf
2026-05-29 17:23:53,388 [INFO] 文本已保存: C:\Users\13765\OneDrive\Desktop\研究生\数据要素\data\extracted\000629_钒钛股份_2019.md (26735字符)
2026-05-29 17:23:54,897 [INFO] 表格已保存: C:\Users\13765\OneDrive\Desktop\研究生\数据要素\data\extracted\000629_钒钛股份_2019_tables.json (16个表格)
2026-05-29 17:23:54,897 [INFO] [426/1056] 处理: 000629_钒钛股份_2020.pdf
2026-05-29 17:23:55,640 [INFO] 文本已保存: C:\Users\13765\OneDrive\Desktop\研究生\数据要素\data\extracted\000629_钒钛股份_2020.md (30881字符)
2026-05-29 17:23:56,383 [INFO] 表格已保存: C:\Users\13765\OneDrive\Desktop\研究生\数据要素\data\extracted\000629_钒钛股份_2020_tables.json (11个表格)
2026-05-29 17:23:56,383 [INFO] [427/1056] 处理: 000629_钒钛股份_2021.pdf
2026-05-29 17:24:13,401 [INFO] 文本已保存: C:\Users\13765\OneDrive\Desktop\研究生\数据要素\data\extracted\000629_钒钛股份_2021.md (135693字符)
2026-05-29 17:24:30,457 [INFO] 表格已保存: C:\Users\13765\OneDrive\Desktop\研究生\数据要素\data\extracted\000629_钒钛股份_2021_tables.json (9个表格)
2026-05-29 17:24:30,457 [INFO] [428/1056] 处理: 000629_钒钛股份_2022.pdf
2026-05-29 17:24:37,930 [INFO] 文本已保存: C:\Users\13765\OneDrive\Desktop\研究生\数据要素\data\extracted\000629_钒钛股份_2022.md (124629字符)
2026-05-29 17:24:45,195 [INFO] 表格已保存: C:\Users\13765\OneDrive\Desktop\研究生\数据要素\data\extracted\000629_钒钛股份_2022_tables.json (10个表格)
2026-05-29 17:24:45,195 [INFO] [429/1056] 处理: 000629_钒钛股份_2023.pdf
2026-05-29 17:24:48,512 [INFO] 文本已保存: C:\Users\13765\OneDrive\Desktop\研究生\数据要素\data\extracted\000629_钒钛股份_2023.md (157615字符)
2026-05-29 17:24:51,615 [INFO] 表格已保存: C:\Users\13765\OneDrive\Desktop\研究生\数据要素\data\extracted\000629_钒钛股份_2023_tables.json (20个表格)
2026-05-29 17:24:51,615 [INFO] [430/1056] 处理: 000629_钒钛股份_2024.pdf
2026-05-29 17:24:56,622 [INFO] 文本已保存: C:\Users\13765\OneDrive\Desktop\研究生\数据要素\data\extracted\000629_钒钛股份_2024.md (205833字符)
2026-05-29 17:25:01,377 [INFO] 表格已保存: C:\Users\13765\OneDrive\Desktop\研究生\数据要素\data\extracted\000629_钒钛股份_2024_tables.json (38个表格)
2026-05-29 17:25:01,377 [INFO] [431/1056] 处理: 000629_钒钛股份_2025.pdf
2026-05-29 17:26:29,865 [INFO] 文本已保存: C:\Users\13765\OneDrive\Desktop\研究生\数据要素\data\extracted\000629_钒钛股份_2025.md (1137字符)
2026-05-29 17:28:00,650 [INFO] 表格已保存: C:\Users\13765\OneDrive\Desktop\研究生\数据要素\data\extracted\000629_钒钛股份_2025_tables.json (0个表格)
2026-05-29 17:28:00,650 [INFO] [432/1056] 处理: 000629_钒钛股份_2026.pdf
2026-05-29 17:28:02,675 [INFO] 文本已保存: C:\Users\13765\OneDrive\Desktop\研究生\数据要素\data\extracted\000629_钒钛股份_2026.md (43291字符)
2026-05-29 17:28:07,604 [INFO] 表格已保存: C:\Users\13765\OneDrive\Desktop\研究生\数据要素\data\extracted\000629_钒钛股份_2026_tables.json (23个表格)
2026-05-29 17:28:07,604 [INFO] [433/1056] 处理: 000630_铜陵有色_2019.pdf
2026-05-29 17:28:07,810 [INFO] 文本已保存: C:\Users\13765\OneDrive\Desktop\研究生\数据要素\data\extracted\000630_铜陵有色_2019.md (6180字符)
2026-05-29 17:28:07,999 [INFO] 表格已保存: C:\Users\13765\OneDrive\Desktop\研究生\数据要素\data\extracted\000630_铜陵有色_2019_tables.json (1个表格)
2026-05-29 17:28:08,000 [INFO] [434/1056] 处理: 000630_铜陵有色_2020.pdf
2026-05-29 17:28:08,210 [INFO] 文本已保存: C:\Users\13765\OneDrive\Desktop\研究生\数据要素\data\extracted\000630_铜陵有色_2020.md (6669字符)
2026-05-29 17:28:08,409 [INFO] 表格已保存: C:\Users\13765\OneDrive\Desktop\研究生\数据要素\data\extracted\000630_铜陵有色_2020_tables.json (0个表格)
2026-05-29 17:28:08,409 [INFO] [435/1056] 处理: 000630_铜陵有色_2021.pdf
2026-05-29 17:28:08,920 [INFO] 文本已保存: C:\Users\13765\OneDrive\Desktop\研究生\数据要素\data\extracted\000630_铜陵有色_2021.md (10537字符)
2026-05-29 17:28:09,246 [INFO] 表格已保存: C:\Users\13765\OneDrive\Desktop\研究生\数据要素\data\extracted\000630_铜陵有色_2021_tables.json (0个表格)
2026-05-29 17:28:09,246 [INFO] [436/1056] 处理: 000630_铜陵有色_2022.pdf
2026-05-29 17:28:10,002 [INFO] 文本已保存: C:\Users\13765\OneDrive\Desktop\研究生\数据要素\data\extracted\000630_铜陵有色_2022.md (23439字符)
2026-05-29 17:28:10,659 [INFO] 表格已保存: C:\Users\13765\OneDrive\Desktop\研究生\数据要素\data\extracted\000630_铜陵有色_2022_tables.json (1个表格)
2026-05-29 17:28:10,659 [INFO] [437/1056] 处理: 000630_铜陵有色_2023.pdf
2026-05-29 17:28:12,592 [INFO] 文本已保存: C:\Users\13765\OneDrive\Desktop\研究生\数据要素\data\extracted\000630_铜陵有色_2023.md (50737字符)
2026-05-29 17:28:14,452 [INFO] 表格已保存: C:\Users\13765\OneDrive\Desktop\研究生\数据要素\data\extracted\000630_铜陵有色_2023_tables.json (65个表格)
2026-05-29 17:28:14,453 [INFO] [438/1056] 处理: 000630_铜陵有色_2024.pdf
2026-05-29 17:28:32,859 [INFO] 文本已保存: C:\Users\13765\OneDrive\Desktop\研究生\数据要素\data\extracted\000630_铜陵有色_2024.md (48020字符)
2026-05-29 17:28:51,687 [INFO] 表格已保存: C:\Users\13765\OneDrive\Desktop\研究生\数据要素\data\extracted\000630_铜陵有色_2024_tables.json (14个表格)
2026-05-29 17:28:51,688 [INFO] [439/1056] 处理: 000630_铜陵有色_2025.pdf
2026-05-29 17:28:59,533 [INFO] 文本已保存: C:\Users\13765\OneDrive\Desktop\研究生\数据要素\data\extracted\000630_铜陵有色_2025.md (59392字符)
2026-05-29 17:29:06,946 [INFO] 表格已保存: C:\Users\13765\OneDrive\Desktop\研究生\数据要素\data\extracted\000630_铜陵有色_2025_tables.json (18个表格)
2026-05-29 17:29:06,946 [INFO] [440/1056] 处理: 000630_铜陵有色_2026.pdf
2026-05-29 17:29:10,067 [INFO] 文本已保存: C:\Users\13765\OneDrive\Desktop\研究生\数据要素\data\extracted\000630_铜陵有色_2026.md (76397字符)
2026-05-29 17:29:13,032 [INFO] 表格已保存: C:\Users\13765\OneDrive\Desktop\研究生\数据要素\data\extracted\000630_铜陵有色_2026_tables.json (28个表格)
2026-05-29 17:29:13,032 [INFO] [441/1056] 处理: 000635_英力特_2019.pdf
2026-05-29 17:29:13,660 [INFO] 文本已保存: C:\Users\13765\OneDrive\Desktop\研究生\数据要素\data\extracted\000635_英力特_2019.md (14537字符)
2026-05-29 17:29:14,450 [INFO] 表格已保存: C:\Users\13765\OneDrive\Desktop\研究生\数据要素\data\extracted\000635_英力特_2019_tables.json (9个表格)
2026-05-29 17:29:14,450 [INFO] [442/1056] 处理: 000635_英力特_2020.pdf
2026-05-29 17:29:15,143 [INFO] 文本已保存: C:\Users\13765\OneDrive\Desktop\研究生\数据要素\data\extracted\000635_英力特_2020.md (14307字符)
2026-05-29 17:29:15,769 [INFO] 表格已保存: C:\Users\13765\OneDrive\Desktop\研究生\数据要素\data\extracted\000635_英力特_2020_tables.json (9个表格)
2026-05-29 17:29:15,769 [INFO] [443/1056] 处理: 000635_英力特_2021.pdf
2026-05-29 17:29:16,555 [INFO] 文本已保存: C:\Users\13765\OneDrive\Desktop\研究生\数据要素\data\extracted\000635_英力特_2021.md (16343字符)
2026-05-29 17:29:17,220 [INFO] 表格已保存: C:\Users\13765\OneDrive\Desktop\研究生\数据要素\data\extracted\000635_英力特_2021_tables.json (9个表格)
2026-05-29 17:29:17,220 [INFO] [444/1056] 处理: 000635_英力特_2022.pdf
2026-05-29 17:29:17,932 [INFO] 文本已保存: C:\Users\13765\OneDrive\Desktop\研究生\数据要素\data\extracted\000635_英力特_2022.md (15617字符)
2026-05-29 17:29:18,613 [INFO] 表格已保存: C:\Users\13765\OneDrive\Desktop\研究生\数据要素\data\extracted\000635_英力特_2022_tables.json (9个表格)
2026-05-29 17:29:18,613 [INFO] [445/1056] 处理: 000635_英力特_2023.pdf
2026-05-29 17:29:19,479 [INFO] 文本已保存: C:\Users\13765\OneDrive\Desktop\研究生\数据要素\data\extracted\000635_英力特_2023.md (20474字符)
2026-05-29 17:29:20,400 [INFO] 表格已保存: C:\Users\13765\OneDrive\Desktop\研究生\数据要素\data\extracted\000635_英力特_2023_tables.json (17个表格)
2026-05-29 17:29:20,400 [INFO] [446/1056] 处理: 000635_英力特_2024.pdf
2026-05-29 17:29:21,319 [INFO] 文本已保存: C:\Users\13765\OneDrive\Desktop\研究生\数据要素\data\extracted\000635_英力特_2024.md (21251字符)
2026-05-29 17:29:22,191 [INFO] 表格已保存: C:\Users\13765\OneDrive\Desktop\研究生\数据要素\data\extracted\000635_英力特_2024_tables.json (17个表格)
2026-05-29 17:29:22,191 [INFO] [447/1056] 处理: 000635_英力特_2025.pdf
2026-05-29 17:29:27,278 [INFO] 文本已保存: C:\Users\13765\OneDrive\Desktop\研究生\数据要素\data\extracted\000635_英力特_2025.md (61124字符)
2026-05-29 17:29:32,371 [INFO] 表格已保存: C:\Users\13765\OneDrive\Desktop\研究生\数据要素\data\extracted\000635_英力特_2025_tables.json (54个表格)
2026-05-29 17:29:32,371 [INFO] [448/1056] 处理: 000635_英力特_2026.pdf
2026-05-29 17:29:53,409 [INFO] 文本已保存: C:\Users\13765\OneDrive\Desktop\研究生\数据要素\data\extracted\000635_英力特_2026.md (127190字符)
2026-05-29 17:30:14,269 [INFO] 表格已保存: C:\Users\13765\OneDrive\Desktop\研究生\数据要素\data\extracted\000635_英力特_2026_tables.json (72个表格)
2026-05-29 17:30:14,269 [INFO] [449/1056] 处理: 000651_格力电器_2019.pdf
2026-05-29 17:30:15,562 [INFO] 文本已保存: C:\Users\13765\OneDrive\Desktop\研究生\数据要素\data\extracted\000651_格力电器_2019.md (29372字符)
2026-05-29 17:30:16,622 [INFO] 表格已保存: C:\Users\13765\OneDrive\Desktop\研究生\数据要素\data\extracted\000651_格力电器_2019_tables.json (3个表格)
2026-05-29 17:30:16,622 [INFO] [450/1056] 处理: 000651_格力电器_2020.pdf
2026-05-29 17:30:17,878 [INFO] 文本已保存: C:\Users\13765\OneDrive\Desktop\研究生\数据要素\data\extracted\000651_格力电器_2020.md (34792字符)
2026-05-29 17:30:19,107 [INFO] 表格已保存: C:\Users\13765\OneDrive\Desktop\研究生\数据要素\data\extracted\000651_格力电器_2020_tables.json (4个表格)
2026-05-29 17:30:19,107 [INFO] [451/1056] 处理: 000651_格力电器_2021.pdf
2026-05-29 17:30:20,396 [INFO] 文本已保存: C:\Users\13765\OneDrive\Desktop\研究生\数据要素\data\extracted\000651_格力电器_2021.md (29129字符)
2026-05-29 17:30:21,671 [INFO] 表格已保存: C:\Users\13765\OneDrive\Desktop\研究生\数据要素\data\extracted\000651_格力电器_2021_tables.json (2个表格)
2026-05-29 17:30:21,671 [INFO] [452/1056] 处理: 000651_格力电器_2022.pdf
2026-05-29 17:30:22,893 [INFO] 文本已保存: C:\Users\13765\OneDrive\Desktop\研究生\数据要素\data\extracted\000651_格力电器_2022.md (29538字符)
2026-05-29 17:30:24,076 [INFO] 表格已保存: C:\Users\13765\OneDrive\Desktop\研究生\数据要素\data\extracted\000651_格力电器_2022_tables.json (5个表格)
2026-05-29 17:30:24,076 [INFO] [453/1056] 处理: 000651_格力电器_2023.pdf
2026-05-29 17:30:25,755 [INFO] 文本已保存: C:\Users\13765\OneDrive\Desktop\研究生\数据要素\data\extracted\000651_格力电器_2023.md (36376字符)
2026-05-29 17:30:27,358 [INFO] 表格已保存: C:\Users\13765\OneDrive\Desktop\研究生\数据要素\data\extracted\000651_格力电器_2023_tables.json (5个表格)
2026-05-29 17:30:27,359 [INFO] [454/1056] 处理: 000651_格力电器_2024.pdf
2026-05-29 17:30:31,839 [INFO] 文本已保存: C:\Users\13765\OneDrive\Desktop\研究生\数据要素\data\extracted\000651_格力电器_2024.md (71169字符)
2026-05-29 17:30:36,229 [INFO] 表格已保存: C:\Users\13765\OneDrive\Desktop\研究生\数据要素\data\extracted\000651_格力电器_2024_tables.json (49个表格)
2026-05-29 17:30:36,230 [INFO] [455/1056] 处理: 000651_格力电器_2025.pdf
2026-05-29 17:30:49,740 [INFO] 文本已保存: C:\Users\13765\OneDrive\Desktop\研究生\数据要素\data\extracted\000651_格力电器_2025.md (77230字符)
2026-05-29 17:31:03,418 [INFO] 表格已保存: C:\Users\13765\OneDrive\Desktop\研究生\数据要素\data\extracted\000651_格力电器_2025_tables.json (31个表格)
2026-05-29 17:31:03,418 [INFO] [456/1056] 跳过(已存在): 000651_格力电器_2026.pdf
2026-05-29 17:31:03,418 [INFO] [457/1056] 处理: 000652_泰达股份_2019.pdf
2026-05-29 17:31:06,494 [INFO] 文本已保存: C:\Users\13765\OneDrive\Desktop\研究生\数据要素\data\extracted\000652_泰达股份_2019.md (58308字符)
2026-05-29 17:31:09,340 [INFO] 表格已保存: C:\Users\13765\OneDrive\Desktop\研究生\数据要素\data\extracted\000652_泰达股份_2019_tables.json (38个表格)
2026-05-29 17:31:09,340 [INFO] [458/1056] 处理: 000652_泰达股份_2020.pdf
2026-05-29 17:31:10,168 [INFO] 文本已保存: C:\Users\13765\OneDrive\Desktop\研究生\数据要素\data\extracted\000652_泰达股份_2020.md (23913字符)
2026-05-29 17:31:11,145 [INFO] 表格已保存: C:\Users\13765\OneDrive\Desktop\研究生\数据要素\data\extracted\000652_泰达股份_2020_tables.json (4个表格)
2026-05-29 17:31:11,145 [INFO] [459/1056] 处理: 000652_泰达股份_2021.pdf
2026-05-29 17:31:11,922 [INFO] 文本已保存: C:\Users\13765\OneDrive\Desktop\研究生\数据要素\data\extracted\000652_泰达股份_2021.md (21242字符)
2026-05-29 17:31:12,694 [INFO] 表格已保存: C:\Users\13765\OneDrive\Desktop\研究生\数据要素\data\extracted\000652_泰达股份_2021_tables.json (4个表格)
2026-05-29 17:31:12,694 [INFO] [460/1056] 处理: 000652_泰达股份_2022.pdf
2026-05-29 17:31:13,629 [INFO] 文本已保存: C:\Users\13765\OneDrive\Desktop\研究生\数据要素\data\extracted\000652_泰达股份_2022.md (24922字符)
2026-05-29 17:31:14,466 [INFO] 表格已保存: C:\Users\13765\OneDrive\Desktop\研究生\数据要素\data\extracted\000652_泰达股份_2022_tables.json (3个表格)
2026-05-29 17:31:14,466 [INFO] [461/1056] 处理: 000652_泰达股份_2023.pdf
2026-05-29 17:31:14,519 [INFO] 文本已保存: C:\Users\13765\OneDrive\Desktop\研究生\数据要素\data\extracted\000652_泰达股份_2023.md (577字符)
2026-05-29 17:31:14,556 [INFO] 表格已保存: C:\Users\13765\OneDrive\Desktop\研究生\数据要素\data\extracted\000652_泰达股份_2023_tables.json (0个表格)
2026-05-29 17:31:14,556 [INFO] [462/1056] 处理: 000652_泰达股份_2024.pdf
2026-05-29 17:31:21,800 [INFO] 文本已保存: C:\Users\13765\OneDrive\Desktop\研究生\数据要素\data\extracted\000652_泰达股份_2024.md (63665字符)
2026-05-29 17:31:29,073 [INFO] 表格已保存: C:\Users\13765\OneDrive\Desktop\研究生\数据要素\data\extracted\000652_泰达股份_2024_tables.json (11个表格)
2026-05-29 17:31:29,074 [INFO] [463/1056] 处理: 000652_泰达股份_2025.pdf
2026-05-29 17:31:29,123 [INFO] 文本已保存: C:\Users\13765\OneDrive\Desktop\研究生\数据要素\data\extracted\000652_泰达股份_2025.md (661字符)
2026-05-29 17:31:29,155 [INFO] 表格已保存: C:\Users\13765\OneDrive\Desktop\研究生\数据要素\data\extracted\000652_泰达股份_2025_tables.json (0个表格)
2026-05-29 17:31:29,155 [INFO] [464/1056] 处理: 000652_泰达股份_2026.pdf
2026-05-29 17:31:33,722 [INFO] 文本已保存: C:\Users\13765\OneDrive\Desktop\研究生\数据要素\data\extracted\000652_泰达股份_2026.md (122817字符)
2026-05-29 17:31:38,051 [INFO] 表格已保存: C:\Users\13765\OneDrive\Desktop\研究生\数据要素\data\extracted\000652_泰达股份_2026_tables.json (77个表格)
2026-05-29 17:31:38,051 [INFO] [465/1056] 处理: 000655_金岭矿业_2019.pdf
2026-05-29 17:31:38,445 [INFO] 文本已保存: C:\Users\13765\OneDrive\Desktop\研究生\数据要素\data\extracted\000655_金岭矿业_2019.md (5043字符)
2026-05-29 17:31:38,628 [INFO] 表格已保存: C:\Users\13765\OneDrive\Desktop\研究生\数据要素\data\extracted\000655_金岭矿业_2019_tables.json (2个表格)
2026-05-29 17:31:38,628 [INFO] [466/1056] 处理: 000655_金岭矿业_2020.pdf
2026-05-29 17:31:38,849 [INFO] 文本已保存: C:\Users\13765\OneDrive\Desktop\研究生\数据要素\data\extracted\000655_金岭矿业_2020.md (5711字符)
2026-05-29 17:31:39,063 [INFO] 表格已保存: C:\Users\13765\OneDrive\Desktop\研究生\数据要素\data\extracted\000655_金岭矿业_2020_tables.json (4个表格)
2026-05-29 17:31:39,063 [INFO] [467/1056] 处理: 000655_金岭矿业_2021.pdf
2026-05-29 17:31:39,358 [INFO] 文本已保存: C:\Users\13765\OneDrive\Desktop\研究生\数据要素\data\extracted\000655_金岭矿业_2021.md (5659字符)
2026-05-29 17:31:39,577 [INFO] 表格已保存: C:\Users\13765\OneDrive\Desktop\研究生\数据要素\data\extracted\000655_金岭矿业_2021_tables.json (3个表格)
2026-05-29 17:31:39,577 [INFO] [468/1056] 处理: 000655_金岭矿业_2022.pdf
2026-05-29 17:31:39,815 [INFO] 文本已保存: C:\Users\13765\OneDrive\Desktop\研究生\数据要素\data\extracted\000655_金岭矿业_2022.md (6544字符)
2026-05-29 17:31:40,041 [INFO] 表格已保存: C:\Users\13765\OneDrive\Desktop\研究生\数据要素\data\extracted\000655_金岭矿业_2022_tables.json (2个表格)
2026-05-29 17:31:40,041 [INFO] [469/1056] 处理: 000655_金岭矿业_2023.pdf
2026-05-29 17:31:40,452 [INFO] 文本已保存: C:\Users\13765\OneDrive\Desktop\研究生\数据要素\data\extracted\000655_金岭矿业_2023.md (7879字符)
2026-05-29 17:31:40,778 [INFO] 表格已保存: C:\Users\13765\OneDrive\Desktop\研究生\数据要素\data\extracted\000655_金岭矿业_2023_tables.json (3个表格)
2026-05-29 17:31:40,778 [INFO] [470/1056] 处理: 000655_金岭矿业_2024.pdf
2026-05-29 17:31:44,138 [INFO] 文本已保存: C:\Users\13765\OneDrive\Desktop\研究生\数据要素\data\extracted\000655_金岭矿业_2024.md (44427字符)
2026-05-29 17:31:47,473 [INFO] 表格已保存: C:\Users\13765\OneDrive\Desktop\研究生\数据要素\data\extracted\000655_金岭矿业_2024_tables.json (12个表格)
2026-05-29 17:31:47,473 [INFO] [471/1056] 处理: 000655_金岭矿业_2025.pdf
2026-05-29 17:31:55,983 [INFO] 文本已保存: C:\Users\13765\OneDrive\Desktop\研究生\数据要素\data\extracted\000655_金岭矿业_2025.md (72879字符)
2026-05-29 17:32:04,381 [INFO] 表格已保存: C:\Users\13765\OneDrive\Desktop\研究生\数据要素\data\extracted\000655_金岭矿业_2025_tables.json (40个表格)
2026-05-29 17:32:04,381 [INFO] [472/1056] 处理: 000655_金岭矿业_2026.pdf
2026-05-29 17:32:13,168 [INFO] 文本已保存: C:\Users\13765\OneDrive\Desktop\研究生\数据要素\data\extracted\000655_金岭矿业_2026.md (83358字符)
2026-05-29 17:32:21,556 [INFO] 表格已保存: C:\Users\13765\OneDrive\Desktop\研究生\数据要素\data\extracted\000655_金岭矿业_2026_tables.json (44个表格)
2026-05-29 17:32:21,556 [INFO] [473/1056] 处理: 000661_长春高新_2019.pdf
2026-05-29 17:32:21,842 [INFO] 文本已保存: C:\Users\13765\OneDrive\Desktop\研究生\数据要素\data\extracted\000661_长春高新_2019.md (8600字符)
2026-05-29 17:32:22,455 [INFO] 表格已保存: C:\Users\13765\OneDrive\Desktop\研究生\数据要素\data\extracted\000661_长春高新_2019_tables.json (1个表格)
2026-05-29 17:32:22,455 [INFO] [474/1056] 处理: 000661_长春高新_2020.pdf
2026-05-29 17:32:22,739 [INFO] 文本已保存: C:\Users\13765\OneDrive\Desktop\研究生\数据要素\data\extracted\000661_长春高新_2020.md (8600字符)
2026-05-29 17:32:23,014 [INFO] 表格已保存: C:\Users\13765\OneDrive\Desktop\研究生\数据要素\data\extracted\000661_长春高新_2020_tables.json (1个表格)
2026-05-29 17:32:23,014 [INFO] [475/1056] 处理: 000661_长春高新_2021.pdf
2026-05-29 17:32:23,577 [INFO] 文本已保存: C:\Users\13765\OneDrive\Desktop\研究生\数据要素\data\extracted\000661_长春高新_2021.md (9517字符)
2026-05-29 17:32:24,046 [INFO] 表格已保存: C:\Users\13765\OneDrive\Desktop\研究生\数据要素\data\extracted\000661_长春高新_2021_tables.json (1个表格)
2026-05-29 17:32:24,047 [INFO] [476/1056] 处理: 000661_长春高新_2022.pdf
2026-05-29 17:32:26,472 [INFO] 文本已保存: C:\Users\13765\OneDrive\Desktop\研究生\数据要素\data\extracted\000661_长春高新_2022.md (54879字符)
2026-05-29 17:32:28,820 [INFO] 表格已保存: C:\Users\13765\OneDrive\Desktop\研究生\数据要素\data\extracted\000661_长春高新_2022_tables.json (10个表格)
2026-05-29 17:32:28,820 [INFO] [477/1056] 处理: 000661_长春高新_2023.pdf
2026-05-29 17:32:32,101 [INFO] 文本已保存: C:\Users\13765\OneDrive\Desktop\研究生\数据要素\data\extracted\000661_长春高新_2023.md (52032字符)
2026-05-29 17:32:35,183 [INFO] 表格已保存: C:\Users\13765\OneDrive\Desktop\研究生\数据要素\data\extracted\000661_长春高新_2023_tables.json (41个表格)
2026-05-29 17:32:35,183 [INFO] [478/1056] 处理: 000661_长春高新_2024.pdf
2026-05-29 17:32:42,573 [INFO] 文本已保存: C:\Users\13765\OneDrive\Desktop\研究生\数据要素\data\extracted\000661_长春高新_2024.md (145336字符)
2026-05-29 17:32:50,018 [INFO] 表格已保存: C:\Users\13765\OneDrive\Desktop\研究生\数据要素\data\extracted\000661_长春高新_2024_tables.json (61个表格)
2026-05-29 17:32:50,018 [INFO] [479/1056] 处理: 000661_长春高新_2025.pdf
2026-05-29 17:32:54,651 [INFO] 文本已保存: C:\Users\13765\OneDrive\Desktop\研究生\数据要素\data\extracted\000661_长春高新_2025.md (90395字符)
2026-05-29 17:32:59,164 [INFO] 表格已保存: C:\Users\13765\OneDrive\Desktop\研究生\数据要素\data\extracted\000661_长春高新_2025_tables.json (29个表格)
2026-05-29 17:32:59,164 [INFO] [480/1056] 处理: 000661_长春高新_2026.pdf
2026-05-29 17:33:06,072 [INFO] 文本已保存: C:\Users\13765\OneDrive\Desktop\研究生\数据要素\data\extracted\000661_长春高新_2026.md (132884字符)
2026-05-29 17:33:12,857 [INFO] 表格已保存: C:\Users\13765\OneDrive\Desktop\研究生\数据要素\data\extracted\000661_长春高新_2026_tables.json (59个表格)
2026-05-29 17:33:12,857 [INFO] [481/1056] 处理: 000663_永安林业_2019.pdf
2026-05-29 17:33:13,042 [INFO] 文本已保存: C:\Users\13765\OneDrive\Desktop\研究生\数据要素\data\extracted\000663_永安林业_2019.md (5818字符)
2026-05-29 17:33:13,476 [INFO] 表格已保存: C:\Users\13765\OneDrive\Desktop\研究生\数据要素\data\extracted\000663_永安林业_2019_tables.json (0个表格)
2026-05-29 17:33:13,476 [INFO] [482/1056] 处理: 000663_永安林业_2020.pdf
2026-05-29 17:33:13,655 [INFO] 文本已保存: C:\Users\13765\OneDrive\Desktop\研究生\数据要素\data\extracted\000663_永安林业_2020.md (5696字符)
2026-05-29 17:33:13,823 [INFO] 表格已保存: C:\Users\13765\OneDrive\Desktop\研究生\数据要素\data\extracted\000663_永安林业_2020_tables.json (0个表格)
2026-05-29 17:33:13,823 [INFO] [483/1056] 处理: 000663_永安林业_2021.pdf
2026-05-29 17:33:14,022 [INFO] 文本已保存: C:\Users\13765\OneDrive\Desktop\研究生\数据要素\data\extracted\000663_永安林业_2021.md (6024字符)
2026-05-29 17:33:14,201 [INFO] 表格已保存: C:\Users\13765\OneDrive\Desktop\研究生\数据要素\data\extracted\000663_永安林业_2021_tables.json (0个表格)
2026-05-29 17:33:14,201 [INFO] [484/1056] 处理: 000663_永安林业_2022.pdf
2026-05-29 17:33:14,602 [INFO] 文本已保存: C:\Users\13765\OneDrive\Desktop\研究生\数据要素\data\extracted\000663_永安林业_2022.md (8846字符)
2026-05-29 17:33:14,919 [INFO] 表格已保存: C:\Users\13765\OneDrive\Desktop\研究生\数据要素\data\extracted\000663_永安林业_2022_tables.json (2个表格)
2026-05-29 17:33:14,919 [INFO] [485/1056] 处理: 000663_永安林业_2023.pdf
2026-05-29 17:33:14,942 [INFO] 文本已保存: C:\Users\13765\OneDrive\Desktop\研究生\数据要素\data\extracted\000663_永安林业_2023.md (311字符)
2026-05-29 17:33:14,959 [INFO] 表格已保存: C:\Users\13765\OneDrive\Desktop\研究生\数据要素\data\extracted\000663_永安林业_2023_tables.json (0个表格)
2026-05-29 17:33:14,959 [INFO] [486/1056] 处理: 000663_永安林业_2024.pdf
2026-05-29 17:33:15,170 [INFO] 文本已保存: C:\Users\13765\OneDrive\Desktop\研究生\数据要素\data\extracted\000663_永安林业_2024.md (2407字符)
2026-05-29 17:33:15,314 [INFO] 表格已保存: C:\Users\13765\OneDrive\Desktop\研究生\数据要素\data\extracted\000663_永安林业_2024_tables.json (0个表格)
2026-05-29 17:33:15,314 [INFO] [487/1056] 处理: 000663_永安林业_2025.pdf
2026-05-29 17:33:26,434 [INFO] 文本已保存: C:\Users\13765\OneDrive\Desktop\研究生\数据要素\data\extracted\000663_永安林业_2025.md (58343字符)
2026-05-29 17:33:37,396 [INFO] 表格已保存: C:\Users\13765\OneDrive\Desktop\研究生\数据要素\data\extracted\000663_永安林业_2025_tables.json (27个表格)
2026-05-29 17:33:37,396 [INFO] [488/1056] 处理: 000663_永安林业_2026.pdf
2026-05-29 17:33:42,459 [INFO] 文本已保存: C:\Users\13765\OneDrive\Desktop\研究生\数据要素\data\extracted\000663_永安林业_2026.md (68200字符)
2026-05-29 17:33:47,238 [INFO] 表格已保存: C:\Users\13765\OneDrive\Desktop\研究生\数据要素\data\extracted\000663_永安林业_2026_tables.json (19个表格)
2026-05-29 17:33:47,238 [INFO] [489/1056] 处理: 000672_上峰水泥_2019.pdf
2026-05-29 17:33:48,103 [INFO] 文本已保存: C:\Users\13765\OneDrive\Desktop\研究生\数据要素\data\extracted\000672_上峰水泥_2019.md (19735字符)
2026-05-29 17:33:48,822 [INFO] 表格已保存: C:\Users\13765\OneDrive\Desktop\研究生\数据要素\data\extracted\000672_上峰水泥_2019_tables.json (4个表格)
2026-05-29 17:33:48,823 [INFO] [490/1056] 处理: 000672_上峰水泥_2020.pdf
2026-05-29 17:33:49,286 [INFO] 文本已保存: C:\Users\13765\OneDrive\Desktop\研究生\数据要素\data\extracted\000672_上峰水泥_2020.md (13735字符)
2026-05-29 17:33:49,730 [INFO] 表格已保存: C:\Users\13765\OneDrive\Desktop\研究生\数据要素\data\extracted\000672_上峰水泥_2020_tables.json (6个表格)
2026-05-29 17:33:49,730 [INFO] [491/1056] 处理: 000672_上峰水泥_2021.pdf
2026-05-29 17:33:50,362 [INFO] 文本已保存: C:\Users\13765\OneDrive\Desktop\研究生\数据要素\data\extracted\000672_上峰水泥_2021.md (15400字符)
2026-05-29 17:33:50,938 [INFO] 表格已保存: C:\Users\13765\OneDrive\Desktop\研究生\数据要素\data\extracted\000672_上峰水泥_2021_tables.json (5个表格)
2026-05-29 17:33:50,939 [INFO] [492/1056] 处理: 000672_上峰水泥_2022.pdf
2026-05-29 17:33:52,452 [INFO] 文本已保存: C:\Users\13765\OneDrive\Desktop\研究生\数据要素\data\extracted\000672_上峰水泥_2022.md (30656字符)
2026-05-29 17:33:53,995 [INFO] 表格已保存: C:\Users\13765\OneDrive\Desktop\研究生\数据要素\data\extracted\000672_上峰水泥_2022_tables.json (5个表格)
2026-05-29 17:33:53,995 [INFO] [493/1056] 处理: 000672_上峰水泥_2023.pdf
2026-05-29 17:33:56,131 [INFO] 文本已保存: C:\Users\13765\OneDrive\Desktop\研究生\数据要素\data\extracted\000672_上峰水泥_2023.md (25800字符)
2026-05-29 17:33:58,214 [INFO] 表格已保存: C:\Users\13765\OneDrive\Desktop\研究生\数据要素\data\extracted\000672_上峰水泥_2023_tables.json (7个表格)
2026-05-29 17:33:58,214 [INFO] [494/1056] 处理: 000672_上峰水泥_2024.pdf
2026-05-29 17:34:29,928 [INFO] 文本已保存: C:\Users\13765\OneDrive\Desktop\研究生\数据要素\data\extracted\000672_上峰水泥_2024.md (26703字符)
2026-05-29 17:35:01,785 [INFO] 表格已保存: C:\Users\13765\OneDrive\Desktop\研究生\数据要素\data\extracted\000672_上峰水泥_2024_tables.json (8个表格)
2026-05-29 17:35:01,785 [INFO] [495/1056] 处理: 000672_上峰水泥_2025.pdf
2026-05-29 17:35:09,139 [INFO] 文本已保存: C:\Users\13765\OneDrive\Desktop\研究生\数据要素\data\extracted\000672_上峰水泥_2025.md (23210字符)
2026-05-29 17:35:15,392 [INFO] 表格已保存: C:\Users\13765\OneDrive\Desktop\研究生\数据要素\data\extracted\000672_上峰水泥_2025_tables.json (3个表格)
2026-05-29 17:35:15,393 [INFO] [496/1056] 处理: 000672_上峰水泥_2026.pdf
2026-05-29 17:35:20,611 [INFO] 文本已保存: C:\Users\13765\OneDrive\Desktop\研究生\数据要素\data\extracted\000672_上峰水泥_2026.md (34935字符)
2026-05-29 17:35:25,695 [INFO] 表格已保存: C:\Users\13765\OneDrive\Desktop\研究生\数据要素\data\extracted\000672_上峰水泥_2026_tables.json (5个表格)
2026-05-29 17:35:25,695 [INFO] [497/1056] 处理: 000680_山推股份_2019.pdf
2026-05-29 17:35:26,951 [INFO] 文本已保存: C:\Users\13765\OneDrive\Desktop\研究生\数据要素\data\extracted\000680_山推股份_2019.md (33166字符)
2026-05-29 17:35:28,032 [INFO] 表格已保存: C:\Users\13765\OneDrive\Desktop\研究生\数据要素\data\extracted\000680_山推股份_2019_tables.json (9个表格)
2026-05-29 17:35:28,032 [INFO] [498/1056] 处理: 000680_山推股份_2020.pdf
2026-05-29 17:35:29,145 [INFO] 文本已保存: C:\Users\13765\OneDrive\Desktop\研究生\数据要素\data\extracted\000680_山推股份_2020.md (33731字符)
2026-05-29 17:35:30,193 [INFO] 表格已保存: C:\Users\13765\OneDrive\Desktop\研究生\数据要素\data\extracted\000680_山推股份_2020_tables.json (7个表格)
2026-05-29 17:35:30,193 [INFO] [499/1056] 处理: 000680_山推股份_2021.pdf
2026-05-29 17:35:31,311 [INFO] 文本已保存: C:\Users\13765\OneDrive\Desktop\研究生\数据要素\data\extracted\000680_山推股份_2021.md (36160字符)
2026-05-29 17:35:32,378 [INFO] 表格已保存: C:\Users\13765\OneDrive\Desktop\研究生\数据要素\data\extracted\000680_山推股份_2021_tables.json (9个表格)
2026-05-29 17:35:32,378 [INFO] [500/1056] 处理: 000680_山推股份_2022.pdf
2026-05-29 17:35:34,125 [INFO] 文本已保存: C:\Users\13765\OneDrive\Desktop\研究生\数据要素\data\extracted\000680_山推股份_2022.md (44324字符)
2026-05-29 17:35:35,778 [INFO] 表格已保存: C:\Users\13765\OneDrive\Desktop\研究生\数据要素\data\extracted\000680_山推股份_2022_tables.json (11个表格)
2026-05-29 17:35:35,778 [INFO] [501/1056] 处理: 000680_山推股份_2023.pdf
2026-05-29 17:35:37,427 [INFO] 文本已保存: C:\Users\13765\OneDrive\Desktop\研究生\数据要素\data\extracted\000680_山推股份_2023.md (41755字符)
2026-05-29 17:35:39,037 [INFO] 表格已保存: C:\Users\13765\OneDrive\Desktop\研究生\数据要素\data\extracted\000680_山推股份_2023_tables.json (11个表格)
2026-05-29 17:35:39,037 [INFO] [502/1056] 处理: 000680_山推股份_2024.pdf
2026-05-29 17:35:40,625 [INFO] 文本已保存: C:\Users\13765\OneDrive\Desktop\研究生\数据要素\data\extracted\000680_山推股份_2024.md (42127字符)
2026-05-29 17:35:42,184 [INFO] 表格已保存: C:\Users\13765\OneDrive\Desktop\研究生\数据要素\data\extracted\000680_山推股份_2024_tables.json (13个表格)
2026-05-29 17:35:42,184 [INFO] [503/1056] 处理: 000680_山推股份_2025.pdf
2026-05-29 17:35:52,801 [INFO] 文本已保存: C:\Users\13765\OneDrive\Desktop\研究生\数据要素\data\extracted\000680_山推股份_2025.md (59938字符)
2026-05-29 17:36:03,329 [INFO] 表格已保存: C:\Users\13765\OneDrive\Desktop\研究生\数据要素\data\extracted\000680_山推股份_2025_tables.json (20个表格)
2026-05-29 17:36:03,329 [INFO] [504/1056] 处理: 000680_山推股份_2026.pdf
2026-05-29 17:36:16,953 [INFO] 文本已保存: C:\Users\13765\OneDrive\Desktop\研究生\数据要素\data\extracted\000680_山推股份_2026.md (76990字符)
2026-05-29 17:36:30,284 [INFO] 表格已保存: C:\Users\13765\OneDrive\Desktop\研究生\数据要素\data\extracted\000680_山推股份_2026_tables.json (20个表格)
2026-05-29 17:36:30,284 [INFO] [505/1056] 处理: 000686_东北证券_2019.pdf
2026-05-29 17:36:30,885 [INFO] 文本已保存: C:\Users\13765\OneDrive\Desktop\研究生\数据要素\data\extracted\000686_东北证券_2019.md (15287字符)
2026-05-29 17:36:31,917 [INFO] 表格已保存: C:\Users\13765\OneDrive\Desktop\研究生\数据要素\data\extracted\000686_东北证券_2019_tables.json (2个表格)
2026-05-29 17:36:31,918 [INFO] [506/1056] 处理: 000686_东北证券_2020.pdf
2026-05-29 17:36:32,974 [INFO] 文本已保存: C:\Users\13765\OneDrive\Desktop\研究生\数据要素\data\extracted\000686_东北证券_2020.md (27958字符)
2026-05-29 17:36:33,908 [INFO] 表格已保存: C:\Users\13765\OneDrive\Desktop\研究生\数据要素\data\extracted\000686_东北证券_2020_tables.json (22个表格)
2026-05-29 17:36:33,908 [INFO] [507/1056] 处理: 000686_东北证券_2021.pdf
2026-05-29 17:36:35,267 [INFO] 文本已保存: C:\Users\13765\OneDrive\Desktop\研究生\数据要素\data\extracted\000686_东北证券_2021.md (33712字符)
2026-05-29 17:36:36,495 [INFO] 表格已保存: C:\Users\13765\OneDrive\Desktop\研究生\数据要素\data\extracted\000686_东北证券_2021_tables.json (8个表格)
2026-05-29 17:36:36,495 [INFO] [508/1056] 处理: 000686_东北证券_2022.pdf
2026-05-29 17:36:37,461 [INFO] 文本已保存: C:\Users\13765\OneDrive\Desktop\研究生\数据要素\data\extracted\000686_东北证券_2022.md (27324字符)
2026-05-29 17:36:38,285 [INFO] 表格已保存: C:\Users\13765\OneDrive\Desktop\研究生\数据要素\data\extracted\000686_东北证券_2022_tables.json (2个表格)
2026-05-29 17:36:38,285 [INFO] [509/1056] 处理: 000686_东北证券_2023.pdf
2026-05-29 17:36:48,366 [INFO] 文本已保存: C:\Users\13765\OneDrive\Desktop\研究生\数据要素\data\extracted\000686_东北证券_2023.md (60982字符)
2026-05-29 17:36:58,819 [INFO] 表格已保存: C:\Users\13765\OneDrive\Desktop\研究生\数据要素\data\extracted\000686_东北证券_2023_tables.json (46个表格)
2026-05-29 17:36:58,819 [INFO] [510/1056] 处理: 000686_东北证券_2024.pdf
2026-05-29 17:37:02,675 [INFO] 文本已保存: C:\Users\13765\OneDrive\Desktop\研究生\数据要素\data\extracted\000686_东北证券_2024.md (71148字符)
2026-05-29 17:37:06,026 [INFO] 表格已保存: C:\Users\13765\OneDrive\Desktop\研究生\数据要素\data\extracted\000686_东北证券_2024_tables.json (70个表格)
2026-05-29 17:37:06,026 [INFO] [511/1056] 处理: 000686_东北证券_2025.pdf
2026-05-29 17:37:10,781 [INFO] 文本已保存: C:\Users\13765\OneDrive\Desktop\研究生\数据要素\data\extracted\000686_东北证券_2025.md (103645字符)
2026-05-29 17:37:15,337 [INFO] 表格已保存: C:\Users\13765\OneDrive\Desktop\研究生\数据要素\data\extracted\000686_东北证券_2025_tables.json (100个表格)
2026-05-29 17:37:15,337 [INFO] [512/1056] 处理: 000686_东北证券_2026.pdf
2026-05-29 17:37:19,136 [INFO] 文本已保存: C:\Users\13765\OneDrive\Desktop\研究生\数据要素\data\extracted\000686_东北证券_2026.md (127131字符)
2026-05-29 17:37:22,726 [INFO] 表格已保存: C:\Users\13765\OneDrive\Desktop\研究生\数据要素\data\extracted\000686_东北证券_2026_tables.json (69个表格)
2026-05-29 17:37:22,726 [INFO] [513/1056] 处理: 000690_宝新能源_2019.pdf
2026-05-29 17:37:23,611 [INFO] 文本已保存: C:\Users\13765\OneDrive\Desktop\研究生\数据要素\data\extracted\000690_宝新能源_2019.md (22705字符)
2026-05-29 17:37:24,336 [INFO] 表格已保存: C:\Users\13765\OneDrive\Desktop\研究生\数据要素\data\extracted\000690_宝新能源_2019_tables.json (6个表格)
2026-05-29 17:37:24,336 [INFO] [514/1056] 处理: 000690_宝新能源_2020.pdf
2026-05-29 17:37:24,993 [INFO] 文本已保存: C:\Users\13765\OneDrive\Desktop\研究生\数据要素\data\extracted\000690_宝新能源_2020.md (22316字符)
2026-05-29 17:37:25,745 [INFO] 表格已保存: C:\Users\13765\OneDrive\Desktop\研究生\数据要素\data\extracted\000690_宝新能源_2020_tables.json (5个表格)
2026-05-29 17:37:25,745 [INFO] [515/1056] 处理: 000690_宝新能源_2021.pdf
2026-05-29 17:37:26,556 [INFO] 文本已保存: C:\Users\13765\OneDrive\Desktop\研究生\数据要素\data\extracted\000690_宝新能源_2021.md (24380字符)
2026-05-29 17:37:27,362 [INFO] 表格已保存: C:\Users\13765\OneDrive\Desktop\研究生\数据要素\data\extracted\000690_宝新能源_2021_tables.json (8个表格)
2026-05-29 17:37:27,362 [INFO] [516/1056] 处理: 000690_宝新能源_2022.pdf
2026-05-29 17:37:27,997 [INFO] 文本已保存: C:\Users\13765\OneDrive\Desktop\研究生\数据要素\data\extracted\000690_宝新能源_2022.md (18504字符)
2026-05-29 17:37:28,539 [INFO] 表格已保存: C:\Users\13765\OneDrive\Desktop\研究生\数据要素\data\extracted\000690_宝新能源_2022_tables.json (5个表格)
2026-05-29 17:37:28,539 [INFO] [517/1056] 处理: 000690_宝新能源_2023.pdf
2026-05-29 17:37:29,356 [INFO] 文本已保存: C:\Users\13765\OneDrive\Desktop\研究生\数据要素\data\extracted\000690_宝新能源_2023.md (20046字符)
2026-05-29 17:37:30,056 [INFO] 表格已保存: C:\Users\13765\OneDrive\Desktop\研究生\数据要素\data\extracted\000690_宝新能源_2023_tables.json (8个表格)
2026-05-29 17:37:30,056 [INFO] [518/1056] 处理: 000690_宝新能源_2024.pdf
2026-05-29 17:37:30,898 [INFO] 文本已保存: C:\Users\13765\OneDrive\Desktop\研究生\数据要素\data\extracted\000690_宝新能源_2024.md (20874字符)
2026-05-29 17:37:31,704 [INFO] 表格已保存: C:\Users\13765\OneDrive\Desktop\研究生\数据要素\data\extracted\000690_宝新能源_2024_tables.json (8个表格)
2026-05-29 17:37:31,704 [INFO] [519/1056] 处理: 000690_宝新能源_2025.pdf
2026-05-29 17:37:32,526 [INFO] 文本已保存: C:\Users\13765\OneDrive\Desktop\研究生\数据要素\data\extracted\000690_宝新能源_2025.md (20325字符)
2026-05-29 17:37:33,249 [INFO] 表格已保存: C:\Users\13765\OneDrive\Desktop\研究生\数据要素\data\extracted\000690_宝新能源_2025_tables.json (8个表格)
2026-05-29 17:37:33,249 [INFO] [520/1056] 处理: 000690_宝新能源_2026.pdf
2026-05-29 17:37:34,486 [INFO] 文本已保存: C:\Users\13765\OneDrive\Desktop\研究生\数据要素\data\extracted\000690_宝新能源_2026.md (19541字符)
2026-05-29 17:37:35,581 [INFO] 表格已保存: C:\Users\13765\OneDrive\Desktop\研究生\数据要素\data\extracted\000690_宝新能源_2026_tables.json (4个表格)
2026-05-29 17:37:35,581 [INFO] [521/1056] 处理: 000701_厦门信达_2019.pdf
2026-05-29 17:37:35,871 [INFO] 文本已保存: C:\Users\13765\OneDrive\Desktop\研究生\数据要素\data\extracted\000701_厦门信达_2019.md (8705字符)
2026-05-29 17:37:36,241 [INFO] 表格已保存: C:\Users\13765\OneDrive\Desktop\研究生\数据要素\data\extracted\000701_厦门信达_2019_tables.json (2个表格)
2026-05-29 17:37:36,242 [INFO] [522/1056] 处理: 000701_厦门信达_2020.pdf
2026-05-29 17:37:36,535 [INFO] 文本已保存: C:\Users\13765\OneDrive\Desktop\研究生\数据要素\data\extracted\000701_厦门信达_2020.md (8367字符)
2026-05-29 17:37:36,815 [INFO] 表格已保存: C:\Users\13765\OneDrive\Desktop\研究生\数据要素\data\extracted\000701_厦门信达_2020_tables.json (1个表格)
2026-05-29 17:37:36,816 [INFO] [523/1056] 处理: 000701_厦门信达_2021.pdf
2026-05-29 17:37:37,147 [INFO] 文本已保存: C:\Users\13765\OneDrive\Desktop\研究生\数据要素\data\extracted\000701_厦门信达_2021.md (9055字符)
2026-05-29 17:37:37,386 [INFO] 表格已保存: C:\Users\13765\OneDrive\Desktop\研究生\数据要素\data\extracted\000701_厦门信达_2021_tables.json (1个表格)
2026-05-29 17:37:37,386 [INFO] [524/1056] 处理: 000701_厦门信达_2022.pdf
2026-05-29 17:37:37,639 [INFO] 文本已保存: C:\Users\13765\OneDrive\Desktop\研究生\数据要素\data\extracted\000701_厦门信达_2022.md (9183字符)
2026-05-29 17:37:37,875 [INFO] 表格已保存: C:\Users\13765\OneDrive\Desktop\研究生\数据要素\data\extracted\000701_厦门信达_2022_tables.json (0个表格)
2026-05-29 17:37:37,875 [INFO] [525/1056] 处理: 000701_厦门信达_2023.pdf
2026-05-29 17:38:39,028 [INFO] 文本已保存: C:\Users\13765\OneDrive\Desktop\研究生\数据要素\data\extracted\000701_厦门信达_2023.md (45348字符)
2026-05-29 17:39:41,320 [INFO] 表格已保存: C:\Users\13765\OneDrive\Desktop\研究生\数据要素\data\extracted\000701_厦门信达_2023_tables.json (78个表格)
2026-05-29 17:39:41,320 [INFO] [526/1056] 处理: 000701_厦门信达_2024.pdf
2026-05-29 17:40:44,117 [INFO] 文本已保存: C:\Users\13765\OneDrive\Desktop\研究生\数据要素\data\extracted\000701_厦门信达_2024.md (45348字符)
2026-05-29 17:41:46,659 [INFO] 表格已保存: C:\Users\13765\OneDrive\Desktop\研究生\数据要素\data\extracted\000701_厦门信达_2024_tables.json (78个表格)
2026-05-29 17:41:46,659 [INFO] [527/1056] 处理: 000701_厦门信达_2025.pdf
2026-05-29 17:41:59,910 [INFO] 文本已保存: C:\Users\13765\OneDrive\Desktop\研究生\数据要素\data\extracted\000701_厦门信达_2025.md (111289字符)
2026-05-29 17:42:11,765 [INFO] 表格已保存: C:\Users\13765\OneDrive\Desktop\研究生\数据要素\data\extracted\000701_厦门信达_2025_tables.json (96个表格)
2026-05-29 17:42:11,766 [INFO] [528/1056] 处理: 000701_厦门信达_2026.pdf
2026-05-29 17:42:16,414 [INFO] 文本已保存: C:\Users\13765\OneDrive\Desktop\研究生\数据要素\data\extracted\000701_厦门信达_2026.md (60737字符)
2026-05-29 17:42:20,722 [INFO] 表格已保存: C:\Users\13765\OneDrive\Desktop\研究生\数据要素\data\extracted\000701_厦门信达_2026_tables.json (9个表格)
2026-05-29 17:42:20,722 [INFO] [529/1056] 处理: 000703_恒逸石化_2019.pdf
2026-05-29 17:42:33,955 [INFO] 文本已保存: C:\Users\13765\OneDrive\Desktop\研究生\数据要素\data\extracted\000703_恒逸石化_2019.md (42644字符)
2026-05-29 17:42:47,068 [INFO] 表格已保存: C:\Users\13765\OneDrive\Desktop\研究生\数据要素\data\extracted\000703_恒逸石化_2019_tables.json (27个表格)
2026-05-29 17:42:47,068 [INFO] [530/1056] 处理: 000703_恒逸石化_2020.pdf
2026-05-29 17:43:00,769 [INFO] 文本已保存: C:\Users\13765\OneDrive\Desktop\研究生\数据要素\data\extracted\000703_恒逸石化_2020.md (42644字符)
2026-05-29 17:43:14,080 [INFO] 表格已保存: C:\Users\13765\OneDrive\Desktop\研究生\数据要素\data\extracted\000703_恒逸石化_2020_tables.json (27个表格)
2026-05-29 17:43:14,080 [INFO] [531/1056] 处理: 000703_恒逸石化_2021.pdf
2026-05-29 17:43:18,995 [INFO] 文本已保存: C:\Users\13765\OneDrive\Desktop\研究生\数据要素\data\extracted\000703_恒逸石化_2021.md (32986字符)
2026-05-29 17:43:23,649 [INFO] 表格已保存: C:\Users\13765\OneDrive\Desktop\研究生\数据要素\data\extracted\000703_恒逸石化_2021_tables.json (10个表格)
2026-05-29 17:43:23,650 [INFO] [532/1056] 处理: 000703_恒逸石化_2022.pdf
2026-05-29 17:43:28,812 [INFO] 文本已保存: C:\Users\13765\OneDrive\Desktop\研究生\数据要素\data\extracted\000703_恒逸石化_2022.md (35286字符)
2026-05-29 17:43:33,861 [INFO] 表格已保存: C:\Users\13765\OneDrive\Desktop\研究生\数据要素\data\extracted\000703_恒逸石化_2022_tables.json (3个表格)
2026-05-29 17:43:33,861 [INFO] [533/1056] 处理: 000703_恒逸石化_2023.pdf
2026-05-29 17:44:23,313 [INFO] 文本已保存: C:\Users\13765\OneDrive\Desktop\研究生\数据要素\data\extracted\000703_恒逸石化_2023.md (1623字符)
2026-05-29 17:45:13,555 [INFO] 表格已保存: C:\Users\13765\OneDrive\Desktop\研究生\数据要素\data\extracted\000703_恒逸石化_2023_tables.json (0个表格)
2026-05-29 17:45:13,555 [INFO] [534/1056] 处理: 000703_恒逸石化_2024.pdf
2026-05-29 17:45:16,799 [INFO] 文本已保存: C:\Users\13765\OneDrive\Desktop\研究生\数据要素\data\extracted\000703_恒逸石化_2024.md (43940字符)
2026-05-29 17:45:18,540 [INFO] 表格已保存: C:\Users\13765\OneDrive\Desktop\研究生\数据要素\data\extracted\000703_恒逸石化_2024_tables.json (19个表格)
2026-05-29 17:45:18,540 [INFO] [535/1056] 处理: 000703_恒逸石化_2025.pdf
2026-05-29 17:45:20,640 [INFO] 文本已保存: C:\Users\13765\OneDrive\Desktop\研究生\数据要素\data\extracted\000703_恒逸石化_2025.md (40678字符)
2026-05-29 17:45:22,633 [INFO] 表格已保存: C:\Users\13765\OneDrive\Desktop\研究生\数据要素\data\extracted\000703_恒逸石化_2025_tables.json (20个表格)
2026-05-29 17:45:22,633 [INFO] [536/1056] 处理: 000703_恒逸石化_2026.pdf
2026-05-29 17:45:25,260 [INFO] 文本已保存: C:\Users\13765\OneDrive\Desktop\研究生\数据要素\data\extracted\000703_恒逸石化_2026.md (46167字符)
2026-05-29 17:45:27,790 [INFO] 表格已保存: C:\Users\13765\OneDrive\Desktop\研究生\数据要素\data\extracted\000703_恒逸石化_2026_tables.json (24个表格)
2026-05-29 17:45:27,791 [INFO] [537/1056] 处理: 000708_中信特钢_2019.pdf
2026-05-29 17:45:32,048 [INFO] 文本已保存: C:\Users\13765\OneDrive\Desktop\研究生\数据要素\data\extracted\000708_中信特钢_2019.md (42499字符)
2026-05-29 17:45:36,207 [INFO] 表格已保存: C:\Users\13765\OneDrive\Desktop\研究生\数据要素\data\extracted\000708_中信特钢_2019_tables.json (26个表格)
2026-05-29 17:45:36,207 [INFO] [538/1056] 处理: 000708_中信特钢_2020.pdf
2026-05-29 17:45:40,437 [INFO] 文本已保存: C:\Users\13765\OneDrive\Desktop\研究生\数据要素\data\extracted\000708_中信特钢_2020.md (42499字符)
2026-05-29 17:45:44,666 [INFO] 表格已保存: C:\Users\13765\OneDrive\Desktop\研究生\数据要素\data\extracted\000708_中信特钢_2020_tables.json (26个表格)
2026-05-29 17:45:44,666 [INFO] [539/1056] 处理: 000708_中信特钢_2021.pdf
2026-05-29 17:45:53,453 [INFO] 文本已保存: C:\Users\13765\OneDrive\Desktop\研究生\数据要素\data\extracted\000708_中信特钢_2021.md (31674字符)
2026-05-29 17:46:02,004 [INFO] 表格已保存: C:\Users\13765\OneDrive\Desktop\研究生\数据要素\data\extracted\000708_中信特钢_2021_tables.json (2个表格)
2026-05-29 17:46:02,004 [INFO] [540/1056] 处理: 000708_中信特钢_2022.pdf
2026-05-29 17:46:13,878 [INFO] 文本已保存: C:\Users\13765\OneDrive\Desktop\研究生\数据要素\data\extracted\000708_中信特钢_2022.md (44556字符)
2026-05-29 17:46:25,503 [INFO] 表格已保存: C:\Users\13765\OneDrive\Desktop\研究生\数据要素\data\extracted\000708_中信特钢_2022_tables.json (8个表格)
2026-05-29 17:46:25,503 [INFO] [541/1056] 处理: 000708_中信特钢_2023.pdf
2026-05-29 17:46:38,164 [INFO] 文本已保存: C:\Users\13765\OneDrive\Desktop\研究生\数据要素\data\extracted\000708_中信特钢_2023.md (71600字符)
2026-05-29 17:46:50,428 [INFO] 表格已保存: C:\Users\13765\OneDrive\Desktop\研究生\数据要素\data\extracted\000708_中信特钢_2023_tables.json (32个表格)
2026-05-29 17:46:50,429 [INFO] [542/1056] 处理: 000708_中信特钢_2024.pdf
2026-05-29 17:47:28,944 [INFO] 文本已保存: C:\Users\13765\OneDrive\Desktop\研究生\数据要素\data\extracted\000708_中信特钢_2024.md (92419字符)
2026-05-29 17:48:07,018 [INFO] 表格已保存: C:\Users\13765\OneDrive\Desktop\研究生\数据要素\data\extracted\000708_中信特钢_2024_tables.json (90个表格)
2026-05-29 17:48:07,019 [INFO] [543/1056] 处理: 000708_中信特钢_2025.pdf
2026-05-29 17:48:15,652 [INFO] 文本已保存: C:\Users\13765\OneDrive\Desktop\研究生\数据要素\data\extracted\000708_中信特钢_2025.md (92130字符)
2026-05-29 17:48:23,632 [INFO] 表格已保存: C:\Users\13765\OneDrive\Desktop\研究生\数据要素\data\extracted\000708_中信特钢_2025_tables.json (89个表格)
2026-05-29 17:48:23,632 [INFO] [544/1056] 跳过(已存在): 000708_中信特钢_2026.pdf
2026-05-29 17:48:23,632 [INFO] [545/1056] 处理: 000709_河钢股份_2019.pdf
2026-05-29 17:48:24,229 [INFO] 文本已保存: C:\Users\13765\OneDrive\Desktop\研究生\数据要素\data\extracted\000709_河钢股份_2019.md (17576字符)
2026-05-29 17:48:25,123 [INFO] 表格已保存: C:\Users\13765\OneDrive\Desktop\研究生\数据要素\data\extracted\000709_河钢股份_2019_tables.json (5个表格)
2026-05-29 17:48:25,124 [INFO] [546/1056] 处理: 000709_河钢股份_2020.pdf
2026-05-29 17:48:25,861 [INFO] 文本已保存: C:\Users\13765\OneDrive\Desktop\研究生\数据要素\data\extracted\000709_河钢股份_2020.md (19704字符)
2026-05-29 17:48:26,507 [INFO] 表格已保存: C:\Users\13765\OneDrive\Desktop\研究生\数据要素\data\extracted\000709_河钢股份_2020_tables.json (5个表格)
2026-05-29 17:48:26,507 [INFO] [547/1056] 处理: 000709_河钢股份_2021.pdf
2026-05-29 17:48:27,281 [INFO] 文本已保存: C:\Users\13765\OneDrive\Desktop\研究生\数据要素\data\extracted\000709_河钢股份_2021.md (18068字符)
2026-05-29 17:48:27,950 [INFO] 表格已保存: C:\Users\13765\OneDrive\Desktop\研究生\数据要素\data\extracted\000709_河钢股份_2021_tables.json (4个表格)
2026-05-29 17:48:27,950 [INFO] [548/1056] 处理: 000709_河钢股份_2022.pdf
2026-05-29 17:48:28,765 [INFO] 文本已保存: C:\Users\13765\OneDrive\Desktop\研究生\数据要素\data\extracted\000709_河钢股份_2022.md (17981字符)
2026-05-29 17:48:29,501 [INFO] 表格已保存: C:\Users\13765\OneDrive\Desktop\研究生\数据要素\data\extracted\000709_河钢股份_2022_tables.json (4个表格)
2026-05-29 17:48:29,501 [INFO] [549/1056] 处理: 000709_河钢股份_2023.pdf
2026-05-29 17:48:29,823 [INFO] 文本已保存: C:\Users\13765\OneDrive\Desktop\研究生\数据要素\data\extracted\000709_河钢股份_2023.md (7142字符)
2026-05-29 17:48:30,135 [INFO] 表格已保存: C:\Users\13765\OneDrive\Desktop\研究生\数据要素\data\extracted\000709_河钢股份_2023_tables.json (1个表格)
2026-05-29 17:48:30,135 [INFO] [550/1056] 处理: 000709_河钢股份_2024.pdf
2026-05-29 17:48:35,223 [INFO] 文本已保存: C:\Users\13765\OneDrive\Desktop\研究生\数据要素\data\extracted\000709_河钢股份_2024.md (161821字符)
2026-05-29 17:48:40,249 [INFO] 表格已保存: C:\Users\13765\OneDrive\Desktop\研究生\数据要素\data\extracted\000709_河钢股份_2024_tables.json (9个表格)
2026-05-29 17:48:40,250 [INFO] [551/1056] 处理: 000709_河钢股份_2025.pdf
2026-05-29 17:48:47,926 [INFO] 文本已保存: C:\Users\13765\OneDrive\Desktop\研究生\数据要素\data\extracted\000709_河钢股份_2025.md (261825字符)
2026-05-29 17:48:55,304 [INFO] 表格已保存: C:\Users\13765\OneDrive\Desktop\研究生\数据要素\data\extracted\000709_河钢股份_2025_tables.json (43个表格)
2026-05-29 17:48:55,304 [INFO] [552/1056] 处理: 000709_河钢股份_2026.pdf
2026-05-29 17:49:14,334 [INFO] 文本已保存: C:\Users\13765\OneDrive\Desktop\研究生\数据要素\data\extracted\000709_河钢股份_2026.md (281058字符)
2026-05-29 17:49:32,874 [INFO] 表格已保存: C:\Users\13765\OneDrive\Desktop\研究生\数据要素\data\extracted\000709_河钢股份_2026_tables.json (50个表格)
2026-05-29 17:49:32,874 [INFO] [553/1056] 处理: 000712_锦龙股份_2019.pdf
2026-05-29 17:49:33,035 [INFO] 文本已保存: C:\Users\13765\OneDrive\Desktop\研究生\数据要素\data\extracted\000712_锦龙股份_2019.md (4385字符)
2026-05-29 17:49:33,184 [INFO] 表格已保存: C:\Users\13765\OneDrive\Desktop\研究生\数据要素\data\extracted\000712_锦龙股份_2019_tables.json (1个表格)
2026-05-29 17:49:33,184 [INFO] [554/1056] 处理: 000712_锦龙股份_2020.pdf
2026-05-29 17:49:33,345 [INFO] 文本已保存: C:\Users\13765\OneDrive\Desktop\研究生\数据要素\data\extracted\000712_锦龙股份_2020.md (4396字符)
2026-05-29 17:49:33,500 [INFO] 表格已保存: C:\Users\13765\OneDrive\Desktop\研究生\数据要素\data\extracted\000712_锦龙股份_2020_tables.json (1个表格)
2026-05-29 17:49:33,500 [INFO] [555/1056] 处理: 000712_锦龙股份_2021.pdf
2026-05-29 17:49:33,659 [INFO] 文本已保存: C:\Users\13765\OneDrive\Desktop\研究生\数据要素\data\extracted\000712_锦龙股份_2021.md (4261字符)
2026-05-29 17:49:33,812 [INFO] 表格已保存: C:\Users\13765\OneDrive\Desktop\研究生\数据要素\data\extracted\000712_锦龙股份_2021_tables.json (1个表格)
2026-05-29 17:49:33,812 [INFO] [556/1056] 处理: 000712_锦龙股份_2022.pdf
2026-05-29 17:49:33,897 [INFO] 文本已保存: C:\Users\13765\OneDrive\Desktop\研究生\数据要素\data\extracted\000712_锦龙股份_2022.md (2768字符)
2026-05-29 17:49:33,978 [INFO] 表格已保存: C:\Users\13765\OneDrive\Desktop\研究生\数据要素\data\extracted\000712_锦龙股份_2022_tables.json (0个表格)
2026-05-29 17:49:33,978 [INFO] [557/1056] 处理: 000712_锦龙股份_2023.pdf
2026-05-29 17:49:34,077 [INFO] 文本已保存: C:\Users\13765\OneDrive\Desktop\研究生\数据要素\data\extracted\000712_锦龙股份_2023.md (2626字符)
2026-05-29 17:49:34,845 [INFO] 表格已保存: C:\Users\13765\OneDrive\Desktop\研究生\数据要素\data\extracted\000712_锦龙股份_2023_tables.json (0个表格)
2026-05-29 17:49:34,845 [INFO] [558/1056] 处理: 000712_锦龙股份_2024.pdf
2026-05-29 17:49:34,952 [INFO] 文本已保存: C:\Users\13765\OneDrive\Desktop\研究生\数据要素\data\extracted\000712_锦龙股份_2024.md (1333字符)
2026-05-29 17:49:35,032 [INFO] 表格已保存: C:\Users\13765\OneDrive\Desktop\研究生\数据要素\data\extracted\000712_锦龙股份_2024_tables.json (0个表格)
2026-05-29 17:49:35,032 [INFO] [559/1056] 处理: 000712_锦龙股份_2025.pdf
2026-05-29 17:49:35,127 [INFO] 文本已保存: C:\Users\13765\OneDrive\Desktop\研究生\数据要素\data\extracted\000712_锦龙股份_2025.md (2489字符)
2026-05-29 17:49:35,218 [INFO] 表格已保存: C:\Users\13765\OneDrive\Desktop\研究生\数据要素\data\extracted\000712_锦龙股份_2025_tables.json (0个表格)
2026-05-29 17:49:35,218 [INFO] [560/1056] 处理: 000712_锦龙股份_2026.pdf
2026-05-29 17:49:35,409 [INFO] 文本已保存: C:\Users\13765\OneDrive\Desktop\研究生\数据要素\data\extracted\000712_锦龙股份_2026.md (3048字符)
2026-05-29 17:49:35,595 [INFO] 表格已保存: C:\Users\13765\OneDrive\Desktop\研究生\数据要素\data\extracted\000712_锦龙股份_2026_tables.json (0个表格)
2026-05-29 17:49:35,595 [INFO] [561/1056] 处理: 000718_苏宁环球_2019.pdf
2026-05-29 17:49:35,712 [INFO] 文本已保存: C:\Users\13765\OneDrive\Desktop\研究生\数据要素\data\extracted\000718_苏宁环球_2019.md (3439字符)
2026-05-29 17:49:35,823 [INFO] 表格已保存: C:\Users\13765\OneDrive\Desktop\研究生\数据要素\data\extracted\000718_苏宁环球_2019_tables.json (0个表格)
2026-05-29 17:49:35,823 [INFO] [562/1056] 处理: 000718_苏宁环球_2020.pdf
2026-05-29 17:49:35,946 [INFO] 文本已保存: C:\Users\13765\OneDrive\Desktop\研究生\数据要素\data\extracted\000718_苏宁环球_2020.md (3662字符)
2026-05-29 17:49:36,064 [INFO] 表格已保存: C:\Users\13765\OneDrive\Desktop\研究生\数据要素\data\extracted\000718_苏宁环球_2020_tables.json (0个表格)
2026-05-29 17:49:36,064 [INFO] [563/1056] 处理: 000718_苏宁环球_2021.pdf
2026-05-29 17:49:36,176 [INFO] 文本已保存: C:\Users\13765\OneDrive\Desktop\研究生\数据要素\data\extracted\000718_苏宁环球_2021.md (3391字符)
2026-05-29 17:49:36,363 [INFO] 表格已保存: C:\Users\13765\OneDrive\Desktop\研究生\数据要素\data\extracted\000718_苏宁环球_2021_tables.json (0个表格)
2026-05-29 17:49:36,363 [INFO] [564/1056] 处理: 000718_苏宁环球_2022.pdf
2026-05-29 17:49:36,455 [INFO] 文本已保存: C:\Users\13765\OneDrive\Desktop\研究生\数据要素\data\extracted\000718_苏宁环球_2022.md (3113字符)
2026-05-29 17:49:36,548 [INFO] 表格已保存: C:\Users\13765\OneDrive\Desktop\研究生\数据要素\data\extracted\000718_苏宁环球_2022_tables.json (0个表格)
2026-05-29 17:49:36,549 [INFO] [565/1056] 处理: 000718_苏宁环球_2023.pdf
2026-05-29 17:49:36,973 [INFO] 文本已保存: C:\Users\13765\OneDrive\Desktop\研究生\数据要素\data\extracted\000718_苏宁环球_2023.md (9284字符)
2026-05-29 17:49:37,386 [INFO] 表格已保存: C:\Users\13765\OneDrive\Desktop\研究生\数据要素\data\extracted\000718_苏宁环球_2023_tables.json (1个表格)
2026-05-29 17:49:37,386 [INFO] [566/1056] 处理: 000718_苏宁环球_2024.pdf
2026-05-29 17:49:37,923 [INFO] 文本已保存: C:\Users\13765\OneDrive\Desktop\研究生\数据要素\data\extracted\000718_苏宁环球_2024.md (11022字符)
2026-05-29 17:49:38,360 [INFO] 表格已保存: C:\Users\13765\OneDrive\Desktop\研究生\数据要素\data\extracted\000718_苏宁环球_2024_tables.json (1个表格)
2026-05-29 17:49:38,360 [INFO] [567/1056] 处理: 000718_苏宁环球_2025.pdf
2026-05-29 17:49:38,976 [INFO] 文本已保存: C:\Users\13765\OneDrive\Desktop\研究生\数据要素\data\extracted\000718_苏宁环球_2025.md (13559字符)
2026-05-29 17:49:39,503 [INFO] 表格已保存: C:\Users\13765\OneDrive\Desktop\研究生\数据要素\data\extracted\000718_苏宁环球_2025_tables.json (1个表格)
2026-05-29 17:49:39,503 [INFO] [568/1056] 处理: 000718_苏宁环球_2026.pdf
2026-05-29 17:49:40,204 [INFO] 文本已保存: C:\Users\13765\OneDrive\Desktop\研究生\数据要素\data\extracted\000718_苏宁环球_2026.md (11704字符)
2026-05-29 17:49:40,969 [INFO] 表格已保存: C:\Users\13765\OneDrive\Desktop\研究生\数据要素\data\extracted\000718_苏宁环球_2026_tables.json (1个表格)
2026-05-29 17:49:40,969 [INFO] [569/1056] 处理: 000725_京东方A_2019.pdf
2026-05-29 17:49:53,243 [INFO] 文本已保存: C:\Users\13765\OneDrive\Desktop\研究生\数据要素\data\extracted\000725_京东方A_2019.md (73848字符)
2026-05-29 17:50:05,380 [INFO] 表格已保存: C:\Users\13765\OneDrive\Desktop\研究生\数据要素\data\extracted\000725_京东方A_2019_tables.json (60个表格)
2026-05-29 17:50:05,380 [INFO] [570/1056] 处理: 000725_京东方A_2020.pdf
2026-05-29 17:50:10,271 [INFO] 文本已保存: C:\Users\13765\OneDrive\Desktop\研究生\数据要素\data\extracted\000725_京东方A_2020.md (92089字符)
2026-05-29 17:50:14,937 [INFO] 表格已保存: C:\Users\13765\OneDrive\Desktop\研究生\数据要素\data\extracted\000725_京东方A_2020_tables.json (64个表格)
2026-05-29 17:50:14,937 [INFO] [571/1056] 处理: 000725_京东方A_2021.pdf
2026-05-29 17:50:16,860 [INFO] 文本已保存: C:\Users\13765\OneDrive\Desktop\研究生\数据要素\data\extracted\000725_京东方A_2021.md (32308字符)
2026-05-29 17:50:18,616 [INFO] 表格已保存: C:\Users\13765\OneDrive\Desktop\研究生\数据要素\data\extracted\000725_京东方A_2021_tables.json (4个表格)
2026-05-29 17:50:18,616 [INFO] [572/1056] 处理: 000725_京东方A_2022.pdf
2026-05-29 17:50:28,788 [INFO] 文本已保存: C:\Users\13765\OneDrive\Desktop\研究生\数据要素\data\extracted\000725_京东方A_2022.md (66515字符)
2026-05-29 17:50:38,587 [INFO] 表格已保存: C:\Users\13765\OneDrive\Desktop\研究生\数据要素\data\extracted\000725_京东方A_2022_tables.json (14个表格)
2026-05-29 17:50:38,587 [INFO] [573/1056] 处理: 000725_京东方A_2023.pdf
2026-05-29 17:50:44,638 [INFO] 文本已保存: C:\Users\13765\OneDrive\Desktop\研究生\数据要素\data\extracted\000725_京东方A_2023.md (85866字符)
2026-05-29 17:50:50,478 [INFO] 表格已保存: C:\Users\13765\OneDrive\Desktop\研究生\数据要素\data\extracted\000725_京东方A_2023_tables.json (3个表格)
2026-05-29 17:50:50,478 [INFO] [574/1056] 处理: 000725_京东方A_2024.pdf
2026-05-29 17:50:54,108 [INFO] 文本已保存: C:\Users\13765\OneDrive\Desktop\研究生\数据要素\data\extracted\000725_京东方A_2024.md (85578字符)
2026-05-29 17:50:57,638 [INFO] 表格已保存: C:\Users\13765\OneDrive\Desktop\研究生\数据要素\data\extracted\000725_京东方A_2024_tables.json (24个表格)
2026-05-29 17:50:57,638 [INFO] [575/1056] 处理: 000725_京东方A_2025.pdf
2026-05-29 17:51:01,701 [INFO] 文本已保存: C:\Users\13765\OneDrive\Desktop\研究生\数据要素\data\extracted\000725_京东方A_2025.md (81851字符)
2026-05-29 17:51:05,619 [INFO] 表格已保存: C:\Users\13765\OneDrive\Desktop\研究生\数据要素\data\extracted\000725_京东方A_2025_tables.json (34个表格)
2026-05-29 17:51:05,619 [INFO] [576/1056] 跳过(已存在): 000725_京东方A_2026.pdf
2026-05-29 17:51:05,619 [INFO] [577/1056] 处理: 000726_鲁泰A_2019.pdf
2026-05-29 17:51:07,250 [INFO] 文本已保存: C:\Users\13765\OneDrive\Desktop\研究生\数据要素\data\extracted\000726_鲁泰A_2019.md (37656字符)
2026-05-29 17:51:08,742 [INFO] 表格已保存: C:\Users\13765\OneDrive\Desktop\研究生\数据要素\data\extracted\000726_鲁泰A_2019_tables.json (40个表格)
2026-05-29 17:51:08,742 [INFO] [578/1056] 处理: 000726_鲁泰A_2020.pdf
2026-05-29 17:51:09,815 [INFO] 文本已保存: C:\Users\13765\OneDrive\Desktop\研究生\数据要素\data\extracted\000726_鲁泰A_2020.md (33063字符)
2026-05-29 17:51:10,849 [INFO] 表格已保存: C:\Users\13765\OneDrive\Desktop\研究生\数据要素\data\extracted\000726_鲁泰A_2020_tables.json (33个表格)
2026-05-29 17:51:10,849 [INFO] [579/1056] 处理: 000726_鲁泰A_2021.pdf
2026-05-29 17:51:11,602 [INFO] 文本已保存: C:\Users\13765\OneDrive\Desktop\研究生\数据要素\data\extracted\000726_鲁泰A_2021.md (23534字符)
2026-05-29 17:51:12,398 [INFO] 表格已保存: C:\Users\13765\OneDrive\Desktop\研究生\数据要素\data\extracted\000726_鲁泰A_2021_tables.json (4个表格)
2026-05-29 17:51:12,398 [INFO] [580/1056] 处理: 000726_鲁泰A_2022.pdf
2026-05-29 17:51:17,409 [INFO] 文本已保存: C:\Users\13765\OneDrive\Desktop\研究生\数据要素\data\extracted\000726_鲁泰A_2022.md (47170字符)
2026-05-29 17:51:22,524 [INFO] 表格已保存: C:\Users\13765\OneDrive\Desktop\研究生\数据要素\data\extracted\000726_鲁泰A_2022_tables.json (15个表格)
2026-05-29 17:51:22,524 [INFO] [581/1056] 处理: 000726_鲁泰A_2023.pdf
2026-05-29 17:51:27,431 [INFO] 文本已保存: C:\Users\13765\OneDrive\Desktop\研究生\数据要素\data\extracted\000726_鲁泰A_2023.md (45911字符)
2026-05-29 17:51:32,163 [INFO] 表格已保存: C:\Users\13765\OneDrive\Desktop\研究生\数据要素\data\extracted\000726_鲁泰A_2023_tables.json (31个表格)
2026-05-29 17:51:32,163 [INFO] [582/1056] 处理: 000726_鲁泰A_2024.pdf
2026-05-29 17:51:36,304 [INFO] 文本已保存: C:\Users\13765\OneDrive\Desktop\研究生\数据要素\data\extracted\000726_鲁泰A_2024.md (46350字符)
2026-05-29 17:51:40,387 [INFO] 表格已保存: C:\Users\13765\OneDrive\Desktop\研究生\数据要素\data\extracted\000726_鲁泰A_2024_tables.json (27个表格)
2026-05-29 17:51:40,387 [INFO] [583/1056] 处理: 000726_鲁泰A_2025.pdf
2026-05-29 17:51:45,641 [INFO] 文本已保存: C:\Users\13765\OneDrive\Desktop\研究生\数据要素\data\extracted\000726_鲁泰A_2025.md (60958字符)
2026-05-29 17:51:50,671 [INFO] 表格已保存: C:\Users\13765\OneDrive\Desktop\研究生\数据要素\data\extracted\000726_鲁泰A_2025_tables.json (25个表格)
2026-05-29 17:51:50,671 [INFO] [584/1056] 处理: 000726_鲁泰A_2026.pdf
2026-05-29 17:51:55,041 [INFO] 文本已保存: C:\Users\13765\OneDrive\Desktop\研究生\数据要素\data\extracted\000726_鲁泰A_2026.md (63290字符)
2026-05-29 17:51:59,380 [INFO] 表格已保存: C:\Users\13765\OneDrive\Desktop\研究生\数据要素\data\extracted\000726_鲁泰A_2026_tables.json (32个表格)
2026-05-29 17:51:59,380 [INFO] [585/1056] 处理: 000728_国元证券_2019.pdf
2026-05-29 17:52:00,308 [INFO] 文本已保存: C:\Users\13765\OneDrive\Desktop\研究生\数据要素\data\extracted\000728_国元证券_2019.md (23098字符)
2026-05-29 17:52:01,097 [INFO] 表格已保存: C:\Users\13765\OneDrive\Desktop\研究生\数据要素\data\extracted\000728_国元证券_2019_tables.json (8个表格)
2026-05-29 17:52:01,097 [INFO] [586/1056] 处理: 000728_国元证券_2020.pdf
2026-05-29 17:52:01,843 [INFO] 文本已保存: C:\Users\13765\OneDrive\Desktop\研究生\数据要素\data\extracted\000728_国元证券_2020.md (20734字符)
2026-05-29 17:52:02,520 [INFO] 表格已保存: C:\Users\13765\OneDrive\Desktop\研究生\数据要素\data\extracted\000728_国元证券_2020_tables.json (4个表格)
2026-05-29 17:52:02,520 [INFO] [587/1056] 处理: 000728_国元证券_2021.pdf
2026-05-29 17:52:11,999 [INFO] 文本已保存: C:\Users\13765\OneDrive\Desktop\研究生\数据要素\data\extracted\000728_国元证券_2021.md (71340字符)
2026-05-29 17:52:21,418 [INFO] 表格已保存: C:\Users\13765\OneDrive\Desktop\研究生\数据要素\data\extracted\000728_国元证券_2021_tables.json (37个表格)
2026-05-29 17:52:21,418 [INFO] [588/1056] 处理: 000728_国元证券_2022.pdf
2026-05-29 17:52:26,009 [INFO] 文本已保存: C:\Users\13765\OneDrive\Desktop\研究生\数据要素\data\extracted\000728_国元证券_2022.md (59811字符)
2026-05-29 17:52:30,489 [INFO] 表格已保存: C:\Users\13765\OneDrive\Desktop\研究生\数据要素\data\extracted\000728_国元证券_2022_tables.json (38个表格)
2026-05-29 17:52:30,489 [INFO] [589/1056] 处理: 000728_国元证券_2023.pdf
2026-05-29 17:52:33,457 [INFO] 文本已保存: C:\Users\13765\OneDrive\Desktop\研究生\数据要素\data\extracted\000728_国元证券_2023.md (71127字符)
2026-05-29 17:52:36,256 [INFO] 表格已保存: C:\Users\13765\OneDrive\Desktop\研究生\数据要素\data\extracted\000728_国元证券_2023_tables.json (31个表格)
2026-05-29 17:52:36,256 [INFO] [590/1056] 处理: 000728_国元证券_2024.pdf
2026-05-29 17:52:48,941 [INFO] 文本已保存: C:\Users\13765\OneDrive\Desktop\研究生\数据要素\data\extracted\000728_国元证券_2024.md (87987字符)
2026-05-29 17:53:01,674 [INFO] 表格已保存: C:\Users\13765\OneDrive\Desktop\研究生\数据要素\data\extracted\000728_国元证券_2024_tables.json (81个表格)
2026-05-29 17:53:01,674 [INFO] [591/1056] 处理: 000728_国元证券_2025.pdf
2026-05-29 17:53:20,920 [INFO] 文本已保存: C:\Users\13765\OneDrive\Desktop\研究生\数据要素\data\extracted\000728_国元证券_2025.md (95943字符)
2026-05-29 17:53:39,708 [INFO] 表格已保存: C:\Users\13765\OneDrive\Desktop\研究生\数据要素\data\extracted\000728_国元证券_2025_tables.json (36个表格)
2026-05-29 17:53:39,708 [INFO] [592/1056] 处理: 000728_国元证券_2026.pdf
2026-05-29 17:53:47,812 [INFO] 文本已保存: C:\Users\13765\OneDrive\Desktop\研究生\数据要素\data\extracted\000728_国元证券_2026.md (101179字符)
2026-05-29 17:53:55,391 [INFO] 表格已保存: C:\Users\13765\OneDrive\Desktop\研究生\数据要素\data\extracted\000728_国元证券_2026_tables.json (10个表格)
2026-05-29 17:53:55,391 [INFO] [593/1056] 处理: 000729_燕京啤酒_2019.pdf
2026-05-29 17:53:57,397 [INFO] 文本已保存: C:\Users\13765\OneDrive\Desktop\研究生\数据要素\data\extracted\000729_燕京啤酒_2019.md (45733字符)
2026-05-29 17:53:59,112 [INFO] 表格已保存: C:\Users\13765\OneDrive\Desktop\研究生\数据要素\data\extracted\000729_燕京啤酒_2019_tables.json (11个表格)
2026-05-29 17:53:59,112 [INFO] [594/1056] 处理: 000729_燕京啤酒_2020.pdf
2026-05-29 17:54:01,199 [INFO] 文本已保存: C:\Users\13765\OneDrive\Desktop\研究生\数据要素\data\extracted\000729_燕京啤酒_2020.md (50600字符)
2026-05-29 17:54:03,271 [INFO] 表格已保存: C:\Users\13765\OneDrive\Desktop\研究生\数据要素\data\extracted\000729_燕京啤酒_2020_tables.json (15个表格)
2026-05-29 17:54:03,272 [INFO] [595/1056] 处理: 000729_燕京啤酒_2021.pdf
2026-05-29 17:54:05,341 [INFO] 文本已保存: C:\Users\13765\OneDrive\Desktop\研究生\数据要素\data\extracted\000729_燕京啤酒_2021.md (65136字符)
2026-05-29 17:54:07,396 [INFO] 表格已保存: C:\Users\13765\OneDrive\Desktop\研究生\数据要素\data\extracted\000729_燕京啤酒_2021_tables.json (8个表格)
2026-05-29 17:54:07,397 [INFO] [596/1056] 处理: 000729_燕京啤酒_2022.pdf
2026-05-29 17:54:09,285 [INFO] 文本已保存: C:\Users\13765\OneDrive\Desktop\研究生\数据要素\data\extracted\000729_燕京啤酒_2022.md (46241字符)
2026-05-29 17:54:11,075 [INFO] 表格已保存: C:\Users\13765\OneDrive\Desktop\研究生\数据要素\data\extracted\000729_燕京啤酒_2022_tables.json (8个表格)
2026-05-29 17:54:11,075 [INFO] [597/1056] 处理: 000729_燕京啤酒_2023.pdf
2026-05-29 17:54:15,442 [INFO] 文本已保存: C:\Users\13765\OneDrive\Desktop\研究生\数据要素\data\extracted\000729_燕京啤酒_2023.md (72070字符)
2026-05-29 17:54:19,621 [INFO] 表格已保存: C:\Users\13765\OneDrive\Desktop\研究生\数据要素\data\extracted\000729_燕京啤酒_2023_tables.json (39个表格)
2026-05-29 17:54:19,622 [INFO] [598/1056] 处理: 000729_燕京啤酒_2024.pdf
2026-05-29 17:54:25,644 [INFO] 文本已保存: C:\Users\13765\OneDrive\Desktop\研究生\数据要素\data\extracted\000729_燕京啤酒_2024.md (83122字符)
2026-05-29 17:54:31,590 [INFO] 表格已保存: C:\Users\13765\OneDrive\Desktop\研究生\数据要素\data\extracted\000729_燕京啤酒_2024_tables.json (42个表格)
2026-05-29 17:54:31,590 [INFO] [599/1056] 处理: 000729_燕京啤酒_2025.pdf
2026-05-29 17:54:38,160 [INFO] 文本已保存: C:\Users\13765\OneDrive\Desktop\研究生\数据要素\data\extracted\000729_燕京啤酒_2025.md (122853字符)
2026-05-29 17:54:44,462 [INFO] 表格已保存: C:\Users\13765\OneDrive\Desktop\研究生\数据要素\data\extracted\000729_燕京啤酒_2025_tables.json (88个表格)
2026-05-29 17:54:44,463 [INFO] [600/1056] 处理: 000729_燕京啤酒_2026.pdf
2026-05-29 17:54:50,548 [INFO] 文本已保存: C:\Users\13765\OneDrive\Desktop\研究生\数据要素\data\extracted\000729_燕京啤酒_2026.md (116414字符)
2026-05-29 17:54:56,251 [INFO] 表格已保存: C:\Users\13765\OneDrive\Desktop\研究生\数据要素\data\extracted\000729_燕京啤酒_2026_tables.json (45个表格)
2026-05-29 17:54:56,251 [INFO] [601/1056] 处理: 000735_罗牛山_2019.pdf
2026-05-29 17:54:57,016 [INFO] 文本已保存: C:\Users\13765\OneDrive\Desktop\研究生\数据要素\data\extracted\000735_罗牛山_2019.md (16678字符)
2026-05-29 17:54:57,460 [INFO] 表格已保存: C:\Users\13765\OneDrive\Desktop\研究生\数据要素\data\extracted\000735_罗牛山_2019_tables.json (1个表格)
2026-05-29 17:54:57,460 [INFO] [602/1056] 处理: 000735_罗牛山_2020.pdf
2026-05-29 17:54:57,923 [INFO] 文本已保存: C:\Users\13765\OneDrive\Desktop\研究生\数据要素\data\extracted\000735_罗牛山_2020.md (14236字符)
2026-05-29 17:54:58,295 [INFO] 表格已保存: C:\Users\13765\OneDrive\Desktop\研究生\数据要素\data\extracted\000735_罗牛山_2020_tables.json (2个表格)
2026-05-29 17:54:58,295 [INFO] [603/1056] 处理: 000735_罗牛山_2021.pdf
2026-05-29 17:54:58,726 [INFO] 文本已保存: C:\Users\13765\OneDrive\Desktop\研究生\数据要素\data\extracted\000735_罗牛山_2021.md (14342字符)
2026-05-29 17:54:59,067 [INFO] 表格已保存: C:\Users\13765\OneDrive\Desktop\研究生\数据要素\data\extracted\000735_罗牛山_2021_tables.json (2个表格)
2026-05-29 17:54:59,067 [INFO] [604/1056] 处理: 000735_罗牛山_2022.pdf
2026-05-29 17:54:59,480 [INFO] 文本已保存: C:\Users\13765\OneDrive\Desktop\研究生\数据要素\data\extracted\000735_罗牛山_2022.md (15979字符)
2026-05-29 17:54:59,999 [INFO] 表格已保存: C:\Users\13765\OneDrive\Desktop\研究生\数据要素\data\extracted\000735_罗牛山_2022_tables.json (2个表格)
2026-05-29 17:54:59,999 [INFO] [605/1056] 处理: 000735_罗牛山_2023.pdf
2026-05-29 17:55:00,595 [INFO] 文本已保存: C:\Users\13765\OneDrive\Desktop\研究生\数据要素\data\extracted\000735_罗牛山_2023.md (15022字符)
2026-05-29 17:55:01,239 [INFO] 表格已保存: C:\Users\13765\OneDrive\Desktop\研究生\数据要素\data\extracted\000735_罗牛山_2023_tables.json (11个表格)
2026-05-29 17:55:01,239 [INFO] [606/1056] 处理: 000735_罗牛山_2024.pdf
2026-05-29 17:55:02,465 [INFO] 文本已保存: C:\Users\13765\OneDrive\Desktop\研究生\数据要素\data\extracted\000735_罗牛山_2024.md (18151字符)
2026-05-29 17:55:03,673 [INFO] 表格已保存: C:\Users\13765\OneDrive\Desktop\研究生\数据要素\data\extracted\000735_罗牛山_2024_tables.json (3个表格)
2026-05-29 17:55:03,673 [INFO] [607/1056] 处理: 000735_罗牛山_2025.pdf
2026-05-29 17:55:04,360 [INFO] 文本已保存: C:\Users\13765\OneDrive\Desktop\研究生\数据要素\data\extracted\000735_罗牛山_2025.md (17914字符)
2026-05-29 17:55:05,103 [INFO] 表格已保存: C:\Users\13765\OneDrive\Desktop\研究生\数据要素\data\extracted\000735_罗牛山_2025_tables.json (1个表格)
2026-05-29 17:55:05,103 [INFO] [608/1056] 处理: 000735_罗牛山_2026.pdf
2026-05-29 17:55:06,072 [INFO] 文本已保存: C:\Users\13765\OneDrive\Desktop\研究生\数据要素\data\extracted\000735_罗牛山_2026.md (23916字符)
2026-05-29 17:55:07,003 [INFO] 表格已保存: C:\Users\13765\OneDrive\Desktop\研究生\数据要素\data\extracted\000735_罗牛山_2026_tables.json (16个表格)
2026-05-29 17:55:07,003 [INFO] [609/1056] 处理: 000750_国海证券_2019.pdf
2026-05-29 17:55:40,102 [INFO] 文本已保存: C:\Users\13765\OneDrive\Desktop\研究生\数据要素\data\extracted\000750_国海证券_2019.md (593字符)
2026-05-29 17:56:13,851 [INFO] 表格已保存: C:\Users\13765\OneDrive\Desktop\研究生\数据要素\data\extracted\000750_国海证券_2019_tables.json (0个表格)
2026-05-29 17:56:13,851 [INFO] [610/1056] 处理: 000750_国海证券_2020.pdf
2026-05-29 17:57:15,404 [INFO] 文本已保存: C:\Users\13765\OneDrive\Desktop\研究生\数据要素\data\extracted\000750_国海证券_2020.md (695字符)
2026-05-29 17:58:16,786 [INFO] 表格已保存: C:\Users\13765\OneDrive\Desktop\研究生\数据要素\data\extracted\000750_国海证券_2020_tables.json (0个表格)
2026-05-29 17:58:16,786 [INFO] [611/1056] 处理: 000750_国海证券_2021.pdf
2026-05-29 17:59:30,095 [INFO] 文本已保存: C:\Users\13765\OneDrive\Desktop\研究生\数据要素\data\extracted\000750_国海证券_2021.md (731字符)
2026-05-29 18:00:44,361 [INFO] 表格已保存: C:\Users\13765\OneDrive\Desktop\研究生\数据要素\data\extracted\000750_国海证券_2021_tables.json (0个表格)
2026-05-29 18:00:44,361 [INFO] [612/1056] 处理: 000750_国海证券_2022.pdf
2026-05-29 18:00:46,591 [ERROR] 提取失败 000750_国海证券_2022.pdf: list index out of range
2026-05-29 18:00:46,750 [INFO] 使用PyMuPDF备选方案: 000750_国海证券_2022.pdf (39页)
2026-05-29 18:00:47,311 [INFO] 文本已保存: C:\Users\13765\OneDrive\Desktop\研究生\数据要素\data\extracted\000750_国海证券_2022.md (0字符)
2026-05-29 18:00:49,523 [ERROR] 表格提取失败 000750_国海证券_2022.pdf: list index out of range
2026-05-29 18:00:49,524 [INFO] 表格已保存: C:\Users\13765\OneDrive\Desktop\研究生\数据要素\data\extracted\000750_国海证券_2022_tables.json (0个表格)
2026-05-29 18:00:49,524 [INFO] [613/1056] 处理: 000750_国海证券_2023.pdf
2026-05-29 18:00:55,564 [INFO] 文本已保存: C:\Users\13765\OneDrive\Desktop\研究生\数据要素\data\extracted\000750_国海证券_2023.md (47514字符)
2026-05-29 18:00:59,891 [INFO] 表格已保存: C:\Users\13765\OneDrive\Desktop\研究生\数据要素\data\extracted\000750_国海证券_2023_tables.json (21个表格)
2026-05-29 18:00:59,892 [INFO] [614/1056] 处理: 000750_国海证券_2024.pdf
2026-05-29 18:01:04,593 [INFO] 文本已保存: C:\Users\13765\OneDrive\Desktop\研究生\数据要素\data\extracted\000750_国海证券_2024.md (47432字符)
2026-05-29 18:01:09,259 [INFO] 表格已保存: C:\Users\13765\OneDrive\Desktop\研究生\数据要素\data\extracted\000750_国海证券_2024_tables.json (20个表格)
2026-05-29 18:01:09,259 [INFO] [615/1056] 处理: 000750_国海证券_2025.pdf
2026-05-29 18:01:14,134 [INFO] 文本已保存: C:\Users\13765\OneDrive\Desktop\研究生\数据要素\data\extracted\000750_国海证券_2025.md (67437字符)
2026-05-29 18:01:18,904 [INFO] 表格已保存: C:\Users\13765\OneDrive\Desktop\研究生\数据要素\data\extracted\000750_国海证券_2025_tables.json (42个表格)
2026-05-29 18:01:18,904 [INFO] [616/1056] 处理: 000750_国海证券_2026.pdf
2026-05-29 18:01:23,910 [INFO] 文本已保存: C:\Users\13765\OneDrive\Desktop\研究生\数据要素\data\extracted\000750_国海证券_2026.md (64655字符)
2026-05-29 18:01:28,663 [INFO] 表格已保存: C:\Users\13765\OneDrive\Desktop\研究生\数据要素\data\extracted\000750_国海证券_2026_tables.json (39个表格)
2026-05-29 18:01:28,663 [INFO] [617/1056] 处理: 000753_漳州发展_2019.pdf
2026-05-29 18:01:29,154 [INFO] 文本已保存: C:\Users\13765\OneDrive\Desktop\研究生\数据要素\data\extracted\000753_漳州发展_2019.md (12250字符)
2026-05-29 18:01:29,625 [INFO] 表格已保存: C:\Users\13765\OneDrive\Desktop\研究生\数据要素\data\extracted\000753_漳州发展_2019_tables.json (2个表格)
2026-05-29 18:01:29,625 [INFO] [618/1056] 处理: 000753_漳州发展_2020.pdf
2026-05-29 18:01:30,394 [INFO] 文本已保存: C:\Users\13765\OneDrive\Desktop\研究生\数据要素\data\extracted\000753_漳州发展_2020.md (13226字符)
2026-05-29 18:01:30,918 [INFO] 表格已保存: C:\Users\13765\OneDrive\Desktop\研究生\数据要素\data\extracted\000753_漳州发展_2020_tables.json (2个表格)
2026-05-29 18:01:30,918 [INFO] [619/1056] 处理: 000753_漳州发展_2021.pdf
2026-05-29 18:01:31,585 [INFO] 文本已保存: C:\Users\13765\OneDrive\Desktop\研究生\数据要素\data\extracted\000753_漳州发展_2021.md (14377字符)
2026-05-29 18:01:32,139 [INFO] 表格已保存: C:\Users\13765\OneDrive\Desktop\研究生\数据要素\data\extracted\000753_漳州发展_2021_tables.json (3个表格)
2026-05-29 18:01:32,139 [INFO] [620/1056] 处理: 000753_漳州发展_2022.pdf
2026-05-29 18:01:32,796 [INFO] 文本已保存: C:\Users\13765\OneDrive\Desktop\研究生\数据要素\data\extracted\000753_漳州发展_2022.md (15138字符)
2026-05-29 18:01:33,345 [INFO] 表格已保存: C:\Users\13765\OneDrive\Desktop\研究生\数据要素\data\extracted\000753_漳州发展_2022_tables.json (3个表格)
2026-05-29 18:01:33,345 [INFO] [621/1056] 处理: 000753_漳州发展_2023.pdf
2026-05-29 18:01:34,941 [INFO] 文本已保存: C:\Users\13765\OneDrive\Desktop\研究生\数据要素\data\extracted\000753_漳州发展_2023.md (17810字符)
2026-05-29 18:01:36,494 [INFO] 表格已保存: C:\Users\13765\OneDrive\Desktop\研究生\数据要素\data\extracted\000753_漳州发展_2023_tables.json (2个表格)
2026-05-29 18:01:36,494 [INFO] [622/1056] 处理: 000753_漳州发展_2024.pdf
2026-05-29 18:01:37,626 [INFO] 文本已保存: C:\Users\13765\OneDrive\Desktop\研究生\数据要素\data\extracted\000753_漳州发展_2024.md (19684字符)
2026-05-29 18:01:38,634 [INFO] 表格已保存: C:\Users\13765\OneDrive\Desktop\研究生\数据要素\data\extracted\000753_漳州发展_2024_tables.json (6个表格)
2026-05-29 18:01:38,635 [INFO] [623/1056] 处理: 000753_漳州发展_2025.pdf
2026-05-29 18:01:42,356 [INFO] 文本已保存: C:\Users\13765\OneDrive\Desktop\研究生\数据要素\data\extracted\000753_漳州发展_2025.md (73952字符)
2026-05-29 18:01:46,210 [INFO] 表格已保存: C:\Users\13765\OneDrive\Desktop\研究生\数据要素\data\extracted\000753_漳州发展_2025_tables.json (85个表格)
2026-05-29 18:01:46,210 [INFO] [624/1056] 处理: 000753_漳州发展_2026.pdf
2026-05-29 18:01:47,189 [INFO] 文本已保存: C:\Users\13765\OneDrive\Desktop\研究生\数据要素\data\extracted\000753_漳州发展_2026.md (21109字符)
2026-05-29 18:01:47,958 [INFO] 表格已保存: C:\Users\13765\OneDrive\Desktop\研究生\数据要素\data\extracted\000753_漳州发展_2026_tables.json (14个表格)
2026-05-29 18:01:47,958 [INFO] [625/1056] 处理: 000758_中色股份_2019.pdf
2026-05-29 18:01:48,247 [INFO] 文本已保存: C:\Users\13765\OneDrive\Desktop\研究生\数据要素\data\extracted\000758_中色股份_2019.md (10681字符)
2026-05-29 18:01:48,630 [INFO] 表格已保存: C:\Users\13765\OneDrive\Desktop\研究生\数据要素\data\extracted\000758_中色股份_2019_tables.json (0个表格)
2026-05-29 18:01:48,630 [INFO] [626/1056] 处理: 000758_中色股份_2020.pdf
2026-05-29 18:01:48,898 [INFO] 文本已保存: C:\Users\13765\OneDrive\Desktop\研究生\数据要素\data\extracted\000758_中色股份_2020.md (10397字符)
2026-05-29 18:01:49,153 [INFO] 表格已保存: C:\Users\13765\OneDrive\Desktop\研究生\数据要素\data\extracted\000758_中色股份_2020_tables.json (0个表格)
2026-05-29 18:01:49,153 [INFO] [627/1056] 处理: 000758_中色股份_2021.pdf
2026-05-29 18:01:49,532 [INFO] 文本已保存: C:\Users\13765\OneDrive\Desktop\研究生\数据要素\data\extracted\000758_中色股份_2021.md (9407字符)
2026-05-29 18:01:49,812 [INFO] 表格已保存: C:\Users\13765\OneDrive\Desktop\研究生\数据要素\data\extracted\000758_中色股份_2021_tables.json (3个表格)
2026-05-29 18:01:49,813 [INFO] [628/1056] 处理: 000758_中色股份_2022.pdf
2026-05-29 18:01:50,110 [INFO] 文本已保存: C:\Users\13765\OneDrive\Desktop\研究生\数据要素\data\extracted\000758_中色股份_2022.md (9937字符)
2026-05-29 18:01:50,460 [INFO] 表格已保存: C:\Users\13765\OneDrive\Desktop\研究生\数据要素\data\extracted\000758_中色股份_2022_tables.json (2个表格)
2026-05-29 18:01:50,460 [INFO] [629/1056] 处理: 000758_中色股份_2023.pdf
2026-05-29 18:01:50,879 [INFO] 文本已保存: C:\Users\13765\OneDrive\Desktop\研究生\数据要素\data\extracted\000758_中色股份_2023.md (11210字符)
2026-05-29 18:01:51,273 [INFO] 表格已保存: C:\Users\13765\OneDrive\Desktop\研究生\数据要素\data\extracted\000758_中色股份_2023_tables.json (0个表格)
2026-05-29 18:01:51,273 [INFO] [630/1056] 处理: 000758_中色股份_2024.pdf
2026-05-29 18:01:54,746 [INFO] 文本已保存: C:\Users\13765\OneDrive\Desktop\研究生\数据要素\data\extracted\000758_中色股份_2024.md (45745字符)
2026-05-29 18:01:58,163 [INFO] 表格已保存: C:\Users\13765\OneDrive\Desktop\研究生\数据要素\data\extracted\000758_中色股份_2024_tables.json (3个表格)
2026-05-29 18:01:58,163 [INFO] [631/1056] 处理: 000758_中色股份_2025.pdf
2026-05-29 18:02:11,047 [INFO] 文本已保存: C:\Users\13765\OneDrive\Desktop\研究生\数据要素\data\extracted\000758_中色股份_2025.md (594071字符)
2026-05-29 18:02:23,769 [INFO] 表格已保存: C:\Users\13765\OneDrive\Desktop\研究生\数据要素\data\extracted\000758_中色股份_2025_tables.json (32个表格)
2026-05-29 18:02:23,769 [INFO] [632/1056] 处理: 000758_中色股份_2026.pdf
2026-05-29 18:02:27,216 [INFO] 文本已保存: C:\Users\13765\OneDrive\Desktop\研究生\数据要素\data\extracted\000758_中色股份_2026.md (57852字符)
2026-05-29 18:02:30,358 [INFO] 表格已保存: C:\Users\13765\OneDrive\Desktop\研究生\数据要素\data\extracted\000758_中色股份_2026_tables.json (5个表格)
2026-05-29 18:02:30,358 [INFO] [633/1056] 处理: 000768_中航西飞_2019.pdf
2026-05-29 18:02:30,696 [INFO] 文本已保存: C:\Users\13765\OneDrive\Desktop\研究生\数据要素\data\extracted\000768_中航西飞_2019.md (10733字符)
2026-05-29 18:02:31,240 [INFO] 表格已保存: C:\Users\13765\OneDrive\Desktop\研究生\数据要素\data\extracted\000768_中航西飞_2019_tables.json (2个表格)
2026-05-29 18:02:31,240 [INFO] [634/1056] 处理: 000768_中航西飞_2020.pdf
2026-05-29 18:02:31,311 [INFO] 文本已保存: C:\Users\13765\OneDrive\Desktop\研究生\数据要素\data\extracted\000768_中航西飞_2020.md (563字符)
2026-05-29 18:02:31,358 [INFO] 表格已保存: C:\Users\13765\OneDrive\Desktop\研究生\数据要素\data\extracted\000768_中航西飞_2020_tables.json (0个表格)
2026-05-29 18:02:31,359 [INFO] [635/1056] 处理: 000768_中航西飞_2021.pdf
2026-05-29 18:02:32,038 [INFO] 文本已保存: C:\Users\13765\OneDrive\Desktop\研究生\数据要素\data\extracted\000768_中航西飞_2021.md (16626字符)
2026-05-29 18:02:32,789 [INFO] 表格已保存: C:\Users\13765\OneDrive\Desktop\研究生\数据要素\data\extracted\000768_中航西飞_2021_tables.json (4个表格)
2026-05-29 18:02:32,789 [INFO] [636/1056] 处理: 000768_中航西飞_2022.pdf
2026-05-29 18:02:33,165 [INFO] 文本已保存: C:\Users\13765\OneDrive\Desktop\研究生\数据要素\data\extracted\000768_中航西飞_2022.md (13296字符)
2026-05-29 18:02:33,607 [INFO] 表格已保存: C:\Users\13765\OneDrive\Desktop\研究生\数据要素\data\extracted\000768_中航西飞_2022_tables.json (1个表格)
2026-05-29 18:02:33,607 [INFO] [637/1056] 处理: 000768_中航西飞_2023.pdf
2026-05-29 18:02:34,035 [INFO] 文本已保存: C:\Users\13765\OneDrive\Desktop\研究生\数据要素\data\extracted\000768_中航西飞_2023.md (10871字符)
2026-05-29 18:02:34,514 [INFO] 表格已保存: C:\Users\13765\OneDrive\Desktop\研究生\数据要素\data\extracted\000768_中航西飞_2023_tables.json (0个表格)
2026-05-29 18:02:34,514 [INFO] [638/1056] 处理: 000768_中航西飞_2024.pdf
2026-05-29 18:02:35,037 [INFO] 文本已保存: C:\Users\13765\OneDrive\Desktop\研究生\数据要素\data\extracted\000768_中航西飞_2024.md (13141字符)
2026-05-29 18:02:35,543 [INFO] 表格已保存: C:\Users\13765\OneDrive\Desktop\研究生\数据要素\data\extracted\000768_中航西飞_2024_tables.json (1个表格)
2026-05-29 18:02:35,543 [INFO] [639/1056] 处理: 000768_中航西飞_2025.pdf
2026-05-29 18:02:36,146 [INFO] 文本已保存: C:\Users\13765\OneDrive\Desktop\研究生\数据要素\data\extracted\000768_中航西飞_2025.md (13220字符)
2026-05-29 18:02:36,636 [INFO] 表格已保存: C:\Users\13765\OneDrive\Desktop\研究生\数据要素\data\extracted\000768_中航西飞_2025_tables.json (2个表格)
2026-05-29 18:02:36,636 [INFO] [640/1056] 处理: 000768_中航西飞_2026.pdf
2026-05-29 18:02:39,163 [INFO] 文本已保存: C:\Users\13765\OneDrive\Desktop\研究生\数据要素\data\extracted\000768_中航西飞_2026.md (48187字符)
2026-05-29 18:02:41,715 [INFO] 表格已保存: C:\Users\13765\OneDrive\Desktop\研究生\数据要素\data\extracted\000768_中航西飞_2026_tables.json (28个表格)
2026-05-29 18:02:41,715 [INFO] [641/1056] 处理: 000776_广发证券_2019.pdf
2026-05-29 18:02:51,365 [INFO] 文本已保存: C:\Users\13765\OneDrive\Desktop\研究生\数据要素\data\extracted\000776_广发证券_2019.md (50359字符)
2026-05-29 18:03:01,056 [INFO] 表格已保存: C:\Users\13765\OneDrive\Desktop\研究生\数据要素\data\extracted\000776_广发证券_2019_tables.json (20个表格)
2026-05-29 18:03:01,056 [INFO] [642/1056] 处理: 000776_广发证券_2020.pdf
2026-05-29 18:03:12,621 [INFO] 文本已保存: C:\Users\13765\OneDrive\Desktop\研究生\数据要素\data\extracted\000776_广发证券_2020.md (71671字符)
2026-05-29 18:03:23,915 [INFO] 表格已保存: C:\Users\13765\OneDrive\Desktop\研究生\数据要素\data\extracted\000776_广发证券_2020_tables.json (16个表格)
2026-05-29 18:03:23,915 [INFO] [643/1056] 处理: 000776_广发证券_2021.pdf
2026-05-29 18:03:27,440 [INFO] 文本已保存: C:\Users\13765\OneDrive\Desktop\研究生\数据要素\data\extracted\000776_广发证券_2021.md (66299字符)
2026-05-29 18:03:30,688 [INFO] 表格已保存: C:\Users\13765\OneDrive\Desktop\研究生\数据要素\data\extracted\000776_广发证券_2021_tables.json (28个表格)
2026-05-29 18:03:30,688 [INFO] [644/1056] 处理: 000776_广发证券_2022.pdf
2026-05-29 18:03:35,474 [INFO] 文本已保存: C:\Users\13765\OneDrive\Desktop\研究生\数据要素\data\extracted\000776_广发证券_2022.md (67121字符)
2026-05-29 18:03:40,201 [INFO] 表格已保存: C:\Users\13765\OneDrive\Desktop\研究生\数据要素\data\extracted\000776_广发证券_2022_tables.json (28个表格)
2026-05-29 18:03:40,201 [INFO] [645/1056] 处理: 000776_广发证券_2023.pdf
2026-05-29 18:03:47,195 [INFO] 文本已保存: C:\Users\13765\OneDrive\Desktop\研究生\数据要素\data\extracted\000776_广发证券_2023.md (60341字符)
2026-05-29 18:03:54,181 [INFO] 表格已保存: C:\Users\13765\OneDrive\Desktop\研究生\数据要素\data\extracted\000776_广发证券_2023_tables.json (19个表格)
2026-05-29 18:03:54,181 [INFO] [646/1056] 处理: 000776_广发证券_2024.pdf
2026-05-29 18:03:58,412 [INFO] 文本已保存: C:\Users\13765\OneDrive\Desktop\研究生\数据要素\data\extracted\000776_广发证券_2024.md (55887字符)
2026-05-29 18:04:02,319 [INFO] 表格已保存: C:\Users\13765\OneDrive\Desktop\研究生\数据要素\data\extracted\000776_广发证券_2024_tables.json (32个表格)
2026-05-29 18:04:02,319 [INFO] [647/1056] 处理: 000776_广发证券_2025.pdf
2026-05-29 18:04:06,043 [INFO] 文本已保存: C:\Users\13765\OneDrive\Desktop\研究生\数据要素\data\extracted\000776_广发证券_2025.md (61053字符)
2026-05-29 18:04:09,790 [INFO] 表格已保存: C:\Users\13765\OneDrive\Desktop\研究生\数据要素\data\extracted\000776_广发证券_2025_tables.json (31个表格)
2026-05-29 18:04:09,790 [INFO] [648/1056] 跳过(已存在): 000776_广发证券_2026.pdf
2026-05-29 18:04:09,790 [INFO] [649/1056] 处理: 000778_新兴铸管_2019.pdf
2026-05-29 18:04:10,399 [INFO] 文本已保存: C:\Users\13765\OneDrive\Desktop\研究生\数据要素\data\extracted\000778_新兴铸管_2019.md (18723字符)
2026-05-29 18:04:11,183 [INFO] 表格已保存: C:\Users\13765\OneDrive\Desktop\研究生\数据要素\data\extracted\000778_新兴铸管_2019_tables.json (3个表格)
2026-05-29 18:04:11,184 [INFO] [650/1056] 处理: 000778_新兴铸管_2020.pdf
2026-05-29 18:04:12,396 [INFO] 文本已保存: C:\Users\13765\OneDrive\Desktop\研究生\数据要素\data\extracted\000778_新兴铸管_2020.md (33391字符)
2026-05-29 18:04:13,579 [INFO] 表格已保存: C:\Users\13765\OneDrive\Desktop\研究生\数据要素\data\extracted\000778_新兴铸管_2020_tables.json (5个表格)
2026-05-29 18:04:13,579 [INFO] [651/1056] 处理: 000778_新兴铸管_2021.pdf
2026-05-29 18:04:13,952 [INFO] 文本已保存: C:\Users\13765\OneDrive\Desktop\研究生\数据要素\data\extracted\000778_新兴铸管_2021.md (12237字符)
2026-05-29 18:04:14,402 [INFO] 表格已保存: C:\Users\13765\OneDrive\Desktop\研究生\数据要素\data\extracted\000778_新兴铸管_2021_tables.json (0个表格)
2026-05-29 18:04:14,402 [INFO] [652/1056] 处理: 000778_新兴铸管_2022.pdf
2026-05-29 18:04:14,912 [INFO] 文本已保存: C:\Users\13765\OneDrive\Desktop\研究生\数据要素\data\extracted\000778_新兴铸管_2022.md (18526字符)
2026-05-29 18:04:15,458 [INFO] 表格已保存: C:\Users\13765\OneDrive\Desktop\研究生\数据要素\data\extracted\000778_新兴铸管_2022_tables.json (0个表格)
2026-05-29 18:04:15,458 [INFO] [653/1056] 处理: 000778_新兴铸管_2023.pdf
2026-05-29 18:04:15,521 [INFO] 文本已保存: C:\Users\13765\OneDrive\Desktop\研究生\数据要素\data\extracted\000778_新兴铸管_2023.md (395字符)
2026-05-29 18:04:15,549 [INFO] 表格已保存: C:\Users\13765\OneDrive\Desktop\研究生\数据要素\data\extracted\000778_新兴铸管_2023_tables.json (0个表格)
2026-05-29 18:04:15,549 [INFO] [654/1056] 处理: 000778_新兴铸管_2024.pdf
2026-05-29 18:04:16,316 [INFO] 文本已保存: C:\Users\13765\OneDrive\Desktop\研究生\数据要素\data\extracted\000778_新兴铸管_2024.md (17173字符)
2026-05-29 18:04:16,974 [INFO] 表格已保存: C:\Users\13765\OneDrive\Desktop\研究生\数据要素\data\extracted\000778_新兴铸管_2024_tables.json (6个表格)
2026-05-29 18:04:16,974 [INFO] [655/1056] 处理: 000778_新兴铸管_2025.pdf
2026-05-29 18:04:17,006 [INFO] 文本已保存: C:\Users\13765\OneDrive\Desktop\研究生\数据要素\data\extracted\000778_新兴铸管_2025.md (339字符)
2026-05-29 18:04:17,025 [INFO] 表格已保存: C:\Users\13765\OneDrive\Desktop\研究生\数据要素\data\extracted\000778_新兴铸管_2025_tables.json (0个表格)
2026-05-29 18:04:17,025 [INFO] [656/1056] 处理: 000778_新兴铸管_2026.pdf
2026-05-29 18:04:17,620 [INFO] 文本已保存: C:\Users\13765\OneDrive\Desktop\研究生\数据要素\data\extracted\000778_新兴铸管_2026.md (21130字符)
2026-05-29 18:04:18,049 [INFO] 表格已保存: C:\Users\13765\OneDrive\Desktop\研究生\数据要素\data\extracted\000778_新兴铸管_2026_tables.json (0个表格)
2026-05-29 18:04:18,049 [INFO] [657/1056] 处理: 000783_长江证券_2019.pdf
2026-05-29 18:04:18,120 [INFO] 文本已保存: C:\Users\13765\OneDrive\Desktop\研究生\数据要素\data\extracted\000783_长江证券_2019.md (395字符)
2026-05-29 18:04:18,170 [INFO] 表格已保存: C:\Users\13765\OneDrive\Desktop\研究生\数据要素\data\extracted\000783_长江证券_2019_tables.json (0个表格)
2026-05-29 18:04:18,170 [INFO] [658/1056] 处理: 000783_长江证券_2020.pdf
2026-05-29 18:04:18,261 [INFO] 文本已保存: C:\Users\13765\OneDrive\Desktop\研究生\数据要素\data\extracted\000783_长江证券_2020.md (521字符)
2026-05-29 18:04:18,327 [INFO] 表格已保存: C:\Users\13765\OneDrive\Desktop\研究生\数据要素\data\extracted\000783_长江证券_2020_tables.json (0个表格)
2026-05-29 18:04:18,328 [INFO] [659/1056] 处理: 000783_长江证券_2021.pdf
2026-05-29 18:04:18,384 [INFO] 文本已保存: C:\Users\13765\OneDrive\Desktop\研究生\数据要素\data\extracted\000783_长江证券_2021.md (479字符)
2026-05-29 18:04:18,427 [INFO] 表格已保存: C:\Users\13765\OneDrive\Desktop\研究生\数据要素\data\extracted\000783_长江证券_2021_tables.json (0个表格)
2026-05-29 18:04:18,427 [INFO] [660/1056] 处理: 000783_长江证券_2022.pdf
2026-05-29 18:04:19,991 [INFO] 文本已保存: C:\Users\13765\OneDrive\Desktop\研究生\数据要素\data\extracted\000783_长江证券_2022.md (33039字符)
2026-05-29 18:04:21,400 [INFO] 表格已保存: C:\Users\13765\OneDrive\Desktop\研究生\数据要素\data\extracted\000783_长江证券_2022_tables.json (20个表格)
2026-05-29 18:04:21,400 [INFO] [661/1056] 处理: 000783_长江证券_2023.pdf
2026-05-29 18:04:22,718 [INFO] 文本已保存: C:\Users\13765\OneDrive\Desktop\研究生\数据要素\data\extracted\000783_长江证券_2023.md (47946字符)
2026-05-29 18:04:24,045 [INFO] 表格已保存: C:\Users\13765\OneDrive\Desktop\研究生\数据要素\data\extracted\000783_长江证券_2023_tables.json (29个表格)
2026-05-29 18:04:24,045 [INFO] [662/1056] 处理: 000783_长江证券_2024.pdf
2026-05-29 18:04:49,294 [INFO] 文本已保存: C:\Users\13765\OneDrive\Desktop\研究生\数据要素\data\extracted\000783_长江证券_2024.md (93785字符)
2026-05-29 18:05:14,597 [INFO] 表格已保存: C:\Users\13765\OneDrive\Desktop\研究生\数据要素\data\extracted\000783_长江证券_2024_tables.json (45个表格)
2026-05-29 18:05:14,597 [INFO] [663/1056] 处理: 000783_长江证券_2025.pdf
2026-05-29 18:05:39,373 [INFO] 文本已保存: C:\Users\13765\OneDrive\Desktop\研究生\数据要素\data\extracted\000783_长江证券_2025.md (180597字符)
2026-05-29 18:06:03,528 [INFO] 表格已保存: C:\Users\13765\OneDrive\Desktop\研究生\数据要素\data\extracted\000783_长江证券_2025_tables.json (122个表格)
2026-05-29 18:06:03,528 [INFO] [664/1056] 处理: 000783_长江证券_2026.pdf
2026-05-29 18:06:28,056 [INFO] 文本已保存: C:\Users\13765\OneDrive\Desktop\研究生\数据要素\data\extracted\000783_长江证券_2026.md (180597字符)
2026-05-29 18:06:51,982 [INFO] 表格已保存: C:\Users\13765\OneDrive\Desktop\研究生\数据要素\data\extracted\000783_长江证券_2026_tables.json (122个表格)
2026-05-29 18:06:51,982 [INFO] [665/1056] 处理: 000786_北新建材_2019.pdf
2026-05-29 18:06:52,575 [INFO] 文本已保存: C:\Users\13765\OneDrive\Desktop\研究生\数据要素\data\extracted\000786_北新建材_2019.md (13972字符)
2026-05-29 18:06:53,572 [INFO] 表格已保存: C:\Users\13765\OneDrive\Desktop\研究生\数据要素\data\extracted\000786_北新建材_2019_tables.json (5个表格)
2026-05-29 18:06:53,572 [INFO] [666/1056] 处理: 000786_北新建材_2020.pdf
2026-05-29 18:06:54,281 [INFO] 文本已保存: C:\Users\13765\OneDrive\Desktop\研究生\数据要素\data\extracted\000786_北新建材_2020.md (15063字符)
2026-05-29 18:06:54,873 [INFO] 表格已保存: C:\Users\13765\OneDrive\Desktop\研究生\数据要素\data\extracted\000786_北新建材_2020_tables.json (4个表格)
2026-05-29 18:06:54,873 [INFO] [667/1056] 处理: 000786_北新建材_2021.pdf
2026-05-29 18:06:56,527 [INFO] 文本已保存: C:\Users\13765\OneDrive\Desktop\研究生\数据要素\data\extracted\000786_北新建材_2021.md (25206字符)
2026-05-29 18:06:58,093 [INFO] 表格已保存: C:\Users\13765\OneDrive\Desktop\研究生\数据要素\data\extracted\000786_北新建材_2021_tables.json (6个表格)
2026-05-29 18:06:58,093 [INFO] [668/1056] 处理: 000786_北新建材_2022.pdf
2026-05-29 18:06:59,553 [INFO] 文本已保存: C:\Users\13765\OneDrive\Desktop\研究生\数据要素\data\extracted\000786_北新建材_2022.md (37859字符)
2026-05-29 18:07:01,036 [INFO] 表格已保存: C:\Users\13765\OneDrive\Desktop\研究生\数据要素\data\extracted\000786_北新建材_2022_tables.json (16个表格)
2026-05-29 18:07:01,036 [INFO] [669/1056] 处理: 000786_北新建材_2023.pdf
2026-05-29 18:07:01,080 [INFO] 文本已保存: C:\Users\13765\OneDrive\Desktop\研究生\数据要素\data\extracted\000786_北新建材_2023.md (577字符)
2026-05-29 18:07:01,112 [INFO] 表格已保存: C:\Users\13765\OneDrive\Desktop\研究生\数据要素\data\extracted\000786_北新建材_2023_tables.json (0个表格)
2026-05-29 18:07:01,112 [INFO] [670/1056] 处理: 000786_北新建材_2024.pdf
2026-05-29 18:07:04,563 [INFO] 文本已保存: C:\Users\13765\OneDrive\Desktop\研究生\数据要素\data\extracted\000786_北新建材_2024.md (68654字符)
2026-05-29 18:07:07,934 [INFO] 表格已保存: C:\Users\13765\OneDrive\Desktop\研究生\数据要素\data\extracted\000786_北新建材_2024_tables.json (56个表格)
2026-05-29 18:07:07,934 [INFO] [671/1056] 处理: 000786_北新建材_2025.pdf
2026-05-29 18:07:12,758 [INFO] 文本已保存: C:\Users\13765\OneDrive\Desktop\研究生\数据要素\data\extracted\000786_北新建材_2025.md (83590字符)
2026-05-29 18:07:17,532 [INFO] 表格已保存: C:\Users\13765\OneDrive\Desktop\研究生\数据要素\data\extracted\000786_北新建材_2025_tables.json (33个表格)
2026-05-29 18:07:17,532 [INFO] [672/1056] 处理: 000786_北新建材_2026.pdf
2026-05-29 18:07:28,491 [INFO] 文本已保存: C:\Users\13765\OneDrive\Desktop\研究生\数据要素\data\extracted\000786_北新建材_2026.md (104442字符)
2026-05-29 18:07:39,137 [INFO] 表格已保存: C:\Users\13765\OneDrive\Desktop\研究生\数据要素\data\extracted\000786_北新建材_2026_tables.json (29个表格)
2026-05-29 18:07:39,137 [INFO] [673/1056] 处理: 000792_盐湖股份_2019.pdf
2026-05-29 18:07:39,736 [INFO] 文本已保存: C:\Users\13765\OneDrive\Desktop\研究生\数据要素\data\extracted\000792_盐湖股份_2019.md (13516字符)
2026-05-29 18:07:40,685 [INFO] 表格已保存: C:\Users\13765\OneDrive\Desktop\研究生\数据要素\data\extracted\000792_盐湖股份_2019_tables.json (1个表格)
2026-05-29 18:07:40,685 [INFO] [674/1056] 处理: 000792_盐湖股份_2020.pdf
2026-05-29 18:07:41,501 [INFO] 文本已保存: C:\Users\13765\OneDrive\Desktop\研究生\数据要素\data\extracted\000792_盐湖股份_2020.md (9562字符)
2026-05-29 18:07:42,377 [INFO] 表格已保存: C:\Users\13765\OneDrive\Desktop\研究生\数据要素\data\extracted\000792_盐湖股份_2020_tables.json (6个表格)
2026-05-29 18:07:42,377 [INFO] [675/1056] 处理: 000792_盐湖股份_2021.pdf
2026-05-29 18:07:44,838 [INFO] 文本已保存: C:\Users\13765\OneDrive\Desktop\研究生\数据要素\data\extracted\000792_盐湖股份_2021.md (30640字符)
2026-05-29 18:07:47,331 [INFO] 表格已保存: C:\Users\13765\OneDrive\Desktop\研究生\数据要素\data\extracted\000792_盐湖股份_2021_tables.json (35个表格)
2026-05-29 18:07:47,331 [INFO] [676/1056] 处理: 000792_盐湖股份_2022.pdf
2026-05-29 18:07:48,902 [INFO] 文本已保存: C:\Users\13765\OneDrive\Desktop\研究生\数据要素\data\extracted\000792_盐湖股份_2022.md (20624字符)
2026-05-29 18:07:50,395 [INFO] 表格已保存: C:\Users\13765\OneDrive\Desktop\研究生\数据要素\data\extracted\000792_盐湖股份_2022_tables.json (16个表格)
2026-05-29 18:07:50,395 [INFO] [677/1056] 处理: 000792_盐湖股份_2023.pdf
2026-05-29 18:07:50,483 [INFO] 文本已保存: C:\Users\13765\OneDrive\Desktop\研究生\数据要素\data\extracted\000792_盐湖股份_2023.md (633字符)
2026-05-29 18:07:50,540 [INFO] 表格已保存: C:\Users\13765\OneDrive\Desktop\研究生\数据要素\data\extracted\000792_盐湖股份_2023_tables.json (0个表格)
2026-05-29 18:07:50,540 [INFO] [678/1056] 处理: 000792_盐湖股份_2024.pdf
2026-05-29 18:07:54,451 [INFO] 文本已保存: C:\Users\13765\OneDrive\Desktop\研究生\数据要素\data\extracted\000792_盐湖股份_2024.md (68627字符)
2026-05-29 18:07:58,324 [INFO] 表格已保存: C:\Users\13765\OneDrive\Desktop\研究生\数据要素\data\extracted\000792_盐湖股份_2024_tables.json (42个表格)
2026-05-29 18:07:58,324 [INFO] [679/1056] 处理: 000792_盐湖股份_2025.pdf
2026-05-29 18:08:05,367 [INFO] 文本已保存: C:\Users\13765\OneDrive\Desktop\研究生\数据要素\data\extracted\000792_盐湖股份_2025.md (87903字符)
2026-05-29 18:08:12,182 [INFO] 表格已保存: C:\Users\13765\OneDrive\Desktop\研究生\数据要素\data\extracted\000792_盐湖股份_2025_tables.json (63个表格)
2026-05-29 18:08:12,182 [INFO] [680/1056] 处理: 000792_盐湖股份_2026.pdf
2026-05-29 18:08:15,582 [INFO] 文本已保存: C:\Users\13765\OneDrive\Desktop\研究生\数据要素\data\extracted\000792_盐湖股份_2026.md (47139字符)
2026-05-29 18:08:18,910 [INFO] 表格已保存: C:\Users\13765\OneDrive\Desktop\研究生\数据要素\data\extracted\000792_盐湖股份_2026_tables.json (7个表格)
2026-05-29 18:08:18,911 [INFO] [681/1056] 处理: 000796_凯撒旅业_2019.pdf
2026-05-29 18:08:19,469 [INFO] 文本已保存: C:\Users\13765\OneDrive\Desktop\研究生\数据要素\data\extracted\000796_凯撒旅业_2019.md (15106字符)
2026-05-29 18:08:20,208 [INFO] 表格已保存: C:\Users\13765\OneDrive\Desktop\研究生\数据要素\data\extracted\000796_凯撒旅业_2019_tables.json (2个表格)
2026-05-29 18:08:20,208 [INFO] [682/1056] 处理: 000796_凯撒旅业_2020.pdf
2026-05-29 18:08:20,683 [INFO] 文本已保存: C:\Users\13765\OneDrive\Desktop\研究生\数据要素\data\extracted\000796_凯撒旅业_2020.md (17469字符)
2026-05-29 18:08:21,226 [INFO] 表格已保存: C:\Users\13765\OneDrive\Desktop\研究生\数据要素\data\extracted\000796_凯撒旅业_2020_tables.json (11个表格)
2026-05-29 18:08:21,226 [INFO] [683/1056] 处理: 000796_凯撒旅业_2021.pdf
2026-05-29 18:08:21,352 [INFO] 文本已保存: C:\Users\13765\OneDrive\Desktop\研究生\数据要素\data\extracted\000796_凯撒旅业_2021.md (2038字符)
2026-05-29 18:08:21,466 [INFO] 表格已保存: C:\Users\13765\OneDrive\Desktop\研究生\数据要素\data\extracted\000796_凯撒旅业_2021_tables.json (0个表格)
2026-05-29 18:08:21,466 [INFO] [684/1056] 处理: 000796_凯撒旅业_2022.pdf
2026-05-29 18:08:21,494 [INFO] 文本已保存: C:\Users\13765\OneDrive\Desktop\研究生\数据要素\data\extracted\000796_凯撒旅业_2022.md (182字符)
2026-05-29 18:08:21,515 [INFO] 表格已保存: C:\Users\13765\OneDrive\Desktop\研究生\数据要素\data\extracted\000796_凯撒旅业_2022_tables.json (0个表格)
2026-05-29 18:08:21,515 [INFO] [685/1056] 处理: 000796_凯撒旅业_2023.pdf
2026-05-29 18:08:23,763 [INFO] 文本已保存: C:\Users\13765\OneDrive\Desktop\研究生\数据要素\data\extracted\000796_凯撒旅业_2023.md (57280字符)
2026-05-29 18:08:25,940 [INFO] 表格已保存: C:\Users\13765\OneDrive\Desktop\研究生\数据要素\data\extracted\000796_凯撒旅业_2023_tables.json (47个表格)
2026-05-29 18:08:25,940 [INFO] [686/1056] 处理: 000796_凯撒旅业_2024.pdf
2026-05-29 18:08:27,119 [INFO] 文本已保存: C:\Users\13765\OneDrive\Desktop\研究生\数据要素\data\extracted\000796_凯撒旅业_2024.md (168字符)
2026-05-29 18:08:28,232 [INFO] 表格已保存: C:\Users\13765\OneDrive\Desktop\研究生\数据要素\data\extracted\000796_凯撒旅业_2024_tables.json (0个表格)
2026-05-29 18:08:28,232 [INFO] [687/1056] 处理: 000796_凯撒旅业_2025.pdf
2026-05-29 18:08:37,845 [INFO] 文本已保存: C:\Users\13765\OneDrive\Desktop\研究生\数据要素\data\extracted\000796_凯撒旅业_2025.md (42691字符)
2026-05-29 18:08:47,356 [INFO] 表格已保存: C:\Users\13765\OneDrive\Desktop\研究生\数据要素\data\extracted\000796_凯撒旅业_2025_tables.json (7个表格)
2026-05-29 18:08:47,357 [INFO] [688/1056] 处理: 000796_凯撒旅业_2026.pdf
2026-05-29 18:08:58,810 [INFO] 文本已保存: C:\Users\13765\OneDrive\Desktop\研究生\数据要素\data\extracted\000796_凯撒旅业_2026.md (119069字符)
2026-05-29 18:09:10,182 [INFO] 表格已保存: C:\Users\13765\OneDrive\Desktop\研究生\数据要素\data\extracted\000796_凯撒旅业_2026_tables.json (72个表格)
2026-05-29 18:09:10,182 [INFO] [689/1056] 处理: 000797_中国武夷_2019.pdf
2026-05-29 18:09:10,543 [INFO] 文本已保存: C:\Users\13765\OneDrive\Desktop\研究生\数据要素\data\extracted\000797_中国武夷_2019.md (11342字符)
2026-05-29 18:09:10,885 [INFO] 表格已保存: C:\Users\13765\OneDrive\Desktop\研究生\数据要素\data\extracted\000797_中国武夷_2019_tables.json (0个表格)
2026-05-29 18:09:10,885 [INFO] [690/1056] 处理: 000797_中国武夷_2020.pdf
2026-05-29 18:09:11,754 [INFO] 文本已保存: C:\Users\13765\OneDrive\Desktop\研究生\数据要素\data\extracted\000797_中国武夷_2020.md (12050字符)
2026-05-29 18:09:12,119 [INFO] 表格已保存: C:\Users\13765\OneDrive\Desktop\研究生\数据要素\data\extracted\000797_中国武夷_2020_tables.json (0个表格)
2026-05-29 18:09:12,119 [INFO] [691/1056] 处理: 000797_中国武夷_2021.pdf
2026-05-29 18:09:12,670 [INFO] 文本已保存: C:\Users\13765\OneDrive\Desktop\研究生\数据要素\data\extracted\000797_中国武夷_2021.md (12734字符)
2026-05-29 18:09:13,106 [INFO] 表格已保存: C:\Users\13765\OneDrive\Desktop\研究生\数据要素\data\extracted\000797_中国武夷_2021_tables.json (0个表格)
2026-05-29 18:09:13,106 [INFO] [692/1056] 处理: 000797_中国武夷_2022.pdf
2026-05-29 18:09:14,801 [INFO] 文本已保存: C:\Users\13765\OneDrive\Desktop\研究生\数据要素\data\extracted\000797_中国武夷_2022.md (30423字符)
2026-05-29 18:09:16,499 [INFO] 表格已保存: C:\Users\13765\OneDrive\Desktop\研究生\数据要素\data\extracted\000797_中国武夷_2022_tables.json (14个表格)
2026-05-29 18:09:16,500 [INFO] [693/1056] 处理: 000797_中国武夷_2023.pdf
2026-05-29 18:09:17,040 [INFO] 文本已保存: C:\Users\13765\OneDrive\Desktop\研究生\数据要素\data\extracted\000797_中国武夷_2023.md (10908字符)
2026-05-29 18:09:17,544 [INFO] 表格已保存: C:\Users\13765\OneDrive\Desktop\研究生\数据要素\data\extracted\000797_中国武夷_2023_tables.json (0个表格)
2026-05-29 18:09:17,544 [INFO] [694/1056] 处理: 000797_中国武夷_2024.pdf
2026-05-29 18:09:18,458 [INFO] 文本已保存: C:\Users\13765\OneDrive\Desktop\研究生\数据要素\data\extracted\000797_中国武夷_2024.md (12027字符)
2026-05-29 18:09:19,210 [INFO] 表格已保存: C:\Users\13765\OneDrive\Desktop\研究生\数据要素\data\extracted\000797_中国武夷_2024_tables.json (1个表格)
2026-05-29 18:09:19,210 [INFO] [695/1056] 处理: 000797_中国武夷_2025.pdf
2026-05-29 18:09:20,147 [INFO] 文本已保存: C:\Users\13765\OneDrive\Desktop\研究生\数据要素\data\extracted\000797_中国武夷_2025.md (12910字符)
2026-05-29 18:09:20,956 [INFO] 表格已保存: C:\Users\13765\OneDrive\Desktop\研究生\数据要素\data\extracted\000797_中国武夷_2025_tables.json (0个表格)
2026-05-29 18:09:20,956 [INFO] [696/1056] 处理: 000797_中国武夷_2026.pdf
2026-05-29 18:09:21,797 [INFO] 文本已保存: C:\Users\13765\OneDrive\Desktop\研究生\数据要素\data\extracted\000797_中国武夷_2026.md (14862字符)
2026-05-29 18:09:22,719 [INFO] 表格已保存: C:\Users\13765\OneDrive\Desktop\研究生\数据要素\data\extracted\000797_中国武夷_2026_tables.json (4个表格)
2026-05-29 18:09:22,719 [INFO] [697/1056] 处理: 000800_一汽解放_2019.pdf
2026-05-29 18:09:23,342 [INFO] 文本已保存: C:\Users\13765\OneDrive\Desktop\研究生\数据要素\data\extracted\000800_一汽解放_2019.md (8311字符)
2026-05-29 18:09:24,023 [INFO] 表格已保存: C:\Users\13765\OneDrive\Desktop\研究生\数据要素\data\extracted\000800_一汽解放_2019_tables.json (2个表格)
2026-05-29 18:09:24,023 [INFO] [698/1056] 处理: 000800_一汽解放_2020.pdf
2026-05-29 18:09:24,470 [INFO] 文本已保存: C:\Users\13765\OneDrive\Desktop\研究生\数据要素\data\extracted\000800_一汽解放_2020.md (8159字符)
2026-05-29 18:09:24,895 [INFO] 表格已保存: C:\Users\13765\OneDrive\Desktop\研究生\数据要素\data\extracted\000800_一汽解放_2020_tables.json (1个表格)
2026-05-29 18:09:24,895 [INFO] [699/1056] 处理: 000800_一汽解放_2021.pdf
2026-05-29 18:09:31,361 [INFO] 文本已保存: C:\Users\13765\OneDrive\Desktop\研究生\数据要素\data\extracted\000800_一汽解放_2021.md (52192字符)
2026-05-29 18:09:37,658 [INFO] 表格已保存: C:\Users\13765\OneDrive\Desktop\研究生\数据要素\data\extracted\000800_一汽解放_2021_tables.json (18个表格)
2026-05-29 18:09:37,658 [INFO] [700/1056] 处理: 000800_一汽解放_2022.pdf
2026-05-29 18:11:36,686 [INFO] 文本已保存: C:\Users\13765\OneDrive\Desktop\研究生\数据要素\data\extracted\000800_一汽解放_2022.md (1759字符)
2026-05-29 18:13:37,736 [INFO] 表格已保存: C:\Users\13765\OneDrive\Desktop\研究生\数据要素\data\extracted\000800_一汽解放_2022_tables.json (0个表格)
2026-05-29 18:13:37,736 [INFO] [701/1056] 处理: 000800_一汽解放_2023.pdf
2026-05-29 18:13:56,530 [INFO] 文本已保存: C:\Users\13765\OneDrive\Desktop\研究生\数据要素\data\extracted\000800_一汽解放_2023.md (68440字符)
2026-05-29 18:14:12,226 [INFO] 表格已保存: C:\Users\13765\OneDrive\Desktop\研究生\数据要素\data\extracted\000800_一汽解放_2023_tables.json (15个表格)
2026-05-29 18:14:12,226 [INFO] [702/1056] 处理: 000800_一汽解放_2024.pdf
2026-05-29 18:14:16,052 [INFO] 文本已保存: C:\Users\13765\OneDrive\Desktop\研究生\数据要素\data\extracted\000800_一汽解放_2024.md (60977字符)
2026-05-29 18:14:19,489 [INFO] 表格已保存: C:\Users\13765\OneDrive\Desktop\研究生\数据要素\data\extracted\000800_一汽解放_2024_tables.json (12个表格)
2026-05-29 18:14:19,489 [INFO] [703/1056] 处理: 000800_一汽解放_2025.pdf
2026-05-29 18:14:23,834 [INFO] 文本已保存: C:\Users\13765\OneDrive\Desktop\研究生\数据要素\data\extracted\000800_一汽解放_2025.md (71964字符)
2026-05-29 18:14:28,174 [INFO] 表格已保存: C:\Users\13765\OneDrive\Desktop\研究生\数据要素\data\extracted\000800_一汽解放_2025_tables.json (21个表格)
2026-05-29 18:14:28,174 [INFO] [704/1056] 处理: 000800_一汽解放_2026.pdf
2026-05-29 18:14:33,518 [INFO] 文本已保存: C:\Users\13765\OneDrive\Desktop\研究生\数据要素\data\extracted\000800_一汽解放_2026.md (89079字符)
2026-05-29 18:14:38,555 [INFO] 表格已保存: C:\Users\13765\OneDrive\Desktop\研究生\数据要素\data\extracted\000800_一汽解放_2026_tables.json (35个表格)
2026-05-29 18:14:38,555 [INFO] [705/1056] 处理: 000807_云铝股份_2019.pdf
2026-05-29 18:14:39,559 [INFO] 文本已保存: C:\Users\13765\OneDrive\Desktop\研究生\数据要素\data\extracted\000807_云铝股份_2019.md (10656字符)
2026-05-29 18:14:40,274 [INFO] 表格已保存: C:\Users\13765\OneDrive\Desktop\研究生\数据要素\data\extracted\000807_云铝股份_2019_tables.json (1个表格)
2026-05-29 18:14:40,274 [INFO] [706/1056] 处理: 000807_云铝股份_2020.pdf
2026-05-29 18:14:41,835 [INFO] 文本已保存: C:\Users\13765\OneDrive\Desktop\研究生\数据要素\data\extracted\000807_云铝股份_2020.md (31702字符)
2026-05-29 18:14:43,337 [INFO] 表格已保存: C:\Users\13765\OneDrive\Desktop\研究生\数据要素\data\extracted\000807_云铝股份_2020_tables.json (43个表格)
2026-05-29 18:14:43,337 [INFO] [707/1056] 处理: 000807_云铝股份_2021.pdf
2026-05-29 18:14:45,014 [INFO] 文本已保存: C:\Users\13765\OneDrive\Desktop\研究生\数据要素\data\extracted\000807_云铝股份_2021.md (40629字符)
2026-05-29 18:14:46,550 [INFO] 表格已保存: C:\Users\13765\OneDrive\Desktop\研究生\数据要素\data\extracted\000807_云铝股份_2021_tables.json (50个表格)
2026-05-29 18:14:46,550 [INFO] [708/1056] 处理: 000807_云铝股份_2022.pdf
2026-05-29 18:14:48,018 [INFO] 文本已保存: C:\Users\13765\OneDrive\Desktop\研究生\数据要素\data\extracted\000807_云铝股份_2022.md (17966字符)
2026-05-29 18:14:49,370 [INFO] 表格已保存: C:\Users\13765\OneDrive\Desktop\研究生\数据要素\data\extracted\000807_云铝股份_2022_tables.json (22个表格)
2026-05-29 18:14:49,370 [INFO] [709/1056] 处理: 000807_云铝股份_2023.pdf
2026-05-29 18:15:04,444 [INFO] 文本已保存: C:\Users\13765\OneDrive\Desktop\研究生\数据要素\data\extracted\000807_云铝股份_2023.md (400551字符)
2026-05-29 18:15:19,364 [INFO] 表格已保存: C:\Users\13765\OneDrive\Desktop\研究生\数据要素\data\extracted\000807_云铝股份_2023_tables.json (75个表格)
2026-05-29 18:15:19,364 [INFO] [710/1056] 处理: 000807_云铝股份_2024.pdf
2026-05-29 18:15:25,663 [INFO] 文本已保存: C:\Users\13765\OneDrive\Desktop\研究生\数据要素\data\extracted\000807_云铝股份_2024.md (78938字符)
2026-05-29 18:15:31,687 [INFO] 表格已保存: C:\Users\13765\OneDrive\Desktop\研究生\数据要素\data\extracted\000807_云铝股份_2024_tables.json (43个表格)
2026-05-29 18:15:31,687 [INFO] [711/1056] 处理: 000807_云铝股份_2025.pdf
2026-05-29 18:15:38,067 [INFO] 文本已保存: C:\Users\13765\OneDrive\Desktop\研究生\数据要素\data\extracted\000807_云铝股份_2025.md (64643字符)
2026-05-29 18:15:44,225 [INFO] 表格已保存: C:\Users\13765\OneDrive\Desktop\研究生\数据要素\data\extracted\000807_云铝股份_2025_tables.json (74个表格)
2026-05-29 18:15:44,225 [INFO] [712/1056] 处理: 000807_云铝股份_2026.pdf
2026-05-29 18:15:48,132 [INFO] 文本已保存: C:\Users\13765\OneDrive\Desktop\研究生\数据要素\data\extracted\000807_云铝股份_2026.md (79194字符)
2026-05-29 18:15:51,844 [INFO] 表格已保存: C:\Users\13765\OneDrive\Desktop\研究生\数据要素\data\extracted\000807_云铝股份_2026_tables.json (43个表格)
2026-05-29 18:15:51,844 [INFO] [713/1056] 处理: 000825_太钢不锈_2019.pdf
2026-05-29 18:15:54,566 [INFO] 文本已保存: C:\Users\13765\OneDrive\Desktop\研究生\数据要素\data\extracted\000825_太钢不锈_2019.md (64022字符)
2026-05-29 18:15:57,151 [INFO] 表格已保存: C:\Users\13765\OneDrive\Desktop\研究生\数据要素\data\extracted\000825_太钢不锈_2019_tables.json (16个表格)
2026-05-29 18:15:57,151 [INFO] [714/1056] 处理: 000825_太钢不锈_2020.pdf
2026-05-29 18:15:59,827 [INFO] 文本已保存: C:\Users\13765\OneDrive\Desktop\研究生\数据要素\data\extracted\000825_太钢不锈_2020.md (64430字符)
2026-05-29 18:16:02,381 [INFO] 表格已保存: C:\Users\13765\OneDrive\Desktop\研究生\数据要素\data\extracted\000825_太钢不锈_2020_tables.json (19个表格)
2026-05-29 18:16:02,381 [INFO] [715/1056] 处理: 000825_太钢不锈_2021.pdf
2026-05-29 18:16:04,939 [INFO] 文本已保存: C:\Users\13765\OneDrive\Desktop\研究生\数据要素\data\extracted\000825_太钢不锈_2021.md (62430字符)
2026-05-29 18:16:07,399 [INFO] 表格已保存: C:\Users\13765\OneDrive\Desktop\研究生\数据要素\data\extracted\000825_太钢不锈_2021_tables.json (21个表格)
2026-05-29 18:16:07,399 [INFO] [716/1056] 处理: 000825_太钢不锈_2022.pdf
2026-05-29 18:16:10,230 [INFO] 文本已保存: C:\Users\13765\OneDrive\Desktop\研究生\数据要素\data\extracted\000825_太钢不锈_2022.md (61640字符)
2026-05-29 18:16:13,010 [INFO] 表格已保存: C:\Users\13765\OneDrive\Desktop\研究生\数据要素\data\extracted\000825_太钢不锈_2022_tables.json (19个表格)
2026-05-29 18:16:13,010 [INFO] [717/1056] 处理: 000825_太钢不锈_2023.pdf
2026-05-29 18:16:16,453 [INFO] 文本已保存: C:\Users\13765\OneDrive\Desktop\研究生\数据要素\data\extracted\000825_太钢不锈_2023.md (57270字符)
2026-05-29 18:16:19,819 [INFO] 表格已保存: C:\Users\13765\OneDrive\Desktop\研究生\数据要素\data\extracted\000825_太钢不锈_2023_tables.json (24个表格)
2026-05-29 18:16:19,820 [INFO] [718/1056] 处理: 000825_太钢不锈_2024.pdf
2026-05-29 18:16:22,022 [INFO] 文本已保存: C:\Users\13765\OneDrive\Desktop\研究生\数据要素\data\extracted\000825_太钢不锈_2024.md (52970字符)
2026-05-29 18:16:24,061 [INFO] 表格已保存: C:\Users\13765\OneDrive\Desktop\研究生\数据要素\data\extracted\000825_太钢不锈_2024_tables.json (16个表格)
2026-05-29 18:16:24,061 [INFO] [719/1056] 处理: 000825_太钢不锈_2025.pdf
2026-05-29 18:16:29,886 [INFO] 文本已保存: C:\Users\13765\OneDrive\Desktop\研究生\数据要素\data\extracted\000825_太钢不锈_2025.md (66733字符)
2026-05-29 18:16:35,553 [INFO] 表格已保存: C:\Users\13765\OneDrive\Desktop\研究生\数据要素\data\extracted\000825_太钢不锈_2025_tables.json (30个表格)
2026-05-29 18:16:35,553 [INFO] [720/1056] 处理: 000825_太钢不锈_2026.pdf
2026-05-29 18:16:42,927 [INFO] 文本已保存: C:\Users\13765\OneDrive\Desktop\研究生\数据要素\data\extracted\000825_太钢不锈_2026.md (80136字符)
2026-05-29 18:16:50,181 [INFO] 表格已保存: C:\Users\13765\OneDrive\Desktop\研究生\数据要素\data\extracted\000825_太钢不锈_2026_tables.json (33个表格)
2026-05-29 18:16:50,182 [INFO] [721/1056] 处理: 000826_ST启环_2019.pdf
2026-05-29 18:16:51,549 [INFO] 文本已保存: C:\Users\13765\OneDrive\Desktop\研究生\数据要素\data\extracted\000826_ST启环_2019.md (22370字符)
2026-05-29 18:16:52,665 [INFO] 表格已保存: C:\Users\13765\OneDrive\Desktop\研究生\数据要素\data\extracted\000826_ST启环_2019_tables.json (15个表格)
2026-05-29 18:16:52,665 [INFO] [722/1056] 处理: 000826_ST启环_2020.pdf
2026-05-29 18:16:53,223 [INFO] 文本已保存: C:\Users\13765\OneDrive\Desktop\研究生\数据要素\data\extracted\000826_ST启环_2020.md (16262字符)
2026-05-29 18:16:53,865 [INFO] 表格已保存: C:\Users\13765\OneDrive\Desktop\研究生\数据要素\data\extracted\000826_ST启环_2020_tables.json (4个表格)
2026-05-29 18:16:53,865 [INFO] [723/1056] 处理: 000826_ST启环_2021.pdf
2026-05-29 18:16:54,281 [INFO] 文本已保存: C:\Users\13765\OneDrive\Desktop\研究生\数据要素\data\extracted\000826_ST启环_2021.md (9494字符)
2026-05-29 18:16:54,780 [INFO] 表格已保存: C:\Users\13765\OneDrive\Desktop\研究生\数据要素\data\extracted\000826_ST启环_2021_tables.json (9个表格)
2026-05-29 18:16:54,780 [INFO] [724/1056] 处理: 000826_ST启环_2022.pdf
2026-05-29 18:16:55,611 [INFO] 文本已保存: C:\Users\13765\OneDrive\Desktop\研究生\数据要素\data\extracted\000826_ST启环_2022.md (18622字符)
2026-05-29 18:16:56,436 [INFO] 表格已保存: C:\Users\13765\OneDrive\Desktop\研究生\数据要素\data\extracted\000826_ST启环_2022_tables.json (10个表格)
2026-05-29 18:16:56,437 [INFO] [725/1056] 处理: 000826_ST启环_2023.pdf
2026-05-29 18:16:57,447 [INFO] 文本已保存: C:\Users\13765\OneDrive\Desktop\研究生\数据要素\data\extracted\000826_ST启环_2023.md (20197字符)
2026-05-29 18:16:58,401 [INFO] 表格已保存: C:\Users\13765\OneDrive\Desktop\研究生\数据要素\data\extracted\000826_ST启环_2023_tables.json (17个表格)
2026-05-29 18:16:58,401 [INFO] [726/1056] 处理: 000826_ST启环_2024.pdf
2026-05-29 18:16:59,389 [INFO] 文本已保存: C:\Users\13765\OneDrive\Desktop\研究生\数据要素\data\extracted\000826_ST启环_2024.md (17522字符)
2026-05-29 18:17:00,248 [INFO] 表格已保存: C:\Users\13765\OneDrive\Desktop\研究生\数据要素\data\extracted\000826_ST启环_2024_tables.json (14个表格)
2026-05-29 18:17:00,249 [INFO] [727/1056] 处理: 000826_ST启环_2025.pdf
2026-05-29 18:17:00,348 [INFO] 文本已保存: C:\Users\13765\OneDrive\Desktop\研究生\数据要素\data\extracted\000826_ST启环_2025.md (1937字符)
2026-05-29 18:17:00,444 [INFO] 表格已保存: C:\Users\13765\OneDrive\Desktop\研究生\数据要素\data\extracted\000826_ST启环_2025_tables.json (0个表格)
2026-05-29 18:17:00,444 [INFO] [728/1056] 处理: 000826_ST启环_2026.pdf
2026-05-29 18:17:00,633 [INFO] 文本已保存: C:\Users\13765\OneDrive\Desktop\研究生\数据要素\data\extracted\000826_ST启环_2026.md (4219字符)
2026-05-29 18:17:00,970 [INFO] 表格已保存: C:\Users\13765\OneDrive\Desktop\研究生\数据要素\data\extracted\000826_ST启环_2026_tables.json (0个表格)
2026-05-29 18:17:00,970 [INFO] [729/1056] 处理: 000869_张裕A_2019.pdf
2026-05-29 18:17:01,182 [INFO] 文本已保存: C:\Users\13765\OneDrive\Desktop\研究生\数据要素\data\extracted\000869_张裕A_2019.md (6586字符)
2026-05-29 18:17:01,381 [INFO] 表格已保存: C:\Users\13765\OneDrive\Desktop\研究生\数据要素\data\extracted\000869_张裕A_2019_tables.json (0个表格)
2026-05-29 18:17:01,382 [INFO] [730/1056] 处理: 000869_张裕A_2020.pdf
2026-05-29 18:17:01,612 [INFO] 文本已保存: C:\Users\13765\OneDrive\Desktop\研究生\数据要素\data\extracted\000869_张裕A_2020.md (7225字符)
2026-05-29 18:17:01,831 [INFO] 表格已保存: C:\Users\13765\OneDrive\Desktop\研究生\数据要素\data\extracted\000869_张裕A_2020_tables.json (0个表格)
2026-05-29 18:17:01,832 [INFO] [731/1056] 处理: 000869_张裕A_2021.pdf
2026-05-29 18:17:02,152 [INFO] 文本已保存: C:\Users\13765\OneDrive\Desktop\研究生\数据要素\data\extracted\000869_张裕A_2021.md (7932字符)
2026-05-29 18:17:02,371 [INFO] 表格已保存: C:\Users\13765\OneDrive\Desktop\研究生\数据要素\data\extracted\000869_张裕A_2021_tables.json (0个表格)
2026-05-29 18:17:02,371 [INFO] [732/1056] 处理: 000869_张裕A_2022.pdf
2026-05-29 18:17:02,627 [INFO] 文本已保存: C:\Users\13765\OneDrive\Desktop\研究生\数据要素\data\extracted\000869_张裕A_2022.md (7857字符)
2026-05-29 18:17:02,871 [INFO] 表格已保存: C:\Users\13765\OneDrive\Desktop\研究生\数据要素\data\extracted\000869_张裕A_2022_tables.json (0个表格)
2026-05-29 18:17:02,871 [INFO] [733/1056] 处理: 000869_张裕A_2023.pdf
2026-05-29 18:17:05,501 [INFO] 文本已保存: C:\Users\13765\OneDrive\Desktop\研究生\数据要素\data\extracted\000869_张裕A_2023.md (57477字符)
2026-05-29 18:17:08,123 [INFO] 表格已保存: C:\Users\13765\OneDrive\Desktop\研究生\数据要素\data\extracted\000869_张裕A_2023_tables.json (28个表格)
2026-05-29 18:17:08,123 [INFO] [734/1056] 处理: 000869_张裕A_2024.pdf
2026-05-29 18:17:09,926 [INFO] 文本已保存: C:\Users\13765\OneDrive\Desktop\研究生\数据要素\data\extracted\000869_张裕A_2024.md (40436字符)
2026-05-29 18:17:11,581 [INFO] 表格已保存: C:\Users\13765\OneDrive\Desktop\研究生\数据要素\data\extracted\000869_张裕A_2024_tables.json (48个表格)
2026-05-29 18:17:11,581 [INFO] [735/1056] 处理: 000869_张裕A_2025.pdf
2026-05-29 18:17:13,081 [INFO] 文本已保存: C:\Users\13765\OneDrive\Desktop\研究生\数据要素\data\extracted\000869_张裕A_2025.md (46548字符)
2026-05-29 18:17:14,488 [INFO] 表格已保存: C:\Users\13765\OneDrive\Desktop\研究生\数据要素\data\extracted\000869_张裕A_2025_tables.json (49个表格)
2026-05-29 18:17:14,489 [INFO] [736/1056] 处理: 000869_张裕A_2026.pdf
2026-05-29 18:17:17,609 [INFO] 文本已保存: C:\Users\13765\OneDrive\Desktop\研究生\数据要素\data\extracted\000869_张裕A_2026.md (73709字符)
2026-05-29 18:17:20,769 [INFO] 表格已保存: C:\Users\13765\OneDrive\Desktop\研究生\数据要素\data\extracted\000869_张裕A_2026_tables.json (83个表格)
2026-05-29 18:17:20,770 [INFO] [737/1056] 处理: 000876_新希望_2019.pdf
2026-05-29 18:17:27,317 [INFO] 文本已保存: C:\Users\13765\OneDrive\Desktop\研究生\数据要素\data\extracted\000876_新希望_2019.md (27438字符)
2026-05-29 18:17:33,762 [INFO] 表格已保存: C:\Users\13765\OneDrive\Desktop\研究生\数据要素\data\extracted\000876_新希望_2019_tables.json (5个表格)
2026-05-29 18:17:33,762 [INFO] [738/1056] 处理: 000876_新希望_2020.pdf
2026-05-29 18:17:37,570 [INFO] 文本已保存: C:\Users\13765\OneDrive\Desktop\研究生\数据要素\data\extracted\000876_新希望_2020.md (48035字符)
2026-05-29 18:17:41,256 [INFO] 表格已保存: C:\Users\13765\OneDrive\Desktop\研究生\数据要素\data\extracted\000876_新希望_2020_tables.json (21个表格)
2026-05-29 18:17:41,256 [INFO] [739/1056] 处理: 000876_新希望_2021.pdf
2026-05-29 18:17:44,774 [INFO] 文本已保存: C:\Users\13765\OneDrive\Desktop\研究生\数据要素\data\extracted\000876_新希望_2021.md (38661字符)
2026-05-29 18:17:48,354 [INFO] 表格已保存: C:\Users\13765\OneDrive\Desktop\研究生\数据要素\data\extracted\000876_新希望_2021_tables.json (27个表格)
2026-05-29 18:17:48,354 [INFO] [740/1056] 处理: 000876_新希望_2022.pdf
2026-05-29 18:17:54,421 [INFO] 文本已保存: C:\Users\13765\OneDrive\Desktop\研究生\数据要素\data\extracted\000876_新希望_2022.md (57118字符)
2026-05-29 18:18:00,436 [INFO] 表格已保存: C:\Users\13765\OneDrive\Desktop\研究生\数据要素\data\extracted\000876_新希望_2022_tables.json (20个表格)
2026-05-29 18:18:00,436 [INFO] [741/1056] 处理: 000876_新希望_2023.pdf
2026-05-29 18:18:06,231 [INFO] 文本已保存: C:\Users\13765\OneDrive\Desktop\研究生\数据要素\data\extracted\000876_新希望_2023.md (54235字符)
2026-05-29 18:18:11,715 [INFO] 表格已保存: C:\Users\13765\OneDrive\Desktop\研究生\数据要素\data\extracted\000876_新希望_2023_tables.json (15个表格)
2026-05-29 18:18:11,715 [INFO] [742/1056] 处理: 000876_新希望_2024.pdf
2026-05-29 18:19:11,051 [INFO] 文本已保存: C:\Users\13765\OneDrive\Desktop\研究生\数据要素\data\extracted\000876_新希望_2024.md (34980字符)
2026-05-29 18:20:09,800 [INFO] 表格已保存: C:\Users\13765\OneDrive\Desktop\研究生\数据要素\data\extracted\000876_新希望_2024_tables.json (29个表格)
2026-05-29 18:20:09,800 [INFO] [743/1056] 处理: 000876_新希望_2025.pdf
2026-05-29 18:20:12,947 [INFO] 文本已保存: C:\Users\13765\OneDrive\Desktop\研究生\数据要素\data\extracted\000876_新希望_2025.md (97609字符)
2026-05-29 18:20:15,463 [INFO] 表格已保存: C:\Users\13765\OneDrive\Desktop\研究生\数据要素\data\extracted\000876_新希望_2025_tables.json (64个表格)
2026-05-29 18:20:15,463 [INFO] [744/1056] 处理: 000876_新希望_2026.pdf
2026-05-29 18:20:18,369 [INFO] 文本已保存: C:\Users\13765\OneDrive\Desktop\研究生\数据要素\data\extracted\000876_新希望_2026.md (111036字符)
2026-05-29 18:20:21,102 [INFO] 表格已保存: C:\Users\13765\OneDrive\Desktop\研究生\数据要素\data\extracted\000876_新希望_2026_tables.json (74个表格)
2026-05-29 18:20:21,102 [INFO] [745/1056] 处理: 000881_中广核技_2019.pdf
2026-05-29 18:20:21,605 [INFO] 文本已保存: C:\Users\13765\OneDrive\Desktop\研究生\数据要素\data\extracted\000881_中广核技_2019.md (10888字符)
2026-05-29 18:20:21,927 [INFO] 表格已保存: C:\Users\13765\OneDrive\Desktop\研究生\数据要素\data\extracted\000881_中广核技_2019_tables.json (1个表格)
2026-05-29 18:20:21,927 [INFO] [746/1056] 处理: 000881_中广核技_2020.pdf
2026-05-29 18:20:22,575 [INFO] 文本已保存: C:\Users\13765\OneDrive\Desktop\研究生\数据要素\data\extracted\000881_中广核技_2020.md (20690字符)
2026-05-29 18:20:23,110 [INFO] 表格已保存: C:\Users\13765\OneDrive\Desktop\研究生\数据要素\data\extracted\000881_中广核技_2020_tables.json (1个表格)
2026-05-29 18:20:23,111 [INFO] [747/1056] 处理: 000881_中广核技_2021.pdf
2026-05-29 18:20:23,639 [INFO] 文本已保存: C:\Users\13765\OneDrive\Desktop\研究生\数据要素\data\extracted\000881_中广核技_2021.md (16799字符)
2026-05-29 18:20:24,047 [INFO] 表格已保存: C:\Users\13765\OneDrive\Desktop\研究生\数据要素\data\extracted\000881_中广核技_2021_tables.json (2个表格)
2026-05-29 18:20:24,047 [INFO] [748/1056] 处理: 000881_中广核技_2022.pdf
2026-05-29 18:20:25,228 [INFO] 文本已保存: C:\Users\13765\OneDrive\Desktop\研究生\数据要素\data\extracted\000881_中广核技_2022.md (25742字符)
2026-05-29 18:20:26,383 [INFO] 表格已保存: C:\Users\13765\OneDrive\Desktop\研究生\数据要素\data\extracted\000881_中广核技_2022_tables.json (35个表格)
2026-05-29 18:20:26,383 [INFO] [749/1056] 处理: 000881_中广核技_2023.pdf
2026-05-29 18:20:36,869 [INFO] 文本已保存: C:\Users\13765\OneDrive\Desktop\研究生\数据要素\data\extracted\000881_中广核技_2023.md (48829字符)
2026-05-29 18:20:47,378 [INFO] 表格已保存: C:\Users\13765\OneDrive\Desktop\研究生\数据要素\data\extracted\000881_中广核技_2023_tables.json (19个表格)
2026-05-29 18:20:47,378 [INFO] [750/1056] 处理: 000881_中广核技_2024.pdf
2026-05-29 18:20:51,839 [INFO] 文本已保存: C:\Users\13765\OneDrive\Desktop\研究生\数据要素\data\extracted\000881_中广核技_2024.md (52585字符)
2026-05-29 18:20:56,209 [INFO] 表格已保存: C:\Users\13765\OneDrive\Desktop\研究生\数据要素\data\extracted\000881_中广核技_2024_tables.json (21个表格)
2026-05-29 18:20:56,209 [INFO] [751/1056] 处理: 000881_中广核技_2025.pdf
2026-05-29 18:21:00,803 [INFO] 文本已保存: C:\Users\13765\OneDrive\Desktop\研究生\数据要素\data\extracted\000881_中广核技_2025.md (65438字符)
2026-05-29 18:21:05,358 [INFO] 表格已保存: C:\Users\13765\OneDrive\Desktop\研究生\数据要素\data\extracted\000881_中广核技_2025_tables.json (18个表格)
2026-05-29 18:21:05,358 [INFO] [752/1056] 处理: 000881_中广核技_2026.pdf
2026-05-29 18:21:11,712 [INFO] 文本已保存: C:\Users\13765\OneDrive\Desktop\研究生\数据要素\data\extracted\000881_中广核技_2026.md (85561字符)
2026-05-29 18:21:17,911 [INFO] 表格已保存: C:\Users\13765\OneDrive\Desktop\研究生\数据要素\data\extracted\000881_中广核技_2026_tables.json (46个表格)
2026-05-29 18:21:17,911 [INFO] [753/1056] 处理: 000883_湖北能源_2019.pdf
2026-05-29 18:21:18,605 [INFO] 文本已保存: C:\Users\13765\OneDrive\Desktop\研究生\数据要素\data\extracted\000883_湖北能源_2019.md (13085字符)
2026-05-29 18:21:19,018 [INFO] 表格已保存: C:\Users\13765\OneDrive\Desktop\研究生\数据要素\data\extracted\000883_湖北能源_2019_tables.json (2个表格)
2026-05-29 18:21:19,019 [INFO] [754/1056] 处理: 000883_湖北能源_2020.pdf
2026-05-29 18:21:19,584 [INFO] 文本已保存: C:\Users\13765\OneDrive\Desktop\研究生\数据要素\data\extracted\000883_湖北能源_2020.md (14432字符)
2026-05-29 18:21:20,045 [INFO] 表格已保存: C:\Users\13765\OneDrive\Desktop\研究生\数据要素\data\extracted\000883_湖北能源_2020_tables.json (4个表格)
2026-05-29 18:21:20,045 [INFO] [755/1056] 处理: 000883_湖北能源_2021.pdf
2026-05-29 18:21:20,732 [INFO] 文本已保存: C:\Users\13765\OneDrive\Desktop\研究生\数据要素\data\extracted\000883_湖北能源_2021.md (17185字符)
2026-05-29 18:21:21,298 [INFO] 表格已保存: C:\Users\13765\OneDrive\Desktop\研究生\数据要素\data\extracted\000883_湖北能源_2021_tables.json (5个表格)
2026-05-29 18:21:21,298 [INFO] [756/1056] 处理: 000883_湖北能源_2022.pdf
2026-05-29 18:21:22,068 [INFO] 文本已保存: C:\Users\13765\OneDrive\Desktop\研究生\数据要素\data\extracted\000883_湖北能源_2022.md (19772字符)
2026-05-29 18:21:22,799 [INFO] 表格已保存: C:\Users\13765\OneDrive\Desktop\研究生\数据要素\data\extracted\000883_湖北能源_2022_tables.json (4个表格)
2026-05-29 18:21:22,799 [INFO] [757/1056] 处理: 000883_湖北能源_2023.pdf
2026-05-29 18:21:23,437 [INFO] 文本已保存: C:\Users\13765\OneDrive\Desktop\研究生\数据要素\data\extracted\000883_湖北能源_2023.md (18221字符)
2026-05-29 18:21:24,160 [INFO] 表格已保存: C:\Users\13765\OneDrive\Desktop\研究生\数据要素\data\extracted\000883_湖北能源_2023_tables.json (6个表格)
2026-05-29 18:21:24,160 [INFO] [758/1056] 处理: 000883_湖北能源_2024.pdf
2026-05-29 18:21:28,596 [INFO] 文本已保存: C:\Users\13765\OneDrive\Desktop\研究生\数据要素\data\extracted\000883_湖北能源_2024.md (67644字符)
2026-05-29 18:21:33,026 [INFO] 表格已保存: C:\Users\13765\OneDrive\Desktop\研究生\数据要素\data\extracted\000883_湖北能源_2024_tables.json (35个表格)
2026-05-29 18:21:33,027 [INFO] [759/1056] 处理: 000883_湖北能源_2025.pdf
2026-05-29 18:21:38,164 [INFO] 文本已保存: C:\Users\13765\OneDrive\Desktop\研究生\数据要素\data\extracted\000883_湖北能源_2025.md (88391字符)
2026-05-29 18:21:42,856 [INFO] 表格已保存: C:\Users\13765\OneDrive\Desktop\研究生\数据要素\data\extracted\000883_湖北能源_2025_tables.json (39个表格)
2026-05-29 18:21:42,856 [INFO] [760/1056] 处理: 000883_湖北能源_2026.pdf
2026-05-29 18:21:47,363 [INFO] 文本已保存: C:\Users\13765\OneDrive\Desktop\研究生\数据要素\data\extracted\000883_湖北能源_2026.md (66708字符)
2026-05-29 18:21:51,646 [INFO] 表格已保存: C:\Users\13765\OneDrive\Desktop\研究生\数据要素\data\extracted\000883_湖北能源_2026_tables.json (39个表格)
2026-05-29 18:21:51,646 [INFO] [761/1056] 处理: 000895_双汇发展_2019.pdf
2026-05-29 18:21:53,754 [INFO] 文本已保存: C:\Users\13765\OneDrive\Desktop\研究生\数据要素\data\extracted\000895_双汇发展_2019.md (47046字符)
2026-05-29 18:21:55,759 [INFO] 表格已保存: C:\Users\13765\OneDrive\Desktop\研究生\数据要素\data\extracted\000895_双汇发展_2019_tables.json (52个表格)
2026-05-29 18:21:55,759 [INFO] [762/1056] 处理: 000895_双汇发展_2020.pdf
2026-05-29 18:21:57,994 [INFO] 文本已保存: C:\Users\13765\OneDrive\Desktop\研究生\数据要素\data\extracted\000895_双汇发展_2020.md (56529字符)
2026-05-29 18:22:00,074 [INFO] 表格已保存: C:\Users\13765\OneDrive\Desktop\研究生\数据要素\data\extracted\000895_双汇发展_2020_tables.json (54个表格)
2026-05-29 18:22:00,074 [INFO] [763/1056] 处理: 000895_双汇发展_2021.pdf
2026-05-29 18:22:02,654 [INFO] 文本已保存: C:\Users\13765\OneDrive\Desktop\研究生\数据要素\data\extracted\000895_双汇发展_2021.md (59092字符)
2026-05-29 18:22:05,200 [INFO] 表格已保存: C:\Users\13765\OneDrive\Desktop\研究生\数据要素\data\extracted\000895_双汇发展_2021_tables.json (72个表格)
2026-05-29 18:22:05,200 [INFO] [764/1056] 处理: 000895_双汇发展_2022.pdf
2026-05-29 18:22:08,067 [INFO] 文本已保存: C:\Users\13765\OneDrive\Desktop\研究生\数据要素\data\extracted\000895_双汇发展_2022.md (66239字符)
2026-05-29 18:22:10,866 [INFO] 表格已保存: C:\Users\13765\OneDrive\Desktop\研究生\数据要素\data\extracted\000895_双汇发展_2022_tables.json (71个表格)
2026-05-29 18:22:10,867 [INFO] [765/1056] 处理: 000895_双汇发展_2023.pdf
2026-05-29 18:22:14,186 [INFO] 文本已保存: C:\Users\13765\OneDrive\Desktop\研究生\数据要素\data\extracted\000895_双汇发展_2023.md (87634字符)
2026-05-29 18:22:17,346 [INFO] 表格已保存: C:\Users\13765\OneDrive\Desktop\研究生\数据要素\data\extracted\000895_双汇发展_2023_tables.json (103个表格)
2026-05-29 18:22:17,346 [INFO] [766/1056] 处理: 000895_双汇发展_2024.pdf
2026-05-29 18:22:21,177 [INFO] 文本已保存: C:\Users\13765\OneDrive\Desktop\研究生\数据要素\data\extracted\000895_双汇发展_2024.md (97042字符)
2026-05-29 18:22:24,967 [INFO] 表格已保存: C:\Users\13765\OneDrive\Desktop\研究生\数据要素\data\extracted\000895_双汇发展_2024_tables.json (127个表格)
2026-05-29 18:22:24,968 [INFO] [767/1056] 处理: 000895_双汇发展_2025.pdf
2026-05-29 18:22:26,568 [INFO] 文本已保存: C:\Users\13765\OneDrive\Desktop\研究生\数据要素\data\extracted\000895_双汇发展_2025.md (38250字符)
2026-05-29 18:22:28,018 [INFO] 表格已保存: C:\Users\13765\OneDrive\Desktop\研究生\数据要素\data\extracted\000895_双汇发展_2025_tables.json (22个表格)
2026-05-29 18:22:28,019 [INFO] [768/1056] 跳过(已存在): 000895_双汇发展_2026.pdf
2026-05-29 18:22:28,019 [INFO] [769/1056] 处理: 000898_鞍钢股份_2019.pdf
2026-05-29 18:22:29,139 [INFO] 文本已保存: C:\Users\13765\OneDrive\Desktop\研究生\数据要素\data\extracted\000898_鞍钢股份_2019.md (33379字符)
2026-05-29 18:22:30,197 [INFO] 表格已保存: C:\Users\13765\OneDrive\Desktop\研究生\数据要素\data\extracted\000898_鞍钢股份_2019_tables.json (8个表格)
2026-05-29 18:22:30,197 [INFO] [770/1056] 处理: 000898_鞍钢股份_2020.pdf
2026-05-29 18:22:31,524 [INFO] 文本已保存: C:\Users\13765\OneDrive\Desktop\研究生\数据要素\data\extracted\000898_鞍钢股份_2020.md (41197字符)
2026-05-29 18:22:32,890 [INFO] 表格已保存: C:\Users\13765\OneDrive\Desktop\研究生\数据要素\data\extracted\000898_鞍钢股份_2020_tables.json (11个表格)
2026-05-29 18:22:32,890 [INFO] [771/1056] 处理: 000898_鞍钢股份_2021.pdf
2026-05-29 18:22:34,094 [INFO] 文本已保存: C:\Users\13765\OneDrive\Desktop\研究生\数据要素\data\extracted\000898_鞍钢股份_2021.md (42657字符)
2026-05-29 18:22:35,278 [INFO] 表格已保存: C:\Users\13765\OneDrive\Desktop\研究生\数据要素\data\extracted\000898_鞍钢股份_2021_tables.json (14个表格)
2026-05-29 18:22:35,278 [INFO] [772/1056] 处理: 000898_鞍钢股份_2022.pdf
2026-05-29 18:22:37,297 [INFO] 文本已保存: C:\Users\13765\OneDrive\Desktop\研究生\数据要素\data\extracted\000898_鞍钢股份_2022.md (46720字符)
2026-05-29 18:22:39,297 [INFO] 表格已保存: C:\Users\13765\OneDrive\Desktop\研究生\数据要素\data\extracted\000898_鞍钢股份_2022_tables.json (21个表格)
2026-05-29 18:22:39,297 [INFO] [773/1056] 处理: 000898_鞍钢股份_2023.pdf
2026-05-29 18:22:41,542 [INFO] 文本已保存: C:\Users\13765\OneDrive\Desktop\研究生\数据要素\data\extracted\000898_鞍钢股份_2023.md (38484字符)
2026-05-29 18:22:43,702 [INFO] 表格已保存: C:\Users\13765\OneDrive\Desktop\研究生\数据要素\data\extracted\000898_鞍钢股份_2023_tables.json (12个表格)
2026-05-29 18:22:43,702 [INFO] [774/1056] 处理: 000898_鞍钢股份_2024.pdf
2026-05-29 18:22:46,565 [INFO] 文本已保存: C:\Users\13765\OneDrive\Desktop\研究生\数据要素\data\extracted\000898_鞍钢股份_2024.md (48807字符)
2026-05-29 18:22:49,414 [INFO] 表格已保存: C:\Users\13765\OneDrive\Desktop\研究生\数据要素\data\extracted\000898_鞍钢股份_2024_tables.json (12个表格)
2026-05-29 18:22:49,414 [INFO] [775/1056] 处理: 000898_鞍钢股份_2025.pdf
2026-05-29 18:22:51,899 [INFO] 文本已保存: C:\Users\13765\OneDrive\Desktop\研究生\数据要素\data\extracted\000898_鞍钢股份_2025.md (62202字符)
2026-05-29 18:22:54,323 [INFO] 表格已保存: C:\Users\13765\OneDrive\Desktop\研究生\数据要素\data\extracted\000898_鞍钢股份_2025_tables.json (56个表格)
2026-05-29 18:22:54,324 [INFO] [776/1056] 处理: 000898_鞍钢股份_2026.pdf
2026-05-29 18:22:58,087 [INFO] 文本已保存: C:\Users\13765\OneDrive\Desktop\研究生\数据要素\data\extracted\000898_鞍钢股份_2026.md (66558字符)
2026-05-29 18:23:01,887 [INFO] 表格已保存: C:\Users\13765\OneDrive\Desktop\研究生\数据要素\data\extracted\000898_鞍钢股份_2026_tables.json (44个表格)
2026-05-29 18:23:01,887 [INFO] [777/1056] 处理: 000917_电广传媒_2019.pdf
2026-05-29 18:23:02,042 [INFO] 文本已保存: C:\Users\13765\OneDrive\Desktop\研究生\数据要素\data\extracted\000917_电广传媒_2019.md (4772字符)
2026-05-29 18:23:02,186 [INFO] 表格已保存: C:\Users\13765\OneDrive\Desktop\研究生\数据要素\data\extracted\000917_电广传媒_2019_tables.json (0个表格)
2026-05-29 18:23:02,186 [INFO] [778/1056] 处理: 000917_电广传媒_2020.pdf
2026-05-29 18:23:02,413 [INFO] 文本已保存: C:\Users\13765\OneDrive\Desktop\研究生\数据要素\data\extracted\000917_电广传媒_2020.md (7119字符)
2026-05-29 18:23:02,632 [INFO] 表格已保存: C:\Users\13765\OneDrive\Desktop\研究生\数据要素\data\extracted\000917_电广传媒_2020_tables.json (0个表格)
2026-05-29 18:23:02,632 [INFO] [779/1056] 处理: 000917_电广传媒_2021.pdf
2026-05-29 18:23:03,184 [INFO] 文本已保存: C:\Users\13765\OneDrive\Desktop\研究生\数据要素\data\extracted\000917_电广传媒_2021.md (11072字符)
2026-05-29 18:23:03,494 [INFO] 表格已保存: C:\Users\13765\OneDrive\Desktop\研究生\数据要素\data\extracted\000917_电广传媒_2021_tables.json (0个表格)
2026-05-29 18:23:03,494 [INFO] [780/1056] 处理: 000917_电广传媒_2022.pdf
2026-05-29 18:23:04,330 [INFO] 文本已保存: C:\Users\13765\OneDrive\Desktop\研究生\数据要素\data\extracted\000917_电广传媒_2022.md (19538字符)
2026-05-29 18:23:04,990 [INFO] 表格已保存: C:\Users\13765\OneDrive\Desktop\研究生\数据要素\data\extracted\000917_电广传媒_2022_tables.json (1个表格)
2026-05-29 18:23:04,990 [INFO] [781/1056] 处理: 000917_电广传媒_2023.pdf
2026-05-29 18:23:08,455 [INFO] 文本已保存: C:\Users\13765\OneDrive\Desktop\研究生\数据要素\data\extracted\000917_电广传媒_2023.md (32089字符)
2026-05-29 18:23:11,829 [INFO] 表格已保存: C:\Users\13765\OneDrive\Desktop\研究生\数据要素\data\extracted\000917_电广传媒_2023_tables.json (6个表格)
2026-05-29 18:23:11,829 [INFO] [782/1056] 处理: 000917_电广传媒_2024.pdf
2026-05-29 18:23:19,781 [INFO] 文本已保存: C:\Users\13765\OneDrive\Desktop\研究生\数据要素\data\extracted\000917_电广传媒_2024.md (39569字符)
2026-05-29 18:23:27,459 [INFO] 表格已保存: C:\Users\13765\OneDrive\Desktop\研究生\数据要素\data\extracted\000917_电广传媒_2024_tables.json (25个表格)
2026-05-29 18:23:27,459 [INFO] [783/1056] 处理: 000917_电广传媒_2025.pdf
2026-05-29 18:23:31,841 [INFO] 文本已保存: C:\Users\13765\OneDrive\Desktop\研究生\数据要素\data\extracted\000917_电广传媒_2025.md (55002字符)
2026-05-29 18:23:35,858 [INFO] 表格已保存: C:\Users\13765\OneDrive\Desktop\研究生\数据要素\data\extracted\000917_电广传媒_2025_tables.json (25个表格)
2026-05-29 18:23:35,858 [INFO] [784/1056] 处理: 000917_电广传媒_2026.pdf
2026-05-29 18:25:02,906 [INFO] 文本已保存: C:\Users\13765\OneDrive\Desktop\研究生\数据要素\data\extracted\000917_电广传媒_2026.md (51732字符)
2026-05-29 18:26:29,143 [INFO] 表格已保存: C:\Users\13765\OneDrive\Desktop\研究生\数据要素\data\extracted\000917_电广传媒_2026_tables.json (12个表格)
2026-05-29 18:26:29,143 [INFO] [785/1056] 处理: 000919_金陵药业_2019.pdf
2026-05-29 18:26:30,019 [INFO] 文本已保存: C:\Users\13765\OneDrive\Desktop\研究生\数据要素\data\extracted\000919_金陵药业_2019.md (17681字符)
2026-05-29 18:26:31,322 [INFO] 表格已保存: C:\Users\13765\OneDrive\Desktop\研究生\数据要素\data\extracted\000919_金陵药业_2019_tables.json (15个表格)
2026-05-29 18:26:31,322 [INFO] [786/1056] 处理: 000919_金陵药业_2020.pdf
2026-05-29 18:26:32,213 [INFO] 文本已保存: C:\Users\13765\OneDrive\Desktop\研究生\数据要素\data\extracted\000919_金陵药业_2020.md (17681字符)
2026-05-29 18:26:33,161 [INFO] 表格已保存: C:\Users\13765\OneDrive\Desktop\研究生\数据要素\data\extracted\000919_金陵药业_2020_tables.json (15个表格)
2026-05-29 18:26:33,161 [INFO] [787/1056] 处理: 000919_金陵药业_2021.pdf
2026-05-29 18:26:34,412 [INFO] 文本已保存: C:\Users\13765\OneDrive\Desktop\研究生\数据要素\data\extracted\000919_金陵药业_2021.md (19217字符)
2026-05-29 18:26:35,708 [INFO] 表格已保存: C:\Users\13765\OneDrive\Desktop\研究生\数据要素\data\extracted\000919_金陵药业_2021_tables.json (7个表格)
2026-05-29 18:26:35,709 [INFO] [788/1056] 处理: 000919_金陵药业_2022.pdf
2026-05-29 18:26:36,930 [INFO] 文本已保存: C:\Users\13765\OneDrive\Desktop\研究生\数据要素\data\extracted\000919_金陵药业_2022.md (16977字符)
2026-05-29 18:26:38,012 [INFO] 表格已保存: C:\Users\13765\OneDrive\Desktop\研究生\数据要素\data\extracted\000919_金陵药业_2022_tables.json (4个表格)
2026-05-29 18:26:38,012 [INFO] [789/1056] 处理: 000919_金陵药业_2023.pdf
2026-05-29 18:26:38,374 [INFO] 文本已保存: C:\Users\13765\OneDrive\Desktop\研究生\数据要素\data\extracted\000919_金陵药业_2023.md (11666字符)
2026-05-29 18:26:38,843 [INFO] 表格已保存: C:\Users\13765\OneDrive\Desktop\研究生\数据要素\data\extracted\000919_金陵药业_2023_tables.json (2个表格)
2026-05-29 18:26:38,844 [INFO] [790/1056] 处理: 000919_金陵药业_2024.pdf
2026-05-29 18:26:39,188 [INFO] 文本已保存: C:\Users\13765\OneDrive\Desktop\研究生\数据要素\data\extracted\000919_金陵药业_2024.md (11987字符)
2026-05-29 18:26:39,506 [INFO] 表格已保存: C:\Users\13765\OneDrive\Desktop\研究生\数据要素\data\extracted\000919_金陵药业_2024_tables.json (2个表格)
2026-05-29 18:26:39,506 [INFO] [791/1056] 处理: 000919_金陵药业_2025.pdf
2026-05-29 18:26:42,442 [INFO] 文本已保存: C:\Users\13765\OneDrive\Desktop\研究生\数据要素\data\extracted\000919_金陵药业_2025.md (41870字符)
2026-05-29 18:26:45,376 [INFO] 表格已保存: C:\Users\13765\OneDrive\Desktop\研究生\数据要素\data\extracted\000919_金陵药业_2025_tables.json (13个表格)
2026-05-29 18:26:45,376 [INFO] [792/1056] 处理: 000919_金陵药业_2026.pdf
2026-05-29 18:26:49,326 [INFO] 文本已保存: C:\Users\13765\OneDrive\Desktop\研究生\数据要素\data\extracted\000919_金陵药业_2026.md (51093字符)
2026-05-29 18:26:53,210 [INFO] 表格已保存: C:\Users\13765\OneDrive\Desktop\研究生\数据要素\data\extracted\000919_金陵药业_2026_tables.json (18个表格)
2026-05-29 18:26:53,210 [INFO] [793/1056] 处理: 000933_神火股份_2019.pdf
2026-05-29 18:26:53,633 [INFO] 文本已保存: C:\Users\13765\OneDrive\Desktop\研究生\数据要素\data\extracted\000933_神火股份_2019.md (7146字符)
2026-05-29 18:26:53,845 [INFO] 表格已保存: C:\Users\13765\OneDrive\Desktop\研究生\数据要素\data\extracted\000933_神火股份_2019_tables.json (2个表格)
2026-05-29 18:26:53,845 [INFO] [794/1056] 处理: 000933_神火股份_2020.pdf
2026-05-29 18:26:54,199 [INFO] 文本已保存: C:\Users\13765\OneDrive\Desktop\研究生\数据要素\data\extracted\000933_神火股份_2020.md (9867字符)
2026-05-29 18:26:54,530 [INFO] 表格已保存: C:\Users\13765\OneDrive\Desktop\研究生\数据要素\data\extracted\000933_神火股份_2020_tables.json (2个表格)
2026-05-29 18:26:54,531 [INFO] [795/1056] 处理: 000933_神火股份_2021.pdf
2026-05-29 18:26:55,168 [INFO] 文本已保存: C:\Users\13765\OneDrive\Desktop\研究生\数据要素\data\extracted\000933_神火股份_2021.md (11430字符)
2026-05-29 18:26:55,658 [INFO] 表格已保存: C:\Users\13765\OneDrive\Desktop\研究生\数据要素\data\extracted\000933_神火股份_2021_tables.json (0个表格)
2026-05-29 18:26:55,658 [INFO] [796/1056] 处理: 000933_神火股份_2022.pdf
2026-05-29 18:26:56,378 [INFO] 文本已保存: C:\Users\13765\OneDrive\Desktop\研究生\数据要素\data\extracted\000933_神火股份_2022.md (15288字符)
2026-05-29 18:26:56,993 [INFO] 表格已保存: C:\Users\13765\OneDrive\Desktop\研究生\数据要素\data\extracted\000933_神火股份_2022_tables.json (2个表格)
2026-05-29 18:26:56,993 [INFO] [797/1056] 处理: 000933_神火股份_2023.pdf
2026-05-29 18:26:57,964 [INFO] 文本已保存: C:\Users\13765\OneDrive\Desktop\研究生\数据要素\data\extracted\000933_神火股份_2023.md (17395字符)
2026-05-29 18:26:58,886 [INFO] 表格已保存: C:\Users\13765\OneDrive\Desktop\研究生\数据要素\data\extracted\000933_神火股份_2023_tables.json (4个表格)
2026-05-29 18:26:58,886 [INFO] [798/1056] 处理: 000933_神火股份_2024.pdf
2026-05-29 18:27:02,316 [INFO] 文本已保存: C:\Users\13765\OneDrive\Desktop\研究生\数据要素\data\extracted\000933_神火股份_2024.md (9972字符)
2026-05-29 18:27:05,685 [INFO] 表格已保存: C:\Users\13765\OneDrive\Desktop\研究生\数据要素\data\extracted\000933_神火股份_2024_tables.json (0个表格)
2026-05-29 18:27:05,686 [INFO] [799/1056] 处理: 000933_神火股份_2025.pdf
2026-05-29 18:27:07,132 [INFO] 文本已保存: C:\Users\13765\OneDrive\Desktop\研究生\数据要素\data\extracted\000933_神火股份_2025.md (14271字符)
2026-05-29 18:27:08,481 [INFO] 表格已保存: C:\Users\13765\OneDrive\Desktop\研究生\数据要素\data\extracted\000933_神火股份_2025_tables.json (3个表格)
2026-05-29 18:27:08,482 [INFO] [800/1056] 处理: 000933_神火股份_2026.pdf
2026-05-29 18:27:09,779 [INFO] 文本已保存: C:\Users\13765\OneDrive\Desktop\研究生\数据要素\data\extracted\000933_神火股份_2026.md (15633字符)
2026-05-29 18:27:11,054 [INFO] 表格已保存: C:\Users\13765\OneDrive\Desktop\研究生\数据要素\data\extracted\000933_神火股份_2026_tables.json (3个表格)
2026-05-29 18:27:11,054 [INFO] [801/1056] 处理: 000937_冀中能源_2019.pdf
2026-05-29 18:27:11,168 [INFO] 文本已保存: C:\Users\13765\OneDrive\Desktop\研究生\数据要素\data\extracted\000937_冀中能源_2019.md (703字符)
2026-05-29 18:27:11,232 [INFO] 表格已保存: C:\Users\13765\OneDrive\Desktop\研究生\数据要素\data\extracted\000937_冀中能源_2019_tables.json (0个表格)
2026-05-29 18:27:11,232 [INFO] [802/1056] 处理: 000937_冀中能源_2020.pdf
2026-05-29 18:27:11,330 [INFO] 文本已保存: C:\Users\13765\OneDrive\Desktop\研究生\数据要素\data\extracted\000937_冀中能源_2020.md (843字符)
2026-05-29 18:27:11,408 [INFO] 表格已保存: C:\Users\13765\OneDrive\Desktop\研究生\数据要素\data\extracted\000937_冀中能源_2020_tables.json (0个表格)
2026-05-29 18:27:11,408 [INFO] [803/1056] 处理: 000937_冀中能源_2021.pdf
2026-05-29 18:27:11,470 [INFO] 文本已保存: C:\Users\13765\OneDrive\Desktop\研究生\数据要素\data\extracted\000937_冀中能源_2021.md (801字符)
2026-05-29 18:27:11,516 [INFO] 表格已保存: C:\Users\13765\OneDrive\Desktop\研究生\数据要素\data\extracted\000937_冀中能源_2021_tables.json (0个表格)
2026-05-29 18:27:11,516 [INFO] [804/1056] 处理: 000937_冀中能源_2022.pdf
2026-05-29 18:27:12,612 [INFO] 文本已保存: C:\Users\13765\OneDrive\Desktop\研究生\数据要素\data\extracted\000937_冀中能源_2022.md (23046字符)
2026-05-29 18:27:13,677 [INFO] 表格已保存: C:\Users\13765\OneDrive\Desktop\研究生\数据要素\data\extracted\000937_冀中能源_2022_tables.json (20个表格)
2026-05-29 18:27:13,677 [INFO] [805/1056] 处理: 000937_冀中能源_2023.pdf
2026-05-29 18:27:13,750 [INFO] 文本已保存: C:\Users\13765\OneDrive\Desktop\研究生\数据要素\data\extracted\000937_冀中能源_2023.md (927字符)
2026-05-29 18:27:13,797 [INFO] 表格已保存: C:\Users\13765\OneDrive\Desktop\研究生\数据要素\data\extracted\000937_冀中能源_2023_tables.json (0个表格)
2026-05-29 18:27:13,797 [INFO] [806/1056] 处理: 000937_冀中能源_2024.pdf
2026-05-29 18:27:16,305 [INFO] 文本已保存: C:\Users\13765\OneDrive\Desktop\研究生\数据要素\data\extracted\000937_冀中能源_2024.md (68514字符)
2026-05-29 18:27:18,712 [INFO] 表格已保存: C:\Users\13765\OneDrive\Desktop\研究生\数据要素\data\extracted\000937_冀中能源_2024_tables.json (35个表格)
2026-05-29 18:27:18,712 [INFO] [807/1056] 处理: 000937_冀中能源_2025.pdf
2026-05-29 18:27:29,007 [INFO] 文本已保存: C:\Users\13765\OneDrive\Desktop\研究生\数据要素\data\extracted\000937_冀中能源_2025.md (50214字符)
2026-05-29 18:27:39,265 [INFO] 表格已保存: C:\Users\13765\OneDrive\Desktop\研究生\数据要素\data\extracted\000937_冀中能源_2025_tables.json (40个表格)
2026-05-29 18:27:39,266 [INFO] [808/1056] 处理: 000937_冀中能源_2026.pdf
2026-05-29 18:27:43,468 [INFO] 文本已保存: C:\Users\13765\OneDrive\Desktop\研究生\数据要素\data\extracted\000937_冀中能源_2026.md (56370字符)
2026-05-29 18:27:47,494 [INFO] 表格已保存: C:\Users\13765\OneDrive\Desktop\研究生\数据要素\data\extracted\000937_冀中能源_2026_tables.json (41个表格)
2026-05-29 18:27:47,495 [INFO] [809/1056] 处理: 000938_紫光股份_2019.pdf
2026-05-29 18:27:48,041 [INFO] 文本已保存: C:\Users\13765\OneDrive\Desktop\研究生\数据要素\data\extracted\000938_紫光股份_2019.md (17618字符)
2026-05-29 18:27:48,810 [INFO] 表格已保存: C:\Users\13765\OneDrive\Desktop\研究生\数据要素\data\extracted\000938_紫光股份_2019_tables.json (1个表格)
2026-05-29 18:27:48,810 [INFO] [810/1056] 处理: 000938_紫光股份_2020.pdf
2026-05-29 18:27:49,392 [INFO] 文本已保存: C:\Users\13765\OneDrive\Desktop\研究生\数据要素\data\extracted\000938_紫光股份_2020.md (17561字符)
2026-05-29 18:27:50,048 [INFO] 表格已保存: C:\Users\13765\OneDrive\Desktop\研究生\数据要素\data\extracted\000938_紫光股份_2020_tables.json (1个表格)
2026-05-29 18:27:50,048 [INFO] [811/1056] 处理: 000938_紫光股份_2021.pdf
2026-05-29 18:27:50,743 [INFO] 文本已保存: C:\Users\13765\OneDrive\Desktop\研究生\数据要素\data\extracted\000938_紫光股份_2021.md (19940字符)
2026-05-29 18:27:51,322 [INFO] 表格已保存: C:\Users\13765\OneDrive\Desktop\研究生\数据要素\data\extracted\000938_紫光股份_2021_tables.json (1个表格)
2026-05-29 18:27:51,322 [INFO] [812/1056] 处理: 000938_紫光股份_2022.pdf
2026-05-29 18:27:52,064 [INFO] 文本已保存: C:\Users\13765\OneDrive\Desktop\研究生\数据要素\data\extracted\000938_紫光股份_2022.md (20401字符)
2026-05-29 18:27:52,776 [INFO] 表格已保存: C:\Users\13765\OneDrive\Desktop\研究生\数据要素\data\extracted\000938_紫光股份_2022_tables.json (1个表格)
2026-05-29 18:27:52,776 [INFO] [813/1056] 处理: 000938_紫光股份_2023.pdf
2026-05-29 18:27:53,729 [INFO] 文本已保存: C:\Users\13765\OneDrive\Desktop\研究生\数据要素\data\extracted\000938_紫光股份_2023.md (21636字符)
2026-05-29 18:27:54,768 [INFO] 表格已保存: C:\Users\13765\OneDrive\Desktop\研究生\数据要素\data\extracted\000938_紫光股份_2023_tables.json (0个表格)
2026-05-29 18:27:54,768 [INFO] [814/1056] 处理: 000938_紫光股份_2024.pdf
2026-05-29 18:27:55,816 [INFO] 文本已保存: C:\Users\13765\OneDrive\Desktop\研究生\数据要素\data\extracted\000938_紫光股份_2024.md (22114字符)
2026-05-29 18:27:56,725 [INFO] 表格已保存: C:\Users\13765\OneDrive\Desktop\研究生\数据要素\data\extracted\000938_紫光股份_2024_tables.json (0个表格)
2026-05-29 18:27:56,725 [INFO] [815/1056] 处理: 000938_紫光股份_2025.pdf
2026-05-29 18:27:57,782 [INFO] 文本已保存: C:\Users\13765\OneDrive\Desktop\研究生\数据要素\data\extracted\000938_紫光股份_2025.md (21618字符)
2026-05-29 18:27:58,749 [INFO] 表格已保存: C:\Users\13765\OneDrive\Desktop\研究生\数据要素\data\extracted\000938_紫光股份_2025_tables.json (1个表格)
2026-05-29 18:27:58,749 [INFO] [816/1056] 处理: 000938_紫光股份_2026.pdf
2026-05-29 18:28:02,478 [INFO] 文本已保存: C:\Users\13765\OneDrive\Desktop\研究生\数据要素\data\extracted\000938_紫光股份_2026.md (87891字符)
2026-05-29 18:28:06,088 [INFO] 表格已保存: C:\Users\13765\OneDrive\Desktop\研究生\数据要素\data\extracted\000938_紫光股份_2026_tables.json (79个表格)
2026-05-29 18:28:06,088 [INFO] [817/1056] 处理: 000950_重药控股_2019.pdf
2026-05-29 18:28:10,841 [INFO] 文本已保存: C:\Users\13765\OneDrive\Desktop\研究生\数据要素\data\extracted\000950_重药控股_2019.md (42919字符)
2026-05-29 18:28:15,639 [INFO] 表格已保存: C:\Users\13765\OneDrive\Desktop\研究生\数据要素\data\extracted\000950_重药控股_2019_tables.json (22个表格)
2026-05-29 18:28:15,639 [INFO] [818/1056] 处理: 000950_重药控股_2020.pdf
2026-05-29 18:28:15,751 [INFO] 文本已保存: C:\Users\13765\OneDrive\Desktop\研究生\数据要素\data\extracted\000950_重药控股_2020.md (493字符)
2026-05-29 18:28:15,837 [INFO] 表格已保存: C:\Users\13765\OneDrive\Desktop\研究生\数据要素\data\extracted\000950_重药控股_2020_tables.json (0个表格)
2026-05-29 18:28:15,837 [INFO] [819/1056] 处理: 000950_重药控股_2021.pdf
2026-05-29 18:28:15,910 [INFO] 文本已保存: C:\Users\13765\OneDrive\Desktop\研究生\数据要素\data\extracted\000950_重药控股_2021.md (507字符)
2026-05-29 18:28:15,960 [INFO] 表格已保存: C:\Users\13765\OneDrive\Desktop\研究生\数据要素\data\extracted\000950_重药控股_2021_tables.json (0个表格)
2026-05-29 18:28:15,960 [INFO] [820/1056] 处理: 000950_重药控股_2022.pdf
2026-05-29 18:28:31,716 [INFO] 文本已保存: C:\Users\13765\OneDrive\Desktop\研究生\数据要素\data\extracted\000950_重药控股_2022.md (50591字符)
2026-05-29 18:28:47,187 [INFO] 表格已保存: C:\Users\13765\OneDrive\Desktop\研究生\数据要素\data\extracted\000950_重药控股_2022_tables.json (11个表格)
2026-05-29 18:28:47,187 [INFO] [821/1056] 处理: 000950_重药控股_2023.pdf
2026-05-29 18:28:53,122 [INFO] 文本已保存: C:\Users\13765\OneDrive\Desktop\研究生\数据要素\data\extracted\000950_重药控股_2023.md (91977字符)
2026-05-29 18:28:58,546 [INFO] 表格已保存: C:\Users\13765\OneDrive\Desktop\研究生\数据要素\data\extracted\000950_重药控股_2023_tables.json (68个表格)
2026-05-29 18:28:58,546 [INFO] [822/1056] 处理: 000950_重药控股_2024.pdf
2026-05-29 18:28:58,657 [INFO] 文本已保存: C:\Users\13765\OneDrive\Desktop\研究生\数据要素\data\extracted\000950_重药控股_2024.md (577字符)
2026-05-29 18:28:58,739 [INFO] 表格已保存: C:\Users\13765\OneDrive\Desktop\研究生\数据要素\data\extracted\000950_重药控股_2024_tables.json (0个表格)
2026-05-29 18:28:58,739 [INFO] [823/1056] 处理: 000950_重药控股_2025.pdf
2026-05-29 18:29:04,053 [INFO] 文本已保存: C:\Users\13765\OneDrive\Desktop\研究生\数据要素\data\extracted\000950_重药控股_2025.md (71500字符)
2026-05-29 18:29:09,271 [INFO] 表格已保存: C:\Users\13765\OneDrive\Desktop\研究生\数据要素\data\extracted\000950_重药控股_2025_tables.json (38个表格)
2026-05-29 18:29:09,271 [INFO] [824/1056] 处理: 000950_重药控股_2026.pdf
2026-05-29 18:29:12,000 [INFO] 文本已保存: C:\Users\13765\OneDrive\Desktop\研究生\数据要素\data\extracted\000950_重药控股_2026.md (103243字符)
2026-05-29 18:29:14,416 [INFO] 表格已保存: C:\Users\13765\OneDrive\Desktop\研究生\数据要素\data\extracted\000950_重药控股_2026_tables.json (47个表格)
2026-05-29 18:29:14,416 [INFO] [825/1056] 处理: 000959_首钢股份_2019.pdf
2026-05-29 18:29:15,348 [INFO] 文本已保存: C:\Users\13765\OneDrive\Desktop\研究生\数据要素\data\extracted\000959_首钢股份_2019.md (22784字符)
2026-05-29 18:29:16,071 [INFO] 表格已保存: C:\Users\13765\OneDrive\Desktop\研究生\数据要素\data\extracted\000959_首钢股份_2019_tables.json (6个表格)
2026-05-29 18:29:16,071 [INFO] [826/1056] 处理: 000959_首钢股份_2020.pdf
2026-05-29 18:29:16,959 [INFO] 文本已保存: C:\Users\13765\OneDrive\Desktop\研究生\数据要素\data\extracted\000959_首钢股份_2020.md (22784字符)
2026-05-29 18:29:17,776 [INFO] 表格已保存: C:\Users\13765\OneDrive\Desktop\研究生\数据要素\data\extracted\000959_首钢股份_2020_tables.json (6个表格)
2026-05-29 18:29:17,777 [INFO] [827/1056] 处理: 000959_首钢股份_2021.pdf
2026-05-29 18:29:18,709 [INFO] 文本已保存: C:\Users\13765\OneDrive\Desktop\研究生\数据要素\data\extracted\000959_首钢股份_2021.md (23982字符)
2026-05-29 18:29:19,509 [INFO] 表格已保存: C:\Users\13765\OneDrive\Desktop\研究生\数据要素\data\extracted\000959_首钢股份_2021_tables.json (6个表格)
2026-05-29 18:29:19,509 [INFO] [828/1056] 处理: 000959_首钢股份_2022.pdf
2026-05-29 18:29:20,640 [INFO] 文本已保存: C:\Users\13765\OneDrive\Desktop\研究生\数据要素\data\extracted\000959_首钢股份_2022.md (33514字符)
2026-05-29 18:29:21,701 [INFO] 表格已保存: C:\Users\13765\OneDrive\Desktop\研究生\数据要素\data\extracted\000959_首钢股份_2022_tables.json (6个表格)
2026-05-29 18:29:21,701 [INFO] [829/1056] 处理: 000959_首钢股份_2023.pdf
2026-05-29 18:29:23,267 [WARNING] Cannot set non-stroke color: 2 components specified, but only 1 (grayscale), 3 (RGB), and 4 (CMYK) are supported
2026-05-29 18:29:29,960 [INFO] 文本已保存: C:\Users\13765\OneDrive\Desktop\研究生\数据要素\data\extracted\000959_首钢股份_2023.md (129665字符)
2026-05-29 18:29:31,675 [WARNING] Cannot set non-stroke color: 2 components specified, but only 1 (grayscale), 3 (RGB), and 4 (CMYK) are supported
2026-05-29 18:29:37,936 [INFO] 表格已保存: C:\Users\13765\OneDrive\Desktop\研究生\数据要素\data\extracted\000959_首钢股份_2023_tables.json (59个表格)
2026-05-29 18:29:37,936 [INFO] [830/1056] 处理: 000959_首钢股份_2024.pdf
2026-05-29 18:30:12,108 [INFO] 文本已保存: C:\Users\13765\OneDrive\Desktop\研究生\数据要素\data\extracted\000959_首钢股份_2024.md (128588字符)
2026-05-29 18:30:46,660 [INFO] 表格已保存: C:\Users\13765\OneDrive\Desktop\研究生\数据要素\data\extracted\000959_首钢股份_2024_tables.json (43个表格)
2026-05-29 18:30:46,661 [INFO] [831/1056] 处理: 000959_首钢股份_2025.pdf
2026-05-29 18:30:58,007 [INFO] 文本已保存: C:\Users\13765\OneDrive\Desktop\研究生\数据要素\data\extracted\000959_首钢股份_2025.md (177985字符)
2026-05-29 18:31:08,443 [INFO] 表格已保存: C:\Users\13765\OneDrive\Desktop\研究生\数据要素\data\extracted\000959_首钢股份_2025_tables.json (47个表格)
2026-05-29 18:31:08,444 [INFO] [832/1056] 处理: 000959_首钢股份_2026.pdf
2026-05-29 18:31:34,131 [INFO] 文本已保存: C:\Users\13765\OneDrive\Desktop\研究生\数据要素\data\extracted\000959_首钢股份_2026.md (174773字符)
2026-05-29 18:31:59,432 [INFO] 表格已保存: C:\Users\13765\OneDrive\Desktop\研究生\数据要素\data\extracted\000959_首钢股份_2026_tables.json (82个表格)
2026-05-29 18:31:59,432 [INFO] [833/1056] 处理: 000960_锡业股份_2019.pdf
2026-05-29 18:32:24,180 [INFO] 文本已保存: C:\Users\13765\OneDrive\Desktop\研究生\数据要素\data\extracted\000960_锡业股份_2019.md (1372字符)
2026-05-29 18:32:49,884 [INFO] 表格已保存: C:\Users\13765\OneDrive\Desktop\研究生\数据要素\data\extracted\000960_锡业股份_2019_tables.json (0个表格)
2026-05-29 18:32:49,884 [INFO] [834/1056] 处理: 000960_锡业股份_2020.pdf
2026-05-29 18:32:51,758 [INFO] 文本已保存: C:\Users\13765\OneDrive\Desktop\研究生\数据要素\data\extracted\000960_锡业股份_2020.md (33076字符)
2026-05-29 18:32:54,499 [INFO] 表格已保存: C:\Users\13765\OneDrive\Desktop\研究生\数据要素\data\extracted\000960_锡业股份_2020_tables.json (9个表格)
2026-05-29 18:32:54,499 [INFO] [835/1056] 处理: 000960_锡业股份_2021.pdf
2026-05-29 18:32:56,584 [INFO] 文本已保存: C:\Users\13765\OneDrive\Desktop\研究生\数据要素\data\extracted\000960_锡业股份_2021.md (26296字符)
2026-05-29 18:32:58,561 [INFO] 表格已保存: C:\Users\13765\OneDrive\Desktop\研究生\数据要素\data\extracted\000960_锡业股份_2021_tables.json (11个表格)
2026-05-29 18:32:58,561 [INFO] [836/1056] 处理: 000960_锡业股份_2022.pdf
2026-05-29 18:33:53,008 [INFO] 文本已保存: C:\Users\13765\OneDrive\Desktop\研究生\数据要素\data\extracted\000960_锡业股份_2022.md (919字符)
2026-05-29 18:34:48,813 [INFO] 表格已保存: C:\Users\13765\OneDrive\Desktop\研究生\数据要素\data\extracted\000960_锡业股份_2022_tables.json (0个表格)
2026-05-29 18:34:48,813 [INFO] [837/1056] 处理: 000960_锡业股份_2023.pdf
2026-05-29 18:34:54,492 [INFO] 文本已保存: C:\Users\13765\OneDrive\Desktop\研究生\数据要素\data\extracted\000960_锡业股份_2023.md (51399字符)
2026-05-29 18:35:02,321 [INFO] 表格已保存: C:\Users\13765\OneDrive\Desktop\研究生\数据要素\data\extracted\000960_锡业股份_2023_tables.json (25个表格)
2026-05-29 18:35:02,322 [INFO] [838/1056] 处理: 000960_锡业股份_2024.pdf
2026-05-29 18:35:08,047 [INFO] 文本已保存: C:\Users\13765\OneDrive\Desktop\研究生\数据要素\data\extracted\000960_锡业股份_2024.md (92714字符)
2026-05-29 18:35:13,632 [INFO] 表格已保存: C:\Users\13765\OneDrive\Desktop\研究生\数据要素\data\extracted\000960_锡业股份_2024_tables.json (19个表格)
2026-05-29 18:35:13,633 [INFO] [839/1056] 处理: 000960_锡业股份_2025.pdf
2026-05-29 18:35:21,923 [INFO] 文本已保存: C:\Users\13765\OneDrive\Desktop\研究生\数据要素\data\extracted\000960_锡业股份_2025.md (81092字符)
2026-05-29 18:35:30,122 [INFO] 表格已保存: C:\Users\13765\OneDrive\Desktop\研究生\数据要素\data\extracted\000960_锡业股份_2025_tables.json (33个表格)
2026-05-29 18:35:30,122 [INFO] [840/1056] 处理: 000960_锡业股份_2026.pdf
2026-05-29 18:35:36,020 [INFO] 文本已保存: C:\Users\13765\OneDrive\Desktop\研究生\数据要素\data\extracted\000960_锡业股份_2026.md (83773字符)
2026-05-29 18:35:41,528 [INFO] 表格已保存: C:\Users\13765\OneDrive\Desktop\研究生\数据要素\data\extracted\000960_锡业股份_2026_tables.json (71个表格)
2026-05-29 18:35:41,528 [INFO] [841/1056] 处理: 000962_东方钽业_2019.pdf
2026-05-29 18:35:42,007 [INFO] 文本已保存: C:\Users\13765\OneDrive\Desktop\研究生\数据要素\data\extracted\000962_东方钽业_2019.md (15779字符)
2026-05-29 18:35:42,708 [INFO] 表格已保存: C:\Users\13765\OneDrive\Desktop\研究生\数据要素\data\extracted\000962_东方钽业_2019_tables.json (2个表格)
2026-05-29 18:35:42,708 [INFO] [842/1056] 处理: 000962_东方钽业_2020.pdf
2026-05-29 18:35:43,161 [INFO] 文本已保存: C:\Users\13765\OneDrive\Desktop\研究生\数据要素\data\extracted\000962_东方钽业_2020.md (16071字符)
2026-05-29 18:35:43,682 [INFO] 表格已保存: C:\Users\13765\OneDrive\Desktop\研究生\数据要素\data\extracted\000962_东方钽业_2020_tables.json (2个表格)
2026-05-29 18:35:43,683 [INFO] [843/1056] 处理: 000962_东方钽业_2021.pdf
2026-05-29 18:35:44,094 [INFO] 文本已保存: C:\Users\13765\OneDrive\Desktop\研究生\数据要素\data\extracted\000962_东方钽业_2021.md (14193字符)
2026-05-29 18:35:44,581 [INFO] 表格已保存: C:\Users\13765\OneDrive\Desktop\研究生\数据要素\data\extracted\000962_东方钽业_2021_tables.json (2个表格)
2026-05-29 18:35:44,581 [INFO] [844/1056] 处理: 000962_东方钽业_2022.pdf
2026-05-29 18:35:44,999 [INFO] 文本已保存: C:\Users\13765\OneDrive\Desktop\研究生\数据要素\data\extracted\000962_东方钽业_2022.md (15091字符)
2026-05-29 18:35:45,398 [INFO] 表格已保存: C:\Users\13765\OneDrive\Desktop\研究生\数据要素\data\extracted\000962_东方钽业_2022_tables.json (3个表格)
2026-05-29 18:35:45,398 [INFO] [845/1056] 处理: 000962_东方钽业_2023.pdf
2026-05-29 18:36:01,726 [INFO] 文本已保存: C:\Users\13765\OneDrive\Desktop\研究生\数据要素\data\extracted\000962_东方钽业_2023.md (31271字符)
2026-05-29 18:36:18,332 [INFO] 表格已保存: C:\Users\13765\OneDrive\Desktop\研究生\数据要素\data\extracted\000962_东方钽业_2023_tables.json (17个表格)
2026-05-29 18:36:18,332 [INFO] [846/1056] 处理: 000962_东方钽业_2024.pdf
2026-05-29 18:36:21,403 [INFO] 文本已保存: C:\Users\13765\OneDrive\Desktop\研究生\数据要素\data\extracted\000962_东方钽业_2024.md (45300字符)
2026-05-29 18:36:24,073 [INFO] 表格已保存: C:\Users\13765\OneDrive\Desktop\研究生\数据要素\data\extracted\000962_东方钽业_2024_tables.json (27个表格)
2026-05-29 18:36:24,073 [INFO] [847/1056] 处理: 000962_东方钽业_2025.pdf
2026-05-29 18:36:28,418 [INFO] 文本已保存: C:\Users\13765\OneDrive\Desktop\研究生\数据要素\data\extracted\000962_东方钽业_2025.md (49424字符)
2026-05-29 18:36:32,717 [INFO] 表格已保存: C:\Users\13765\OneDrive\Desktop\研究生\数据要素\data\extracted\000962_东方钽业_2025_tables.json (25个表格)
2026-05-29 18:36:32,717 [INFO] [848/1056] 处理: 000962_东方钽业_2026.pdf
2026-05-29 18:36:34,438 [INFO] 文本已保存: C:\Users\13765\OneDrive\Desktop\研究生\数据要素\data\extracted\000962_东方钽业_2026.md (41726字符)
2026-05-29 18:36:35,964 [INFO] 表格已保存: C:\Users\13765\OneDrive\Desktop\研究生\数据要素\data\extracted\000962_东方钽业_2026_tables.json (29个表格)
2026-05-29 18:36:35,965 [INFO] [849/1056] 处理: 000963_华东医药_2019.pdf
2026-05-29 18:36:46,016 [INFO] 文本已保存: C:\Users\13765\OneDrive\Desktop\研究生\数据要素\data\extracted\000963_华东医药_2019.md (57011字符)
2026-05-29 18:36:56,315 [INFO] 表格已保存: C:\Users\13765\OneDrive\Desktop\研究生\数据要素\data\extracted\000963_华东医药_2019_tables.json (15个表格)
2026-05-29 18:36:56,315 [INFO] [850/1056] 处理: 000963_华东医药_2020.pdf
2026-05-29 18:37:21,014 [INFO] 文本已保存: C:\Users\13765\OneDrive\Desktop\研究生\数据要素\data\extracted\000963_华东医药_2020.md (27910字符)
2026-05-29 18:37:45,455 [INFO] 表格已保存: C:\Users\13765\OneDrive\Desktop\研究生\数据要素\data\extracted\000963_华东医药_2020_tables.json (4个表格)
2026-05-29 18:37:45,455 [INFO] [851/1056] 处理: 000963_华东医药_2021.pdf
2026-05-29 18:38:09,862 [INFO] 文本已保存: C:\Users\13765\OneDrive\Desktop\研究生\数据要素\data\extracted\000963_华东医药_2021.md (38702字符)
2026-05-29 18:38:33,390 [INFO] 表格已保存: C:\Users\13765\OneDrive\Desktop\研究生\数据要素\data\extracted\000963_华东医药_2021_tables.json (3个表格)
2026-05-29 18:38:33,391 [INFO] [852/1056] 处理: 000963_华东医药_2022.pdf
2026-05-29 18:38:51,797 [INFO] 文本已保存: C:\Users\13765\OneDrive\Desktop\研究生\数据要素\data\extracted\000963_华东医药_2022.md (45312字符)
2026-05-29 18:39:10,334 [INFO] 表格已保存: C:\Users\13765\OneDrive\Desktop\研究生\数据要素\data\extracted\000963_华东医药_2022_tables.json (5个表格)
2026-05-29 18:39:10,335 [INFO] [853/1056] 处理: 000963_华东医药_2023.pdf
2026-05-29 18:39:43,272 [INFO] 文本已保存: C:\Users\13765\OneDrive\Desktop\研究生\数据要素\data\extracted\000963_华东医药_2023.md (42883字符)
2026-05-29 18:40:16,444 [INFO] 表格已保存: C:\Users\13765\OneDrive\Desktop\研究生\数据要素\data\extracted\000963_华东医药_2023_tables.json (4个表格)
2026-05-29 18:40:16,444 [INFO] [854/1056] 处理: 000963_华东医药_2024.pdf
2026-05-29 18:40:24,508 [INFO] 文本已保存: C:\Users\13765\OneDrive\Desktop\研究生\数据要素\data\extracted\000963_华东医药_2024.md (72377字符)
2026-05-29 18:40:32,086 [INFO] 表格已保存: C:\Users\13765\OneDrive\Desktop\研究生\数据要素\data\extracted\000963_华东医药_2024_tables.json (39个表格)
2026-05-29 18:40:32,086 [INFO] [855/1056] 处理: 000963_华东医药_2025.pdf
2026-05-29 18:41:21,929 [INFO] 文本已保存: C:\Users\13765\OneDrive\Desktop\研究生\数据要素\data\extracted\000963_华东医药_2025.md (92438字符)
2026-05-29 18:42:12,336 [INFO] 表格已保存: C:\Users\13765\OneDrive\Desktop\研究生\数据要素\data\extracted\000963_华东医药_2025_tables.json (31个表格)
2026-05-29 18:42:12,336 [INFO] [856/1056] 跳过(已存在): 000963_华东医药_2026.pdf
2026-05-29 18:42:12,336 [INFO] [857/1056] 处理: 000968_蓝焰控股_2019.pdf
2026-05-29 18:42:12,548 [INFO] 文本已保存: C:\Users\13765\OneDrive\Desktop\研究生\数据要素\data\extracted\000968_蓝焰控股_2019.md (6814字符)
2026-05-29 18:42:12,747 [INFO] 表格已保存: C:\Users\13765\OneDrive\Desktop\研究生\数据要素\data\extracted\000968_蓝焰控股_2019_tables.json (0个表格)
2026-05-29 18:42:12,747 [INFO] [858/1056] 处理: 000968_蓝焰控股_2020.pdf
2026-05-29 18:42:12,966 [INFO] 文本已保存: C:\Users\13765\OneDrive\Desktop\研究生\数据要素\data\extracted\000968_蓝焰控股_2020.md (7102字符)
2026-05-29 18:42:13,174 [INFO] 表格已保存: C:\Users\13765\OneDrive\Desktop\研究生\数据要素\data\extracted\000968_蓝焰控股_2020_tables.json (0个表格)
2026-05-29 18:42:13,175 [INFO] [859/1056] 处理: 000968_蓝焰控股_2021.pdf
2026-05-29 18:42:14,983 [INFO] 文本已保存: C:\Users\13765\OneDrive\Desktop\研究生\数据要素\data\extracted\000968_蓝焰控股_2021.md (7042字符)
2026-05-29 18:42:15,191 [INFO] 表格已保存: C:\Users\13765\OneDrive\Desktop\研究生\数据要素\data\extracted\000968_蓝焰控股_2021_tables.json (0个表格)
2026-05-29 18:42:15,191 [INFO] [860/1056] 处理: 000968_蓝焰控股_2022.pdf
2026-05-29 18:42:15,354 [INFO] 文本已保存: C:\Users\13765\OneDrive\Desktop\研究生\数据要素\data\extracted\000968_蓝焰控股_2022.md (5344字符)
2026-05-29 18:42:15,501 [INFO] 表格已保存: C:\Users\13765\OneDrive\Desktop\研究生\数据要素\data\extracted\000968_蓝焰控股_2022_tables.json (0个表格)
2026-05-29 18:42:15,501 [INFO] [861/1056] 处理: 000968_蓝焰控股_2023.pdf
2026-05-29 18:42:15,686 [INFO] 文本已保存: C:\Users\13765\OneDrive\Desktop\研究生\数据要素\data\extracted\000968_蓝焰控股_2023.md (4753字符)
2026-05-29 18:42:15,862 [INFO] 表格已保存: C:\Users\13765\OneDrive\Desktop\研究生\数据要素\data\extracted\000968_蓝焰控股_2023_tables.json (0个表格)
2026-05-29 18:42:15,863 [INFO] [862/1056] 处理: 000968_蓝焰控股_2024.pdf
2026-05-29 18:42:16,158 [INFO] 文本已保存: C:\Users\13765\OneDrive\Desktop\研究生\数据要素\data\extracted\000968_蓝焰控股_2024.md (5299字符)
2026-05-29 18:42:16,340 [INFO] 表格已保存: C:\Users\13765\OneDrive\Desktop\研究生\数据要素\data\extracted\000968_蓝焰控股_2024_tables.json (0个表格)
2026-05-29 18:42:16,341 [INFO] [863/1056] 处理: 000968_蓝焰控股_2025.pdf
2026-05-29 18:42:22,931 [INFO] 文本已保存: C:\Users\13765\OneDrive\Desktop\研究生\数据要素\data\extracted\000968_蓝焰控股_2025.md (65518字符)
2026-05-29 18:42:29,670 [INFO] 表格已保存: C:\Users\13765\OneDrive\Desktop\研究生\数据要素\data\extracted\000968_蓝焰控股_2025_tables.json (32个表格)
2026-05-29 18:42:29,671 [INFO] [864/1056] 处理: 000968_蓝焰控股_2026.pdf
2026-05-29 18:42:34,660 [INFO] 文本已保存: C:\Users\13765\OneDrive\Desktop\研究生\数据要素\data\extracted\000968_蓝焰控股_2026.md (57541字符)
2026-05-29 18:42:39,373 [INFO] 表格已保存: C:\Users\13765\OneDrive\Desktop\研究生\数据要素\data\extracted\000968_蓝焰控股_2026_tables.json (20个表格)
2026-05-29 18:42:39,373 [INFO] [865/1056] 处理: 000969_安泰科技_2019.pdf
2026-05-29 18:42:39,961 [INFO] 文本已保存: C:\Users\13765\OneDrive\Desktop\研究生\数据要素\data\extracted\000969_安泰科技_2019.md (12437字符)
2026-05-29 18:42:40,319 [INFO] 表格已保存: C:\Users\13765\OneDrive\Desktop\研究生\数据要素\data\extracted\000969_安泰科技_2019_tables.json (1个表格)
2026-05-29 18:42:40,319 [INFO] [866/1056] 处理: 000969_安泰科技_2020.pdf
2026-05-29 18:42:40,928 [INFO] 文本已保存: C:\Users\13765\OneDrive\Desktop\研究生\数据要素\data\extracted\000969_安泰科技_2020.md (16081字符)
2026-05-29 18:42:41,420 [INFO] 表格已保存: C:\Users\13765\OneDrive\Desktop\研究生\数据要素\data\extracted\000969_安泰科技_2020_tables.json (4个表格)
2026-05-29 18:42:41,421 [INFO] [867/1056] 处理: 000969_安泰科技_2021.pdf
2026-05-29 18:42:42,365 [INFO] 文本已保存: C:\Users\13765\OneDrive\Desktop\研究生\数据要素\data\extracted\000969_安泰科技_2021.md (23157字符)
2026-05-29 18:42:43,283 [INFO] 表格已保存: C:\Users\13765\OneDrive\Desktop\研究生\数据要素\data\extracted\000969_安泰科技_2021_tables.json (9个表格)
2026-05-29 18:42:43,283 [INFO] [868/1056] 处理: 000969_安泰科技_2022.pdf
2026-05-29 18:42:43,397 [INFO] 文本已保存: C:\Users\13765\OneDrive\Desktop\研究生\数据要素\data\extracted\000969_安泰科技_2022.md (1305字符)
2026-05-29 18:42:43,480 [INFO] 表格已保存: C:\Users\13765\OneDrive\Desktop\研究生\数据要素\data\extracted\000969_安泰科技_2022_tables.json (0个表格)
2026-05-29 18:42:43,480 [INFO] [869/1056] 处理: 000969_安泰科技_2023.pdf
2026-05-29 18:42:44,974 [INFO] 文本已保存: C:\Users\13765\OneDrive\Desktop\研究生\数据要素\data\extracted\000969_安泰科技_2023.md (20964字符)
2026-05-29 18:42:46,475 [INFO] 表格已保存: C:\Users\13765\OneDrive\Desktop\研究生\数据要素\data\extracted\000969_安泰科技_2023_tables.json (9个表格)
2026-05-29 18:42:46,475 [INFO] [870/1056] 处理: 000969_安泰科技_2024.pdf
2026-05-29 18:42:50,988 [INFO] 文本已保存: C:\Users\13765\OneDrive\Desktop\研究生\数据要素\data\extracted\000969_安泰科技_2024.md (58337字符)
2026-05-29 18:42:55,595 [INFO] 表格已保存: C:\Users\13765\OneDrive\Desktop\研究生\数据要素\data\extracted\000969_安泰科技_2024_tables.json (26个表格)
2026-05-29 18:42:55,595 [INFO] [871/1056] 处理: 000969_安泰科技_2025.pdf
2026-05-29 18:43:00,496 [INFO] 文本已保存: C:\Users\13765\OneDrive\Desktop\研究生\数据要素\data\extracted\000969_安泰科技_2025.md (85119字符)
2026-05-29 18:43:05,346 [INFO] 表格已保存: C:\Users\13765\OneDrive\Desktop\研究生\数据要素\data\extracted\000969_安泰科技_2025_tables.json (80个表格)
2026-05-29 18:43:05,346 [INFO] [872/1056] 处理: 000969_安泰科技_2026.pdf
2026-05-29 18:44:19,136 [INFO] 文本已保存: C:\Users\13765\OneDrive\Desktop\研究生\数据要素\data\extracted\000969_安泰科技_2026.md (2211字符)
2026-05-29 18:45:35,018 [INFO] 表格已保存: C:\Users\13765\OneDrive\Desktop\研究生\数据要素\data\extracted\000969_安泰科技_2026_tables.json (0个表格)
2026-05-29 18:45:35,018 [INFO] [873/1056] 处理: 000977_浪潮信息_2019.pdf
2026-05-29 18:45:35,883 [INFO] 文本已保存: C:\Users\13765\OneDrive\Desktop\研究生\数据要素\data\extracted\000977_浪潮信息_2019.md (17936字符)
2026-05-29 18:45:36,712 [INFO] 表格已保存: C:\Users\13765\OneDrive\Desktop\研究生\数据要素\data\extracted\000977_浪潮信息_2019_tables.json (3个表格)
2026-05-29 18:45:36,712 [INFO] [874/1056] 处理: 000977_浪潮信息_2020.pdf
2026-05-29 18:45:37,447 [INFO] 文本已保存: C:\Users\13765\OneDrive\Desktop\研究生\数据要素\data\extracted\000977_浪潮信息_2020.md (15601字符)
2026-05-29 18:45:38,156 [INFO] 表格已保存: C:\Users\13765\OneDrive\Desktop\研究生\数据要素\data\extracted\000977_浪潮信息_2020_tables.json (3个表格)
2026-05-29 18:45:38,156 [INFO] [875/1056] 处理: 000977_浪潮信息_2021.pdf
2026-05-29 18:45:42,561 [INFO] 文本已保存: C:\Users\13765\OneDrive\Desktop\研究生\数据要素\data\extracted\000977_浪潮信息_2021.md (41703字符)
2026-05-29 18:45:44,577 [INFO] 表格已保存: C:\Users\13765\OneDrive\Desktop\研究生\数据要素\data\extracted\000977_浪潮信息_2021_tables.json (20个表格)
2026-05-29 18:45:44,577 [INFO] [876/1056] 处理: 000977_浪潮信息_2022.pdf
2026-05-29 18:45:49,048 [INFO] 文本已保存: C:\Users\13765\OneDrive\Desktop\研究生\数据要素\data\extracted\000977_浪潮信息_2022.md (63110字符)
2026-05-29 18:45:53,359 [INFO] 表格已保存: C:\Users\13765\OneDrive\Desktop\研究生\数据要素\data\extracted\000977_浪潮信息_2022_tables.json (36个表格)
2026-05-29 18:45:53,359 [INFO] [877/1056] 处理: 000977_浪潮信息_2023.pdf
2026-05-29 18:46:08,036 [INFO] 文本已保存: C:\Users\13765\OneDrive\Desktop\研究生\数据要素\data\extracted\000977_浪潮信息_2023.md (56451字符)
2026-05-29 18:46:22,834 [INFO] 表格已保存: C:\Users\13765\OneDrive\Desktop\研究生\数据要素\data\extracted\000977_浪潮信息_2023_tables.json (31个表格)
2026-05-29 18:46:22,834 [INFO] [878/1056] 处理: 000977_浪潮信息_2024.pdf
2026-05-29 18:46:26,089 [INFO] 文本已保存: C:\Users\13765\OneDrive\Desktop\研究生\数据要素\data\extracted\000977_浪潮信息_2024.md (94059字符)
2026-05-29 18:46:28,843 [INFO] 表格已保存: C:\Users\13765\OneDrive\Desktop\研究生\数据要素\data\extracted\000977_浪潮信息_2024_tables.json (26个表格)
2026-05-29 18:46:28,843 [INFO] [879/1056] 处理: 000977_浪潮信息_2025.pdf
2026-05-29 18:46:37,497 [INFO] 文本已保存: C:\Users\13765\OneDrive\Desktop\研究生\数据要素\data\extracted\000977_浪潮信息_2025.md (75441字符)
2026-05-29 18:46:46,027 [INFO] 表格已保存: C:\Users\13765\OneDrive\Desktop\研究生\数据要素\data\extracted\000977_浪潮信息_2025_tables.json (32个表格)
2026-05-29 18:46:46,028 [INFO] [880/1056] 处理: 000977_浪潮信息_2026.pdf
2026-05-29 18:46:50,004 [INFO] 文本已保存: C:\Users\13765\OneDrive\Desktop\研究生\数据要素\data\extracted\000977_浪潮信息_2026.md (72839字符)
2026-05-29 18:46:53,564 [INFO] 表格已保存: C:\Users\13765\OneDrive\Desktop\研究生\数据要素\data\extracted\000977_浪潮信息_2026_tables.json (39个表格)
2026-05-29 18:46:53,564 [INFO] [881/1056] 处理: 000983_山西焦煤_2019.pdf
2026-05-29 18:46:53,898 [INFO] 文本已保存: C:\Users\13765\OneDrive\Desktop\研究生\数据要素\data\extracted\000983_山西焦煤_2019.md (11976字符)
2026-05-29 18:46:54,441 [INFO] 表格已保存: C:\Users\13765\OneDrive\Desktop\研究生\数据要素\data\extracted\000983_山西焦煤_2019_tables.json (0个表格)
2026-05-29 18:46:54,442 [INFO] [882/1056] 处理: 000983_山西焦煤_2020.pdf
2026-05-29 18:46:54,779 [INFO] 文本已保存: C:\Users\13765\OneDrive\Desktop\研究生\数据要素\data\extracted\000983_山西焦煤_2020.md (12211字符)
2026-05-29 18:46:55,103 [INFO] 表格已保存: C:\Users\13765\OneDrive\Desktop\研究生\数据要素\data\extracted\000983_山西焦煤_2020_tables.json (0个表格)
2026-05-29 18:46:55,103 [INFO] [883/1056] 处理: 000983_山西焦煤_2021.pdf
2026-05-29 18:46:55,487 [INFO] 文本已保存: C:\Users\13765\OneDrive\Desktop\研究生\数据要素\data\extracted\000983_山西焦煤_2021.md (10891字符)
2026-05-29 18:46:55,759 [INFO] 表格已保存: C:\Users\13765\OneDrive\Desktop\研究生\数据要素\data\extracted\000983_山西焦煤_2021_tables.json (0个表格)
2026-05-29 18:46:55,759 [INFO] [884/1056] 处理: 000983_山西焦煤_2022.pdf
2026-05-29 18:46:56,056 [INFO] 文本已保存: C:\Users\13765\OneDrive\Desktop\研究生\数据要素\data\extracted\000983_山西焦煤_2022.md (9992字符)
2026-05-29 18:46:56,426 [INFO] 表格已保存: C:\Users\13765\OneDrive\Desktop\研究生\数据要素\data\extracted\000983_山西焦煤_2022_tables.json (0个表格)
2026-05-29 18:46:56,426 [INFO] [885/1056] 处理: 000983_山西焦煤_2023.pdf
2026-05-29 18:46:56,880 [INFO] 文本已保存: C:\Users\13765\OneDrive\Desktop\研究生\数据要素\data\extracted\000983_山西焦煤_2023.md (12049字符)
2026-05-29 18:46:57,313 [INFO] 表格已保存: C:\Users\13765\OneDrive\Desktop\研究生\数据要素\data\extracted\000983_山西焦煤_2023_tables.json (0个表格)
2026-05-29 18:46:57,313 [INFO] [886/1056] 处理: 000983_山西焦煤_2024.pdf
2026-05-29 18:46:57,788 [INFO] 文本已保存: C:\Users\13765\OneDrive\Desktop\研究生\数据要素\data\extracted\000983_山西焦煤_2024.md (11098字符)
2026-05-29 18:46:58,158 [INFO] 表格已保存: C:\Users\13765\OneDrive\Desktop\研究生\数据要素\data\extracted\000983_山西焦煤_2024_tables.json (0个表格)
2026-05-29 18:46:58,158 [INFO] [887/1056] 处理: 000983_山西焦煤_2025.pdf
2026-05-29 18:46:58,597 [INFO] 文本已保存: C:\Users\13765\OneDrive\Desktop\研究生\数据要素\data\extracted\000983_山西焦煤_2025.md (11363字符)
2026-05-29 18:46:59,116 [INFO] 表格已保存: C:\Users\13765\OneDrive\Desktop\研究生\数据要素\data\extracted\000983_山西焦煤_2025_tables.json (0个表格)
2026-05-29 18:46:59,117 [INFO] [888/1056] 处理: 000983_山西焦煤_2026.pdf
2026-05-29 18:47:03,091 [INFO] 文本已保存: C:\Users\13765\OneDrive\Desktop\研究生\数据要素\data\extracted\000983_山西焦煤_2026.md (101777字符)
2026-05-29 18:47:07,053 [INFO] 表格已保存: C:\Users\13765\OneDrive\Desktop\研究生\数据要素\data\extracted\000983_山西焦煤_2026_tables.json (79个表格)
2026-05-29 18:47:07,053 [INFO] [889/1056] 处理: 000988_华工科技_2019.pdf
2026-05-29 18:47:07,400 [INFO] 文本已保存: C:\Users\13765\OneDrive\Desktop\研究生\数据要素\data\extracted\000988_华工科技_2019.md (9994字符)
2026-05-29 18:47:07,937 [INFO] 表格已保存: C:\Users\13765\OneDrive\Desktop\研究生\数据要素\data\extracted\000988_华工科技_2019_tables.json (2个表格)
2026-05-29 18:47:07,938 [INFO] [890/1056] 处理: 000988_华工科技_2020.pdf
2026-05-29 18:47:08,397 [INFO] 文本已保存: C:\Users\13765\OneDrive\Desktop\研究生\数据要素\data\extracted\000988_华工科技_2020.md (11549字符)
2026-05-29 18:47:08,920 [INFO] 表格已保存: C:\Users\13765\OneDrive\Desktop\研究生\数据要素\data\extracted\000988_华工科技_2020_tables.json (2个表格)
2026-05-29 18:47:08,920 [INFO] [891/1056] 处理: 000988_华工科技_2021.pdf
2026-05-29 18:47:09,353 [INFO] 文本已保存: C:\Users\13765\OneDrive\Desktop\研究生\数据要素\data\extracted\000988_华工科技_2021.md (12421字符)
2026-05-29 18:47:09,859 [INFO] 表格已保存: C:\Users\13765\OneDrive\Desktop\研究生\数据要素\data\extracted\000988_华工科技_2021_tables.json (2个表格)
2026-05-29 18:47:09,859 [INFO] [892/1056] 处理: 000988_华工科技_2022.pdf
2026-05-29 18:47:10,489 [INFO] 文本已保存: C:\Users\13765\OneDrive\Desktop\研究生\数据要素\data\extracted\000988_华工科技_2022.md (12746字符)
2026-05-29 18:47:11,169 [INFO] 表格已保存: C:\Users\13765\OneDrive\Desktop\研究生\数据要素\data\extracted\000988_华工科技_2022_tables.json (1个表格)
2026-05-29 18:47:11,169 [INFO] [893/1056] 处理: 000988_华工科技_2023.pdf
2026-05-29 18:47:22,172 [INFO] 文本已保存: C:\Users\13765\OneDrive\Desktop\研究生\数据要素\data\extracted\000988_华工科技_2023.md (31319字符)
2026-05-29 18:47:33,373 [INFO] 表格已保存: C:\Users\13765\OneDrive\Desktop\研究生\数据要素\data\extracted\000988_华工科技_2023_tables.json (23个表格)
2026-05-29 18:47:33,373 [INFO] [894/1056] 处理: 000988_华工科技_2024.pdf
2026-05-29 18:47:36,021 [INFO] 文本已保存: C:\Users\13765\OneDrive\Desktop\研究生\数据要素\data\extracted\000988_华工科技_2024.md (38975字符)
2026-05-29 18:47:38,377 [INFO] 表格已保存: C:\Users\13765\OneDrive\Desktop\研究生\数据要素\data\extracted\000988_华工科技_2024_tables.json (29个表格)
2026-05-29 18:47:38,377 [INFO] [895/1056] 处理: 000988_华工科技_2025.pdf
2026-05-29 18:47:45,773 [INFO] 文本已保存: C:\Users\13765\OneDrive\Desktop\研究生\数据要素\data\extracted\000988_华工科技_2025.md (40186字符)
2026-05-29 18:47:53,213 [INFO] 表格已保存: C:\Users\13765\OneDrive\Desktop\研究生\数据要素\data\extracted\000988_华工科技_2025_tables.json (15个表格)
2026-05-29 18:47:53,213 [INFO] [896/1056] 处理: 000988_华工科技_2026.pdf
2026-05-29 18:48:01,156 [INFO] 文本已保存: C:\Users\13765\OneDrive\Desktop\研究生\数据要素\data\extracted\000988_华工科技_2026.md (49082字符)
2026-05-29 18:48:09,111 [INFO] 表格已保存: C:\Users\13765\OneDrive\Desktop\研究生\数据要素\data\extracted\000988_华工科技_2026_tables.json (14个表格)
2026-05-29 18:48:09,111 [INFO] [897/1056] 处理: 000993_闽东电力_2019.pdf
2026-05-29 18:48:09,825 [INFO] 文本已保存: C:\Users\13765\OneDrive\Desktop\研究生\数据要素\data\extracted\000993_闽东电力_2019.md (11687字符)
2026-05-29 18:48:10,174 [INFO] 表格已保存: C:\Users\13765\OneDrive\Desktop\研究生\数据要素\data\extracted\000993_闽东电力_2019_tables.json (0个表格)
2026-05-29 18:48:10,174 [INFO] [898/1056] 处理: 000993_闽东电力_2020.pdf
2026-05-29 18:48:11,370 [INFO] 文本已保存: C:\Users\13765\OneDrive\Desktop\研究生\数据要素\data\extracted\000993_闽东电力_2020.md (38198字符)
2026-05-29 18:48:12,547 [INFO] 表格已保存: C:\Users\13765\OneDrive\Desktop\研究生\数据要素\data\extracted\000993_闽东电力_2020_tables.json (45个表格)
2026-05-29 18:48:12,547 [INFO] [899/1056] 处理: 000993_闽东电力_2021.pdf
2026-05-29 18:48:13,637 [INFO] 文本已保存: C:\Users\13765\OneDrive\Desktop\研究生\数据要素\data\extracted\000993_闽东电力_2021.md (36622字符)
2026-05-29 18:48:14,693 [INFO] 表格已保存: C:\Users\13765\OneDrive\Desktop\研究生\数据要素\data\extracted\000993_闽东电力_2021_tables.json (38个表格)
2026-05-29 18:48:14,693 [INFO] [900/1056] 处理: 000993_闽东电力_2022.pdf
2026-05-29 18:48:15,841 [INFO] 文本已保存: C:\Users\13765\OneDrive\Desktop\研究生\数据要素\data\extracted\000993_闽东电力_2022.md (36140字符)
2026-05-29 18:48:16,965 [INFO] 表格已保存: C:\Users\13765\OneDrive\Desktop\研究生\数据要素\data\extracted\000993_闽东电力_2022_tables.json (33个表格)
2026-05-29 18:48:16,965 [INFO] [901/1056] 处理: 000993_闽东电力_2023.pdf
2026-05-29 18:48:18,002 [INFO] 文本已保存: C:\Users\13765\OneDrive\Desktop\研究生\数据要素\data\extracted\000993_闽东电力_2023.md (24347字符)
2026-05-29 18:48:19,004 [INFO] 表格已保存: C:\Users\13765\OneDrive\Desktop\研究生\数据要素\data\extracted\000993_闽东电力_2023_tables.json (16个表格)
2026-05-29 18:48:19,004 [INFO] [902/1056] 处理: 000993_闽东电力_2024.pdf
2026-05-29 18:48:19,997 [INFO] 文本已保存: C:\Users\13765\OneDrive\Desktop\研究生\数据要素\data\extracted\000993_闽东电力_2024.md (23470字符)
2026-05-29 18:48:20,862 [INFO] 表格已保存: C:\Users\13765\OneDrive\Desktop\研究生\数据要素\data\extracted\000993_闽东电力_2024_tables.json (16个表格)
2026-05-29 18:48:20,862 [INFO] [903/1056] 处理: 000993_闽东电力_2025.pdf
2026-05-29 18:48:21,973 [INFO] 文本已保存: C:\Users\13765\OneDrive\Desktop\研究生\数据要素\data\extracted\000993_闽东电力_2025.md (25704字符)
2026-05-29 18:48:23,025 [INFO] 表格已保存: C:\Users\13765\OneDrive\Desktop\研究生\数据要素\data\extracted\000993_闽东电力_2025_tables.json (16个表格)
2026-05-29 18:48:23,026 [INFO] [904/1056] 处理: 000993_闽东电力_2026.pdf
2026-05-29 18:48:24,594 [INFO] 文本已保存: C:\Users\13765\OneDrive\Desktop\研究生\数据要素\data\extracted\000993_闽东电力_2026.md (26046字符)
2026-05-29 18:48:26,023 [INFO] 表格已保存: C:\Users\13765\OneDrive\Desktop\研究生\数据要素\data\extracted\000993_闽东电力_2026_tables.json (5个表格)
2026-05-29 18:48:26,024 [INFO] [905/1056] 处理: 000997_新大陆_2019.pdf
2026-05-29 18:48:26,548 [INFO] 文本已保存: C:\Users\13765\OneDrive\Desktop\研究生\数据要素\data\extracted\000997_新大陆_2019.md (12990字符)
2026-05-29 18:48:26,906 [INFO] 表格已保存: C:\Users\13765\OneDrive\Desktop\研究生\数据要素\data\extracted\000997_新大陆_2019_tables.json (0个表格)
2026-05-29 18:48:26,906 [INFO] [906/1056] 处理: 000997_新大陆_2020.pdf
2026-05-29 18:48:27,343 [INFO] 文本已保存: C:\Users\13765\OneDrive\Desktop\研究生\数据要素\data\extracted\000997_新大陆_2020.md (11999字符)
2026-05-29 18:48:27,670 [INFO] 表格已保存: C:\Users\13765\OneDrive\Desktop\研究生\数据要素\data\extracted\000997_新大陆_2020_tables.json (0个表格)
2026-05-29 18:48:27,670 [INFO] [907/1056] 处理: 000997_新大陆_2021.pdf
2026-05-29 18:48:28,005 [INFO] 文本已保存: C:\Users\13765\OneDrive\Desktop\研究生\数据要素\data\extracted\000997_新大陆_2021.md (11431字符)
2026-05-29 18:48:28,451 [INFO] 表格已保存: C:\Users\13765\OneDrive\Desktop\研究生\数据要素\data\extracted\000997_新大陆_2021_tables.json (0个表格)
2026-05-29 18:48:28,451 [INFO] [908/1056] 处理: 000997_新大陆_2022.pdf
2026-05-29 18:48:28,746 [INFO] 文本已保存: C:\Users\13765\OneDrive\Desktop\研究生\数据要素\data\extracted\000997_新大陆_2022.md (10573字符)
2026-05-29 18:48:29,024 [INFO] 表格已保存: C:\Users\13765\OneDrive\Desktop\研究生\数据要素\data\extracted\000997_新大陆_2022_tables.json (0个表格)
2026-05-29 18:48:29,024 [INFO] [909/1056] 处理: 000997_新大陆_2023.pdf
2026-05-29 18:48:29,434 [INFO] 文本已保存: C:\Users\13765\OneDrive\Desktop\研究生\数据要素\data\extracted\000997_新大陆_2023.md (9708字符)
2026-05-29 18:48:29,741 [INFO] 表格已保存: C:\Users\13765\OneDrive\Desktop\研究生\数据要素\data\extracted\000997_新大陆_2023_tables.json (0个表格)
2026-05-29 18:48:29,741 [INFO] [910/1056] 处理: 000997_新大陆_2024.pdf
2026-05-29 18:48:31,765 [INFO] 文本已保存: C:\Users\13765\OneDrive\Desktop\研究生\数据要素\data\extracted\000997_新大陆_2024.md (17976字符)
2026-05-29 18:48:33,750 [INFO] 表格已保存: C:\Users\13765\OneDrive\Desktop\研究生\数据要素\data\extracted\000997_新大陆_2024_tables.json (4个表格)
2026-05-29 18:48:33,750 [INFO] [911/1056] 处理: 000997_新大陆_2025.pdf
2026-05-29 18:48:36,531 [INFO] 文本已保存: C:\Users\13765\OneDrive\Desktop\研究生\数据要素\data\extracted\000997_新大陆_2025.md (48234字符)
2026-05-29 18:48:39,198 [INFO] 表格已保存: C:\Users\13765\OneDrive\Desktop\研究生\数据要素\data\extracted\000997_新大陆_2025_tables.json (22个表格)
2026-05-29 18:48:39,199 [INFO] [912/1056] 处理: 000997_新大陆_2026.pdf
2026-05-29 18:48:45,203 [INFO] 文本已保存: C:\Users\13765\OneDrive\Desktop\研究生\数据要素\data\extracted\000997_新大陆_2026.md (64168字符)
2026-05-29 18:48:51,138 [INFO] 表格已保存: C:\Users\13765\OneDrive\Desktop\研究生\数据要素\data\extracted\000997_新大陆_2026_tables.json (31个表格)
2026-05-29 18:48:51,138 [INFO] [913/1056] 处理: 000999_华润三九_2019.pdf
2026-05-29 18:48:53,695 [INFO] 文本已保存: C:\Users\13765\OneDrive\Desktop\研究生\数据要素\data\extracted\000999_华润三九_2019.md (43117字符)
2026-05-29 18:48:56,151 [INFO] 表格已保存: C:\Users\13765\OneDrive\Desktop\研究生\数据要素\data\extracted\000999_华润三九_2019_tables.json (14个表格)
2026-05-29 18:48:56,151 [INFO] [914/1056] 处理: 000999_华润三九_2020.pdf
2026-05-29 18:48:58,432 [INFO] 文本已保存: C:\Users\13765\OneDrive\Desktop\研究生\数据要素\data\extracted\000999_华润三九_2020.md (46406字符)
2026-05-29 18:49:00,658 [INFO] 表格已保存: C:\Users\13765\OneDrive\Desktop\研究生\数据要素\data\extracted\000999_华润三九_2020_tables.json (12个表格)
2026-05-29 18:49:00,658 [INFO] [915/1056] 处理: 000999_华润三九_2021.pdf
2026-05-29 18:49:05,952 [INFO] 文本已保存: C:\Users\13765\OneDrive\Desktop\研究生\数据要素\data\extracted\000999_华润三九_2021.md (44514字符)
2026-05-29 18:49:11,133 [INFO] 表格已保存: C:\Users\13765\OneDrive\Desktop\研究生\数据要素\data\extracted\000999_华润三九_2021_tables.json (37个表格)
2026-05-29 18:49:11,133 [INFO] [916/1056] 处理: 000999_华润三九_2022.pdf
2026-05-29 18:49:14,288 [INFO] 文本已保存: C:\Users\13765\OneDrive\Desktop\研究生\数据要素\data\extracted\000999_华润三九_2022.md (44481字符)
2026-05-29 18:49:17,348 [INFO] 表格已保存: C:\Users\13765\OneDrive\Desktop\研究生\数据要素\data\extracted\000999_华润三九_2022_tables.json (30个表格)
2026-05-29 18:49:17,348 [INFO] [917/1056] 处理: 000999_华润三九_2023.pdf
2026-05-29 18:49:30,878 [INFO] 文本已保存: C:\Users\13765\OneDrive\Desktop\研究生\数据要素\data\extracted\000999_华润三九_2023.md (55715字符)
2026-05-29 18:49:44,327 [INFO] 表格已保存: C:\Users\13765\OneDrive\Desktop\研究生\数据要素\data\extracted\000999_华润三九_2023_tables.json (19个表格)
2026-05-29 18:49:44,327 [INFO] [918/1056] 处理: 000999_华润三九_2024.pdf
2026-05-29 18:49:50,972 [INFO] 文本已保存: C:\Users\13765\OneDrive\Desktop\研究生\数据要素\data\extracted\000999_华润三九_2024.md (85307字符)
2026-05-29 18:49:57,220 [INFO] 表格已保存: C:\Users\13765\OneDrive\Desktop\研究生\数据要素\data\extracted\000999_华润三九_2024_tables.json (37个表格)
2026-05-29 18:49:57,220 [INFO] [919/1056] 处理: 000999_华润三九_2025.pdf
2026-05-29 18:50:05,124 [INFO] 文本已保存: C:\Users\13765\OneDrive\Desktop\研究生\数据要素\data\extracted\000999_华润三九_2025.md (102188字符)
2026-05-29 18:50:12,942 [INFO] 表格已保存: C:\Users\13765\OneDrive\Desktop\研究生\数据要素\data\extracted\000999_华润三九_2025_tables.json (23个表格)
2026-05-29 18:50:12,942 [INFO] [920/1056] 处理: 000999_华润三九_2026.pdf
2026-05-29 18:50:18,013 [INFO] 文本已保存: C:\Users\13765\OneDrive\Desktop\研究生\数据要素\data\extracted\000999_华润三九_2026.md (1071199字符)
2026-05-29 18:50:22,746 [INFO] 表格已保存: C:\Users\13765\OneDrive\Desktop\研究生\数据要素\data\extracted\000999_华润三九_2026_tables.json (48个表格)
2026-05-29 18:50:22,746 [INFO] [921/1056] 处理: 001872_招商港口_2019.pdf
2026-05-29 18:50:22,762 [INFO] 文本已保存: C:\Users\13765\OneDrive\Desktop\研究生\数据要素\data\extracted\001872_招商港口_2019.md (102字符)
2026-05-29 18:50:22,774 [INFO] 表格已保存: C:\Users\13765\OneDrive\Desktop\研究生\数据要素\data\extracted\001872_招商港口_2019_tables.json (0个表格)
2026-05-29 18:50:22,774 [INFO] [922/1056] 处理: 001872_招商港口_2020.pdf
2026-05-29 18:50:27,522 [INFO] 文本已保存: C:\Users\13765\OneDrive\Desktop\研究生\数据要素\data\extracted\001872_招商港口_2020.md (44763字符)
2026-05-29 18:50:32,117 [INFO] 表格已保存: C:\Users\13765\OneDrive\Desktop\研究生\数据要素\data\extracted\001872_招商港口_2020_tables.json (7个表格)
2026-05-29 18:50:32,117 [INFO] [923/1056] 处理: 001872_招商港口_2021.pdf
2026-05-29 18:50:37,461 [INFO] 文本已保存: C:\Users\13765\OneDrive\Desktop\研究生\数据要素\data\extracted\001872_招商港口_2021.md (47964字符)
2026-05-29 18:50:42,427 [INFO] 表格已保存: C:\Users\13765\OneDrive\Desktop\研究生\数据要素\data\extracted\001872_招商港口_2021_tables.json (15个表格)
2026-05-29 18:50:42,427 [INFO] [924/1056] 处理: 001872_招商港口_2022.pdf
2026-05-29 18:50:53,592 [INFO] 文本已保存: C:\Users\13765\OneDrive\Desktop\研究生\数据要素\data\extracted\001872_招商港口_2022.md (48080字符)
2026-05-29 18:51:04,891 [INFO] 表格已保存: C:\Users\13765\OneDrive\Desktop\研究生\数据要素\data\extracted\001872_招商港口_2022_tables.json (15个表格)
2026-05-29 18:51:04,892 [INFO] [925/1056] 处理: 001872_招商港口_2023.pdf
2026-05-29 18:51:08,640 [INFO] 文本已保存: C:\Users\13765\OneDrive\Desktop\研究生\数据要素\data\extracted\001872_招商港口_2023.md (81436字符)
2026-05-29 18:51:12,127 [INFO] 表格已保存: C:\Users\13765\OneDrive\Desktop\研究生\数据要素\data\extracted\001872_招商港口_2023_tables.json (20个表格)
2026-05-29 18:51:12,127 [INFO] [926/1056] 处理: 001872_招商港口_2024.pdf
2026-05-29 18:51:24,318 [INFO] 文本已保存: C:\Users\13765\OneDrive\Desktop\研究生\数据要素\data\extracted\001872_招商港口_2024.md (80402字符)
2026-05-29 18:51:36,413 [INFO] 表格已保存: C:\Users\13765\OneDrive\Desktop\研究生\数据要素\data\extracted\001872_招商港口_2024_tables.json (31个表格)
2026-05-29 18:51:36,414 [INFO] [927/1056] 处理: 001872_招商港口_2025.pdf
2026-05-29 18:51:42,281 [INFO] 文本已保存: C:\Users\13765\OneDrive\Desktop\研究生\数据要素\data\extracted\001872_招商港口_2025.md (116908字符)
2026-05-29 18:51:47,854 [INFO] 表格已保存: C:\Users\13765\OneDrive\Desktop\研究生\数据要素\data\extracted\001872_招商港口_2025_tables.json (34个表格)
2026-05-29 18:51:47,854 [INFO] [928/1056] 处理: 001872_招商港口_2026.pdf
2026-05-29 18:51:54,475 [INFO] 文本已保存: C:\Users\13765\OneDrive\Desktop\研究生\数据要素\data\extracted\001872_招商港口_2026.md (130200字符)
2026-05-29 18:52:00,976 [INFO] 表格已保存: C:\Users\13765\OneDrive\Desktop\研究生\数据要素\data\extracted\001872_招商港口_2026_tables.json (40个表格)
2026-05-29 18:52:00,976 [INFO] [929/1056] 处理: 001965_招商公路_2019.pdf
2026-05-29 18:52:01,694 [INFO] 文本已保存: C:\Users\13765\OneDrive\Desktop\研究生\数据要素\data\extracted\001965_招商公路_2019.md (19089字符)
2026-05-29 18:52:02,729 [INFO] 表格已保存: C:\Users\13765\OneDrive\Desktop\研究生\数据要素\data\extracted\001965_招商公路_2019_tables.json (3个表格)
2026-05-29 18:52:02,729 [INFO] [930/1056] 处理: 001965_招商公路_2020.pdf
2026-05-29 18:52:03,532 [INFO] 文本已保存: C:\Users\13765\OneDrive\Desktop\研究生\数据要素\data\extracted\001965_招商公路_2020.md (19089字符)
2026-05-29 18:52:04,309 [INFO] 表格已保存: C:\Users\13765\OneDrive\Desktop\研究生\数据要素\data\extracted\001965_招商公路_2020_tables.json (3个表格)
2026-05-29 18:52:04,309 [INFO] [931/1056] 处理: 001965_招商公路_2021.pdf
2026-05-29 18:52:04,922 [INFO] 文本已保存: C:\Users\13765\OneDrive\Desktop\研究生\数据要素\data\extracted\001965_招商公路_2021.md (18103字符)
2026-05-29 18:52:05,625 [INFO] 表格已保存: C:\Users\13765\OneDrive\Desktop\研究生\数据要素\data\extracted\001965_招商公路_2021_tables.json (3个表格)
2026-05-29 18:52:05,625 [INFO] [932/1056] 处理: 001965_招商公路_2022.pdf
2026-05-29 18:52:06,353 [INFO] 文本已保存: C:\Users\13765\OneDrive\Desktop\研究生\数据要素\data\extracted\001965_招商公路_2022.md (19353字符)
2026-05-29 18:52:06,961 [INFO] 表格已保存: C:\Users\13765\OneDrive\Desktop\研究生\数据要素\data\extracted\001965_招商公路_2022_tables.json (3个表格)
2026-05-29 18:52:06,961 [INFO] [933/1056] 处理: 001965_招商公路_2023.pdf
2026-05-29 18:52:08,571 [INFO] 文本已保存: C:\Users\13765\OneDrive\Desktop\研究生\数据要素\data\extracted\001965_招商公路_2023.md (48675字符)
2026-05-29 18:52:10,038 [INFO] 表格已保存: C:\Users\13765\OneDrive\Desktop\研究生\数据要素\data\extracted\001965_招商公路_2023_tables.json (33个表格)
2026-05-29 18:52:10,038 [INFO] [934/1056] 处理: 001965_招商公路_2024.pdf
2026-05-29 18:52:13,091 [INFO] 文本已保存: C:\Users\13765\OneDrive\Desktop\研究生\数据要素\data\extracted\001965_招商公路_2024.md (69932字符)
2026-05-29 18:52:16,124 [INFO] 表格已保存: C:\Users\13765\OneDrive\Desktop\研究生\数据要素\data\extracted\001965_招商公路_2024_tables.json (38个表格)
2026-05-29 18:52:16,124 [INFO] [935/1056] 处理: 001965_招商公路_2025.pdf
2026-05-29 18:52:19,250 [INFO] 文本已保存: C:\Users\13765\OneDrive\Desktop\研究生\数据要素\data\extracted\001965_招商公路_2025.md (69932字符)
2026-05-29 18:52:22,265 [INFO] 表格已保存: C:\Users\13765\OneDrive\Desktop\研究生\数据要素\data\extracted\001965_招商公路_2025_tables.json (38个表格)
2026-05-29 18:52:22,266 [INFO] [936/1056] 处理: 001965_招商公路_2026.pdf
2026-05-29 18:52:32,478 [INFO] 文本已保存: C:\Users\13765\OneDrive\Desktop\研究生\数据要素\data\extracted\001965_招商公路_2026.md (380586字符)
2026-05-29 18:52:42,209 [INFO] 表格已保存: C:\Users\13765\OneDrive\Desktop\研究生\数据要素\data\extracted\001965_招商公路_2026_tables.json (113个表格)
2026-05-29 18:52:42,209 [INFO] [937/1056] 处理: 001979_招商蛇口_2019.pdf
2026-05-29 18:52:42,326 [INFO] 文本已保存: C:\Users\13765\OneDrive\Desktop\研究生\数据要素\data\extracted\001979_招商蛇口_2019.md (703字符)
2026-05-29 18:52:42,413 [INFO] 表格已保存: C:\Users\13765\OneDrive\Desktop\研究生\数据要素\data\extracted\001979_招商蛇口_2019_tables.json (0个表格)
2026-05-29 18:52:42,413 [INFO] [938/1056] 处理: 001979_招商蛇口_2020.pdf
2026-05-29 18:52:45,361 [INFO] 文本已保存: C:\Users\13765\OneDrive\Desktop\研究生\数据要素\data\extracted\001979_招商蛇口_2020.md (57742字符)
2026-05-29 18:52:47,921 [INFO] 表格已保存: C:\Users\13765\OneDrive\Desktop\研究生\数据要素\data\extracted\001979_招商蛇口_2020_tables.json (4个表格)
2026-05-29 18:52:47,921 [INFO] [939/1056] 处理: 001979_招商蛇口_2021.pdf
2026-05-29 18:52:58,769 [INFO] 文本已保存: C:\Users\13765\OneDrive\Desktop\研究生\数据要素\data\extracted\001979_招商蛇口_2021.md (74767字符)
2026-05-29 18:53:09,935 [INFO] 表格已保存: C:\Users\13765\OneDrive\Desktop\研究生\数据要素\data\extracted\001979_招商蛇口_2021_tables.json (36个表格)
2026-05-29 18:53:09,936 [INFO] [940/1056] 处理: 001979_招商蛇口_2022.pdf
2026-05-29 18:53:23,539 [INFO] 文本已保存: C:\Users\13765\OneDrive\Desktop\研究生\数据要素\data\extracted\001979_招商蛇口_2022.md (70800字符)
2026-05-29 18:53:36,956 [INFO] 表格已保存: C:\Users\13765\OneDrive\Desktop\研究生\数据要素\data\extracted\001979_招商蛇口_2022_tables.json (15个表格)
2026-05-29 18:53:36,956 [INFO] [941/1056] 处理: 001979_招商蛇口_2023.pdf
2026-05-29 18:53:42,759 [INFO] 文本已保存: C:\Users\13765\OneDrive\Desktop\研究生\数据要素\data\extracted\001979_招商蛇口_2023.md (841659字符)
2026-05-29 18:53:48,138 [INFO] 表格已保存: C:\Users\13765\OneDrive\Desktop\研究生\数据要素\data\extracted\001979_招商蛇口_2023_tables.json (74个表格)
2026-05-29 18:53:48,139 [INFO] [942/1056] 处理: 001979_招商蛇口_2024.pdf
2026-05-29 18:53:51,968 [INFO] 文本已保存: C:\Users\13765\OneDrive\Desktop\研究生\数据要素\data\extracted\001979_招商蛇口_2024.md (113099字符)
2026-05-29 18:53:55,523 [INFO] 表格已保存: C:\Users\13765\OneDrive\Desktop\研究生\数据要素\data\extracted\001979_招商蛇口_2024_tables.json (137个表格)
2026-05-29 18:53:55,524 [INFO] [943/1056] 处理: 001979_招商蛇口_2025.pdf
2026-05-29 18:54:00,751 [INFO] 文本已保存: C:\Users\13765\OneDrive\Desktop\研究生\数据要素\data\extracted\001979_招商蛇口_2025.md (103146字符)
2026-05-29 18:54:05,830 [INFO] 表格已保存: C:\Users\13765\OneDrive\Desktop\研究生\数据要素\data\extracted\001979_招商蛇口_2025_tables.json (195个表格)
2026-05-29 18:54:05,831 [INFO] [944/1056] 跳过(已存在): 001979_招商蛇口_2026.pdf
2026-05-29 18:54:05,831 [INFO] [945/1056] 处理: 002001_新和成_2019.pdf
2026-05-29 18:54:05,988 [INFO] 文本已保存: C:\Users\13765\OneDrive\Desktop\研究生\数据要素\data\extracted\002001_新和成_2019.md (5272字符)
2026-05-29 18:54:06,129 [INFO] 表格已保存: C:\Users\13765\OneDrive\Desktop\研究生\数据要素\data\extracted\002001_新和成_2019_tables.json (0个表格)
2026-05-29 18:54:06,129 [INFO] [946/1056] 处理: 002001_新和成_2020.pdf
2026-05-29 18:54:06,327 [INFO] 文本已保存: C:\Users\13765\OneDrive\Desktop\研究生\数据要素\data\extracted\002001_新和成_2020.md (6023字符)
2026-05-29 18:54:06,738 [INFO] 表格已保存: C:\Users\13765\OneDrive\Desktop\研究生\数据要素\data\extracted\002001_新和成_2020_tables.json (2个表格)
2026-05-29 18:54:06,738 [INFO] [947/1056] 处理: 002001_新和成_2021.pdf
2026-05-29 18:54:06,915 [INFO] 文本已保存: C:\Users\13765\OneDrive\Desktop\研究生\数据要素\data\extracted\002001_新和成_2021.md (6851字符)
2026-05-29 18:54:07,089 [INFO] 表格已保存: C:\Users\13765\OneDrive\Desktop\研究生\数据要素\data\extracted\002001_新和成_2021_tables.json (0个表格)
2026-05-29 18:54:07,089 [INFO] [948/1056] 处理: 002001_新和成_2022.pdf
2026-05-29 18:54:07,263 [INFO] 文本已保存: C:\Users\13765\OneDrive\Desktop\研究生\数据要素\data\extracted\002001_新和成_2022.md (5931字符)
2026-05-29 18:54:07,427 [INFO] 表格已保存: C:\Users\13765\OneDrive\Desktop\研究生\数据要素\data\extracted\002001_新和成_2022_tables.json (0个表格)
2026-05-29 18:54:07,427 [INFO] [949/1056] 处理: 002001_新和成_2023.pdf
2026-05-29 18:54:07,736 [INFO] 文本已保存: C:\Users\13765\OneDrive\Desktop\研究生\数据要素\data\extracted\002001_新和成_2023.md (5599字符)
2026-05-29 18:54:07,931 [INFO] 表格已保存: C:\Users\13765\OneDrive\Desktop\研究生\数据要素\data\extracted\002001_新和成_2023_tables.json (0个表格)
2026-05-29 18:54:07,931 [INFO] [950/1056] 处理: 002001_新和成_2024.pdf
2026-05-29 18:54:08,150 [INFO] 文本已保存: C:\Users\13765\OneDrive\Desktop\研究生\数据要素\data\extracted\002001_新和成_2024.md (5862字符)
2026-05-29 18:54:08,358 [INFO] 表格已保存: C:\Users\13765\OneDrive\Desktop\研究生\数据要素\data\extracted\002001_新和成_2024_tables.json (0个表格)
2026-05-29 18:54:08,358 [INFO] [951/1056] 处理: 002001_新和成_2025.pdf
2026-05-29 18:55:24,787 [INFO] 文本已保存: C:\Users\13765\OneDrive\Desktop\研究生\数据要素\data\extracted\002001_新和成_2025.md (54565字符)
2026-05-29 18:56:41,933 [INFO] 表格已保存: C:\Users\13765\OneDrive\Desktop\研究生\数据要素\data\extracted\002001_新和成_2025_tables.json (19个表格)
2026-05-29 18:56:41,934 [INFO] [952/1056] 处理: 002001_新和成_2026.pdf
2026-05-29 18:56:45,190 [INFO] 文本已保存: C:\Users\13765\OneDrive\Desktop\研究生\数据要素\data\extracted\002001_新和成_2026.md (65241字符)
2026-05-29 18:56:51,031 [INFO] 表格已保存: C:\Users\13765\OneDrive\Desktop\研究生\数据要素\data\extracted\002001_新和成_2026_tables.json (21个表格)
2026-05-29 18:56:51,031 [INFO] [953/1056] 处理: 002003_伟星股份_2019.pdf
2026-05-29 18:56:51,686 [INFO] 文本已保存: C:\Users\13765\OneDrive\Desktop\研究生\数据要素\data\extracted\002003_伟星股份_2019.md (12569字符)
2026-05-29 18:56:52,104 [INFO] 表格已保存: C:\Users\13765\OneDrive\Desktop\研究生\数据要素\data\extracted\002003_伟星股份_2019_tables.json (6个表格)
2026-05-29 18:56:52,104 [INFO] [954/1056] 处理: 002003_伟星股份_2020.pdf
2026-05-29 18:56:52,734 [INFO] 文本已保存: C:\Users\13765\OneDrive\Desktop\研究生\数据要素\data\extracted\002003_伟星股份_2020.md (12918字符)
2026-05-29 18:56:53,228 [INFO] 表格已保存: C:\Users\13765\OneDrive\Desktop\研究生\数据要素\data\extracted\002003_伟星股份_2020_tables.json (4个表格)
2026-05-29 18:56:53,228 [INFO] [955/1056] 处理: 002003_伟星股份_2021.pdf
2026-05-29 18:56:53,463 [INFO] 文本已保存: C:\Users\13765\OneDrive\Desktop\研究生\数据要素\data\extracted\002003_伟星股份_2021.md (6405字符)
2026-05-29 18:56:53,691 [INFO] 表格已保存: C:\Users\13765\OneDrive\Desktop\研究生\数据要素\data\extracted\002003_伟星股份_2021_tables.json (2个表格)
2026-05-29 18:56:53,691 [INFO] [956/1056] 处理: 002003_伟星股份_2022.pdf
2026-05-29 18:56:54,157 [INFO] 文本已保存: C:\Users\13765\OneDrive\Desktop\研究生\数据要素\data\extracted\002003_伟星股份_2022.md (7078字符)
2026-05-29 18:56:54,474 [INFO] 表格已保存: C:\Users\13765\OneDrive\Desktop\研究生\数据要素\data\extracted\002003_伟星股份_2022_tables.json (4个表格)
2026-05-29 18:56:54,474 [INFO] [957/1056] 处理: 002003_伟星股份_2023.pdf
2026-05-29 18:56:54,806 [INFO] 文本已保存: C:\Users\13765\OneDrive\Desktop\研究生\数据要素\data\extracted\002003_伟星股份_2023.md (7464字符)
2026-05-29 18:56:55,128 [INFO] 表格已保存: C:\Users\13765\OneDrive\Desktop\研究生\数据要素\data\extracted\002003_伟星股份_2023_tables.json (3个表格)
2026-05-29 18:56:55,128 [INFO] [958/1056] 处理: 002003_伟星股份_2024.pdf
2026-05-29 18:56:55,571 [INFO] 文本已保存: C:\Users\13765\OneDrive\Desktop\研究生\数据要素\data\extracted\002003_伟星股份_2024.md (7650字符)
2026-05-29 18:56:55,904 [INFO] 表格已保存: C:\Users\13765\OneDrive\Desktop\研究生\数据要素\data\extracted\002003_伟星股份_2024_tables.json (4个表格)
2026-05-29 18:56:55,904 [INFO] [959/1056] 处理: 002003_伟星股份_2025.pdf
2026-05-29 18:56:56,279 [INFO] 文本已保存: C:\Users\13765\OneDrive\Desktop\研究生\数据要素\data\extracted\002003_伟星股份_2025.md (7939字符)
2026-05-29 18:56:56,645 [INFO] 表格已保存: C:\Users\13765\OneDrive\Desktop\研究生\数据要素\data\extracted\002003_伟星股份_2025_tables.json (3个表格)
2026-05-29 18:56:56,645 [INFO] [960/1056] 处理: 002003_伟星股份_2026.pdf
2026-05-29 18:56:57,343 [INFO] 文本已保存: C:\Users\13765\OneDrive\Desktop\研究生\数据要素\data\extracted\002003_伟星股份_2026.md (12991字符)
2026-05-29 18:56:57,978 [INFO] 表格已保存: C:\Users\13765\OneDrive\Desktop\研究生\数据要素\data\extracted\002003_伟星股份_2026_tables.json (2个表格)
2026-05-29 18:56:57,978 [INFO] [961/1056] 处理: 002006_精工科技_2019.pdf
2026-05-29 18:56:58,460 [INFO] 文本已保存: C:\Users\13765\OneDrive\Desktop\研究生\数据要素\data\extracted\002006_精工科技_2019.md (15323字符)
2026-05-29 18:56:59,023 [INFO] 表格已保存: C:\Users\13765\OneDrive\Desktop\研究生\数据要素\data\extracted\002006_精工科技_2019_tables.json (0个表格)
2026-05-29 18:56:59,023 [INFO] [962/1056] 处理: 002006_精工科技_2020.pdf
2026-05-29 18:56:59,529 [INFO] 文本已保存: C:\Users\13765\OneDrive\Desktop\研究生\数据要素\data\extracted\002006_精工科技_2020.md (17120字符)
2026-05-29 18:57:00,112 [INFO] 表格已保存: C:\Users\13765\OneDrive\Desktop\研究生\数据要素\data\extracted\002006_精工科技_2020_tables.json (1个表格)
2026-05-29 18:57:00,113 [INFO] [963/1056] 处理: 002006_精工科技_2021.pdf
2026-05-29 18:57:00,730 [INFO] 文本已保存: C:\Users\13765\OneDrive\Desktop\研究生\数据要素\data\extracted\002006_精工科技_2021.md (16984字符)
2026-05-29 18:57:01,425 [INFO] 表格已保存: C:\Users\13765\OneDrive\Desktop\研究生\数据要素\data\extracted\002006_精工科技_2021_tables.json (1个表格)
2026-05-29 18:57:01,425 [INFO] [964/1056] 处理: 002006_精工科技_2022.pdf
2026-05-29 18:57:01,919 [INFO] 文本已保存: C:\Users\13765\OneDrive\Desktop\研究生\数据要素\data\extracted\002006_精工科技_2022.md (16370字符)
2026-05-29 18:57:02,482 [INFO] 表格已保存: C:\Users\13765\OneDrive\Desktop\研究生\数据要素\data\extracted\002006_精工科技_2022_tables.json (0个表格)
2026-05-29 18:57:02,482 [INFO] [965/1056] 处理: 002006_精工科技_2023.pdf
2026-05-29 18:57:03,174 [INFO] 文本已保存: C:\Users\13765\OneDrive\Desktop\研究生\数据要素\data\extracted\002006_精工科技_2023.md (16544字符)
2026-05-29 18:57:03,948 [INFO] 表格已保存: C:\Users\13765\OneDrive\Desktop\研究生\数据要素\data\extracted\002006_精工科技_2023_tables.json (0个表格)
2026-05-29 18:57:03,948 [INFO] [966/1056] 处理: 002006_精工科技_2024.pdf
2026-05-29 18:57:08,156 [INFO] 文本已保存: C:\Users\13765\OneDrive\Desktop\研究生\数据要素\data\extracted\002006_精工科技_2024.md (53164字符)
2026-05-29 18:57:12,275 [INFO] 表格已保存: C:\Users\13765\OneDrive\Desktop\研究生\数据要素\data\extracted\002006_精工科技_2024_tables.json (15个表格)
2026-05-29 18:57:12,275 [INFO] [967/1056] 处理: 002006_精工科技_2025.pdf
2026-05-29 18:57:17,535 [INFO] 文本已保存: C:\Users\13765\OneDrive\Desktop\研究生\数据要素\data\extracted\002006_精工科技_2025.md (71965字符)
2026-05-29 18:57:22,823 [INFO] 表格已保存: C:\Users\13765\OneDrive\Desktop\研究生\数据要素\data\extracted\002006_精工科技_2025_tables.json (18个表格)
2026-05-29 18:57:22,823 [INFO] [968/1056] 处理: 002006_精工科技_2026.pdf
2026-05-29 18:58:27,135 [INFO] 文本已保存: C:\Users\13765\OneDrive\Desktop\研究生\数据要素\data\extracted\002006_精工科技_2026.md (6108字符)
2026-05-29 18:59:31,854 [INFO] 表格已保存: C:\Users\13765\OneDrive\Desktop\研究生\数据要素\data\extracted\002006_精工科技_2026_tables.json (0个表格)
2026-05-29 18:59:31,854 [INFO] [969/1056] 处理: 002007_华兰生物_2019.pdf
2026-05-29 18:59:32,037 [INFO] 文本已保存: C:\Users\13765\OneDrive\Desktop\研究生\数据要素\data\extracted\002007_华兰生物_2019.md (7074字符)
2026-05-29 18:59:32,207 [INFO] 表格已保存: C:\Users\13765\OneDrive\Desktop\研究生\数据要素\data\extracted\002007_华兰生物_2019_tables.json (0个表格)
2026-05-29 18:59:32,208 [INFO] [970/1056] 处理: 002007_华兰生物_2020.pdf
2026-05-29 18:59:32,385 [INFO] 文本已保存: C:\Users\13765\OneDrive\Desktop\研究生\数据要素\data\extracted\002007_华兰生物_2020.md (7073字符)
2026-05-29 18:59:32,553 [INFO] 表格已保存: C:\Users\13765\OneDrive\Desktop\研究生\数据要素\data\extracted\002007_华兰生物_2020_tables.json (0个表格)
2026-05-29 18:59:32,553 [INFO] [971/1056] 处理: 002007_华兰生物_2021.pdf
2026-05-29 18:59:32,730 [INFO] 文本已保存: C:\Users\13765\OneDrive\Desktop\研究生\数据要素\data\extracted\002007_华兰生物_2021.md (7213字符)
2026-05-29 18:59:32,893 [INFO] 表格已保存: C:\Users\13765\OneDrive\Desktop\研究生\数据要素\data\extracted\002007_华兰生物_2021_tables.json (0个表格)
2026-05-29 18:59:32,893 [INFO] [972/1056] 处理: 002007_华兰生物_2022.pdf
2026-05-29 18:59:35,286 [INFO] 文本已保存: C:\Users\13765\OneDrive\Desktop\研究生\数据要素\data\extracted\002007_华兰生物_2022.md (7551字符)
2026-05-29 18:59:35,459 [INFO] 表格已保存: C:\Users\13765\OneDrive\Desktop\研究生\数据要素\data\extracted\002007_华兰生物_2022_tables.json (0个表格)
2026-05-29 18:59:35,459 [INFO] [973/1056] 处理: 002007_华兰生物_2023.pdf
2026-05-29 18:59:35,683 [INFO] 文本已保存: C:\Users\13765\OneDrive\Desktop\研究生\数据要素\data\extracted\002007_华兰生物_2023.md (7342字符)
2026-05-29 18:59:35,894 [INFO] 表格已保存: C:\Users\13765\OneDrive\Desktop\研究生\数据要素\data\extracted\002007_华兰生物_2023_tables.json (0个表格)
2026-05-29 18:59:35,895 [INFO] [974/1056] 处理: 002007_华兰生物_2024.pdf
2026-05-29 18:59:38,734 [INFO] 文本已保存: C:\Users\13765\OneDrive\Desktop\研究生\数据要素\data\extracted\002007_华兰生物_2024.md (35753字符)
2026-05-29 18:59:41,448 [INFO] 表格已保存: C:\Users\13765\OneDrive\Desktop\研究生\数据要素\data\extracted\002007_华兰生物_2024_tables.json (11个表格)
2026-05-29 18:59:41,448 [INFO] [975/1056] 处理: 002007_华兰生物_2025.pdf
2026-05-29 18:59:45,250 [INFO] 文本已保存: C:\Users\13765\OneDrive\Desktop\研究生\数据要素\data\extracted\002007_华兰生物_2025.md (38944字符)
2026-05-29 18:59:49,024 [INFO] 表格已保存: C:\Users\13765\OneDrive\Desktop\研究生\数据要素\data\extracted\002007_华兰生物_2025_tables.json (10个表格)
2026-05-29 18:59:49,025 [INFO] [976/1056] 处理: 002007_华兰生物_2026.pdf
2026-05-29 18:59:49,089 [INFO] 文本已保存: C:\Users\13765\OneDrive\Desktop\研究生\数据要素\data\extracted\002007_华兰生物_2026.md (549字符)
2026-05-29 18:59:49,137 [INFO] 表格已保存: C:\Users\13765\OneDrive\Desktop\研究生\数据要素\data\extracted\002007_华兰生物_2026_tables.json (0个表格)
2026-05-29 18:59:49,137 [INFO] [977/1056] 处理: 002008_大族激光_2019.pdf
2026-05-29 18:59:49,802 [INFO] 文本已保存: C:\Users\13765\OneDrive\Desktop\研究生\数据要素\data\extracted\002008_大族激光_2019.md (16866字符)
2026-05-29 18:59:50,253 [INFO] 表格已保存: C:\Users\13765\OneDrive\Desktop\研究生\数据要素\data\extracted\002008_大族激光_2019_tables.json (6个表格)
2026-05-29 18:59:50,254 [INFO] [978/1056] 处理: 002008_大族激光_2020.pdf
2026-05-29 19:00:19,407 [INFO] 文本已保存: C:\Users\13765\OneDrive\Desktop\研究生\数据要素\data\extracted\002008_大族激光_2020.md (393字符)
2026-05-29 19:00:48,755 [INFO] 表格已保存: C:\Users\13765\OneDrive\Desktop\研究生\数据要素\data\extracted\002008_大族激光_2020_tables.json (0个表格)
2026-05-29 19:00:48,756 [INFO] [979/1056] 处理: 002008_大族激光_2021.pdf
2026-05-29 19:01:45,560 [INFO] 文本已保存: C:\Users\13765\OneDrive\Desktop\研究生\数据要素\data\extracted\002008_大族激光_2021.md (359字符)
2026-05-29 19:02:42,406 [INFO] 表格已保存: C:\Users\13765\OneDrive\Desktop\研究生\数据要素\data\extracted\002008_大族激光_2021_tables.json (0个表格)
2026-05-29 19:02:42,406 [INFO] [980/1056] 处理: 002008_大族激光_2022.pdf
2026-05-29 19:03:03,128 [INFO] 文本已保存: C:\Users\13765\OneDrive\Desktop\研究生\数据要素\data\extracted\002008_大族激光_2022.md (359字符)
2026-05-29 19:03:23,571 [INFO] 表格已保存: C:\Users\13765\OneDrive\Desktop\研究生\数据要素\data\extracted\002008_大族激光_2022_tables.json (0个表格)
2026-05-29 19:03:23,572 [INFO] [981/1056] 处理: 002008_大族激光_2023.pdf
2026-05-29 19:03:25,425 [INFO] 文本已保存: C:\Users\13765\OneDrive\Desktop\研究生\数据要素\data\extracted\002008_大族激光_2023.md (16057字符)
2026-05-29 19:03:26,707 [INFO] 表格已保存: C:\Users\13765\OneDrive\Desktop\研究生\数据要素\data\extracted\002008_大族激光_2023_tables.json (10个表格)
2026-05-29 19:03:26,707 [INFO] [982/1056] 处理: 002008_大族激光_2024.pdf
2026-05-29 19:04:01,361 [INFO] 文本已保存: C:\Users\13765\OneDrive\Desktop\研究生\数据要素\data\extracted\002008_大族激光_2024.md (659字符)
2026-05-29 19:04:36,163 [INFO] 表格已保存: C:\Users\13765\OneDrive\Desktop\研究生\数据要素\data\extracted\002008_大族激光_2024_tables.json (0个表格)
2026-05-29 19:04:36,164 [INFO] [983/1056] 处理: 002008_大族激光_2025.pdf
2026-05-29 19:05:00,867 [INFO] 文本已保存: C:\Users\13765\OneDrive\Desktop\研究生\数据要素\data\extracted\002008_大族激光_2025.md (690字符)
2026-05-29 19:05:25,312 [INFO] 表格已保存: C:\Users\13765\OneDrive\Desktop\研究生\数据要素\data\extracted\002008_大族激光_2025_tables.json (0个表格)
2026-05-29 19:05:25,312 [INFO] [984/1056] 处理: 002008_大族激光_2026.pdf
2026-05-29 19:05:30,562 [INFO] 文本已保存: C:\Users\13765\OneDrive\Desktop\研究生\数据要素\data\extracted\002008_大族激光_2026.md (52606字符)
2026-05-29 19:05:35,085 [INFO] 表格已保存: C:\Users\13765\OneDrive\Desktop\研究生\数据要素\data\extracted\002008_大族激光_2026_tables.json (10个表格)
2026-05-29 19:05:35,086 [INFO] [985/1056] 处理: 002024_ST易购_2019.pdf
2026-05-29 19:05:38,544 [INFO] 文本已保存: C:\Users\13765\OneDrive\Desktop\研究生\数据要素\data\extracted\002024_ST易购_2019.md (66044字符)
2026-05-29 19:05:41,800 [INFO] 表格已保存: C:\Users\13765\OneDrive\Desktop\研究生\数据要素\data\extracted\002024_ST易购_2019_tables.json (21个表格)
2026-05-29 19:05:41,800 [INFO] [986/1056] 处理: 002024_ST易购_2020.pdf
2026-05-29 19:05:44,961 [INFO] 文本已保存: C:\Users\13765\OneDrive\Desktop\研究生\数据要素\data\extracted\002024_ST易购_2020.md (65805字符)
2026-05-29 19:05:48,013 [INFO] 表格已保存: C:\Users\13765\OneDrive\Desktop\研究生\数据要素\data\extracted\002024_ST易购_2020_tables.json (18个表格)
2026-05-29 19:05:48,013 [INFO] [987/1056] 处理: 002024_ST易购_2021.pdf
2026-05-29 19:05:50,654 [INFO] 文本已保存: C:\Users\13765\OneDrive\Desktop\研究生\数据要素\data\extracted\002024_ST易购_2021.md (64271字符)
2026-05-29 19:05:53,300 [INFO] 表格已保存: C:\Users\13765\OneDrive\Desktop\研究生\数据要素\data\extracted\002024_ST易购_2021_tables.json (41个表格)
2026-05-29 19:05:53,300 [INFO] [988/1056] 处理: 002024_ST易购_2022.pdf
2026-05-29 19:05:57,036 [INFO] 文本已保存: C:\Users\13765\OneDrive\Desktop\研究生\数据要素\data\extracted\002024_ST易购_2022.md (126434字符)
2026-05-29 19:06:00,789 [INFO] 表格已保存: C:\Users\13765\OneDrive\Desktop\研究生\数据要素\data\extracted\002024_ST易购_2022_tables.json (151个表格)
2026-05-29 19:06:00,790 [INFO] [989/1056] 处理: 002024_ST易购_2023.pdf
2026-05-29 19:06:03,353 [INFO] 文本已保存: C:\Users\13765\OneDrive\Desktop\研究生\数据要素\data\extracted\002024_ST易购_2023.md (102368字符)
2026-05-29 19:06:05,713 [INFO] 表格已保存: C:\Users\13765\OneDrive\Desktop\研究生\数据要素\data\extracted\002024_ST易购_2023_tables.json (105个表格)
2026-05-29 19:06:05,713 [INFO] [990/1056] 处理: 002024_ST易购_2024.pdf
2026-05-29 19:06:07,934 [INFO] 文本已保存: C:\Users\13765\OneDrive\Desktop\研究生\数据要素\data\extracted\002024_ST易购_2024.md (54591字符)
2026-05-29 19:06:10,142 [INFO] 表格已保存: C:\Users\13765\OneDrive\Desktop\研究生\数据要素\data\extracted\002024_ST易购_2024_tables.json (29个表格)
2026-05-29 19:06:10,142 [INFO] [991/1056] 处理: 002024_ST易购_2025.pdf
2026-05-29 19:06:12,462 [INFO] 文本已保存: C:\Users\13765\OneDrive\Desktop\研究生\数据要素\data\extracted\002024_ST易购_2025.md (59889字符)
2026-05-29 19:06:14,615 [INFO] 表格已保存: C:\Users\13765\OneDrive\Desktop\研究生\数据要素\data\extracted\002024_ST易购_2025_tables.json (27个表格)
2026-05-29 19:06:14,615 [INFO] [992/1056] 处理: 002024_ST易购_2026.pdf
2026-05-29 19:06:16,875 [INFO] 文本已保存: C:\Users\13765\OneDrive\Desktop\研究生\数据要素\data\extracted\002024_ST易购_2026.md (65572字符)
2026-05-29 19:06:19,048 [INFO] 表格已保存: C:\Users\13765\OneDrive\Desktop\研究生\数据要素\data\extracted\002024_ST易购_2026_tables.json (31个表格)
2026-05-29 19:06:19,049 [INFO] [993/1056] 处理: 002027_分众传媒_2019.pdf
2026-05-29 19:06:19,482 [INFO] 文本已保存: C:\Users\13765\OneDrive\Desktop\研究生\数据要素\data\extracted\002027_分众传媒_2019.md (9212字符)
2026-05-29 19:06:19,761 [INFO] 表格已保存: C:\Users\13765\OneDrive\Desktop\研究生\数据要素\data\extracted\002027_分众传媒_2019_tables.json (2个表格)
2026-05-29 19:06:19,761 [INFO] [994/1056] 处理: 002027_分众传媒_2020.pdf
2026-05-29 19:06:20,060 [INFO] 文本已保存: C:\Users\13765\OneDrive\Desktop\研究生\数据要素\data\extracted\002027_分众传媒_2020.md (9132字符)
2026-05-29 19:06:20,439 [INFO] 表格已保存: C:\Users\13765\OneDrive\Desktop\研究生\数据要素\data\extracted\002027_分众传媒_2020_tables.json (2个表格)
2026-05-29 19:06:20,439 [INFO] [995/1056] 处理: 002027_分众传媒_2021.pdf
2026-05-29 19:06:43,172 [INFO] 文本已保存: C:\Users\13765\OneDrive\Desktop\研究生\数据要素\data\extracted\002027_分众传媒_2021.md (827字符)
2026-05-29 19:07:06,160 [INFO] 表格已保存: C:\Users\13765\OneDrive\Desktop\研究生\数据要素\data\extracted\002027_分众传媒_2021_tables.json (0个表格)
2026-05-29 19:07:06,160 [INFO] [996/1056] 处理: 002027_分众传媒_2022.pdf
2026-05-29 19:07:28,108 [INFO] 文本已保存: C:\Users\13765\OneDrive\Desktop\研究生\数据要素\data\extracted\002027_分众传媒_2022.md (443字符)
2026-05-29 19:07:49,735 [INFO] 表格已保存: C:\Users\13765\OneDrive\Desktop\研究生\数据要素\data\extracted\002027_分众传媒_2022_tables.json (0个表格)
2026-05-29 19:07:49,735 [INFO] [997/1056] 处理: 002027_分众传媒_2023.pdf
2026-05-29 19:08:15,449 [INFO] 文本已保存: C:\Users\13765\OneDrive\Desktop\研究生\数据要素\data\extracted\002027_分众传媒_2023.md (741字符)
2026-05-29 19:08:40,636 [INFO] 表格已保存: C:\Users\13765\OneDrive\Desktop\研究生\数据要素\data\extracted\002027_分众传媒_2023_tables.json (0个表格)
2026-05-29 19:08:40,636 [INFO] [998/1056] 处理: 002027_分众传媒_2024.pdf
2026-05-29 19:08:43,574 [INFO] 文本已保存: C:\Users\13765\OneDrive\Desktop\研究生\数据要素\data\extracted\002027_分众传媒_2024.md (30722字符)
2026-05-29 19:08:45,586 [INFO] 表格已保存: C:\Users\13765\OneDrive\Desktop\研究生\数据要素\data\extracted\002027_分众传媒_2024_tables.json (3个表格)
2026-05-29 19:08:45,586 [INFO] [999/1056] 处理: 002027_分众传媒_2025.pdf
2026-05-29 19:08:51,116 [INFO] 文本已保存: C:\Users\13765\OneDrive\Desktop\研究生\数据要素\data\extracted\002027_分众传媒_2025.md (85234字符)
2026-05-29 19:08:56,552 [INFO] 表格已保存: C:\Users\13765\OneDrive\Desktop\研究生\数据要素\data\extracted\002027_分众传媒_2025_tables.json (8个表格)
2026-05-29 19:08:56,552 [INFO] [1000/1056] 跳过(已存在): 002027_分众传媒_2026.pdf
2026-05-29 19:08:56,552 [INFO] [1001/1056] 处理: 002029_七匹狼_2019.pdf
2026-05-29 19:08:57,169 [INFO] 文本已保存: C:\Users\13765\OneDrive\Desktop\研究生\数据要素\data\extracted\002029_七匹狼_2019.md (5928字符)
2026-05-29 19:08:57,481 [INFO] 表格已保存: C:\Users\13765\OneDrive\Desktop\研究生\数据要素\data\extracted\002029_七匹狼_2019_tables.json (0个表格)
2026-05-29 19:08:57,481 [INFO] [1002/1056] 处理: 002029_七匹狼_2020.pdf
2026-05-29 19:08:57,667 [INFO] 文本已保存: C:\Users\13765\OneDrive\Desktop\研究生\数据要素\data\extracted\002029_七匹狼_2020.md (5714字符)
2026-05-29 19:08:57,924 [INFO] 表格已保存: C:\Users\13765\OneDrive\Desktop\研究生\数据要素\data\extracted\002029_七匹狼_2020_tables.json (0个表格)
2026-05-29 19:08:57,925 [INFO] [1003/1056] 处理: 002029_七匹狼_2021.pdf
2026-05-29 19:08:58,113 [INFO] 文本已保存: C:\Users\13765\OneDrive\Desktop\研究生\数据要素\data\extracted\002029_七匹狼_2021.md (5908字符)
2026-05-29 19:08:58,287 [INFO] 表格已保存: C:\Users\13765\OneDrive\Desktop\研究生\数据要素\data\extracted\002029_七匹狼_2021_tables.json (0个表格)
2026-05-29 19:08:58,287 [INFO] [1004/1056] 处理: 002029_七匹狼_2022.pdf
2026-05-29 19:08:58,564 [INFO] 文本已保存: C:\Users\13765\OneDrive\Desktop\研究生\数据要素\data\extracted\002029_七匹狼_2022.md (7084字符)
2026-05-29 19:08:58,830 [INFO] 表格已保存: C:\Users\13765\OneDrive\Desktop\研究生\数据要素\data\extracted\002029_七匹狼_2022_tables.json (0个表格)
2026-05-29 19:08:58,830 [INFO] [1005/1056] 处理: 002029_七匹狼_2023.pdf
2026-05-29 19:08:59,184 [INFO] 文本已保存: C:\Users\13765\OneDrive\Desktop\研究生\数据要素\data\extracted\002029_七匹狼_2023.md (5523字符)
2026-05-29 19:08:59,423 [INFO] 表格已保存: C:\Users\13765\OneDrive\Desktop\研究生\数据要素\data\extracted\002029_七匹狼_2023_tables.json (0个表格)
2026-05-29 19:08:59,423 [INFO] [1006/1056] 处理: 002029_七匹狼_2024.pdf
2026-05-29 19:08:59,612 [INFO] 文本已保存: C:\Users\13765\OneDrive\Desktop\研究生\数据要素\data\extracted\002029_七匹狼_2024.md (5685字符)
2026-05-29 19:08:59,788 [INFO] 表格已保存: C:\Users\13765\OneDrive\Desktop\研究生\数据要素\data\extracted\002029_七匹狼_2024_tables.json (0个表格)
2026-05-29 19:08:59,788 [INFO] [1007/1056] 处理: 002029_七匹狼_2025.pdf
2026-05-29 19:09:00,317 [INFO] 文本已保存: C:\Users\13765\OneDrive\Desktop\研究生\数据要素\data\extracted\002029_七匹狼_2025.md (11524字符)
2026-05-29 19:09:00,732 [INFO] 表格已保存: C:\Users\13765\OneDrive\Desktop\研究生\数据要素\data\extracted\002029_七匹狼_2025_tables.json (0个表格)
2026-05-29 19:09:00,733 [INFO] [1008/1056] 处理: 002029_七匹狼_2026.pdf
2026-05-29 19:09:01,378 [INFO] 文本已保存: C:\Users\13765\OneDrive\Desktop\研究生\数据要素\data\extracted\002029_七匹狼_2026.md (12543字符)
2026-05-29 19:09:02,117 [INFO] 表格已保存: C:\Users\13765\OneDrive\Desktop\研究生\数据要素\data\extracted\002029_七匹狼_2026_tables.json (0个表格)
2026-05-29 19:09:02,117 [INFO] [1009/1056] 处理: 002030_达安基因_2019.pdf
2026-05-29 19:09:02,351 [INFO] 文本已保存: C:\Users\13765\OneDrive\Desktop\研究生\数据要素\data\extracted\002030_达安基因_2019.md (8892字符)
2026-05-29 19:09:02,572 [INFO] 表格已保存: C:\Users\13765\OneDrive\Desktop\研究生\数据要素\data\extracted\002030_达安基因_2019_tables.json (1个表格)
2026-05-29 19:09:02,572 [INFO] [1010/1056] 处理: 002030_达安基因_2020.pdf
2026-05-29 19:09:02,804 [INFO] 文本已保存: C:\Users\13765\OneDrive\Desktop\研究生\数据要素\data\extracted\002030_达安基因_2020.md (9004字符)
2026-05-29 19:09:03,133 [INFO] 表格已保存: C:\Users\13765\OneDrive\Desktop\研究生\数据要素\data\extracted\002030_达安基因_2020_tables.json (1个表格)
2026-05-29 19:09:03,133 [INFO] [1011/1056] 处理: 002030_达安基因_2021.pdf
2026-05-29 19:09:03,367 [INFO] 文本已保存: C:\Users\13765\OneDrive\Desktop\研究生\数据要素\data\extracted\002030_达安基因_2021.md (9445字符)
2026-05-29 19:09:03,595 [INFO] 表格已保存: C:\Users\13765\OneDrive\Desktop\研究生\数据要素\data\extracted\002030_达安基因_2021_tables.json (1个表格)
2026-05-29 19:09:03,595 [INFO] [1012/1056] 处理: 002030_达安基因_2022.pdf
2026-05-29 19:09:04,068 [INFO] 文本已保存: C:\Users\13765\OneDrive\Desktop\研究生\数据要素\data\extracted\002030_达安基因_2022.md (14360字符)
2026-05-29 19:09:04,440 [INFO] 表格已保存: C:\Users\13765\OneDrive\Desktop\研究生\数据要素\data\extracted\002030_达安基因_2022_tables.json (2个表格)
2026-05-29 19:09:04,440 [INFO] [1013/1056] 处理: 002030_达安基因_2023.pdf
2026-05-29 19:09:05,070 [INFO] 文本已保存: C:\Users\13765\OneDrive\Desktop\研究生\数据要素\data\extracted\002030_达安基因_2023.md (15939字符)
2026-05-29 19:09:05,574 [INFO] 表格已保存: C:\Users\13765\OneDrive\Desktop\研究生\数据要素\data\extracted\002030_达安基因_2023_tables.json (3个表格)
2026-05-29 19:09:05,574 [INFO] [1014/1056] 处理: 002030_达安基因_2024.pdf
2026-05-29 19:09:06,154 [INFO] 文本已保存: C:\Users\13765\OneDrive\Desktop\研究生\数据要素\data\extracted\002030_达安基因_2024.md (14662字符)
2026-05-29 19:09:06,624 [INFO] 表格已保存: C:\Users\13765\OneDrive\Desktop\研究生\数据要素\data\extracted\002030_达安基因_2024_tables.json (3个表格)
2026-05-29 19:09:06,624 [INFO] [1015/1056] 处理: 002030_达安基因_2025.pdf
2026-05-29 19:09:07,178 [INFO] 文本已保存: C:\Users\13765\OneDrive\Desktop\研究生\数据要素\data\extracted\002030_达安基因_2025.md (13956字符)
2026-05-29 19:09:07,620 [INFO] 表格已保存: C:\Users\13765\OneDrive\Desktop\研究生\数据要素\data\extracted\002030_达安基因_2025_tables.json (2个表格)
2026-05-29 19:09:07,620 [INFO] [1016/1056] 处理: 002030_达安基因_2026.pdf
2026-05-29 19:09:08,490 [INFO] 文本已保存: C:\Users\13765\OneDrive\Desktop\研究生\数据要素\data\extracted\002030_达安基因_2026.md (13369字符)
2026-05-29 19:09:09,233 [INFO] 表格已保存: C:\Users\13765\OneDrive\Desktop\研究生\数据要素\data\extracted\002030_达安基因_2026_tables.json (2个表格)
2026-05-29 19:09:09,233 [INFO] [1017/1056] 处理: 002033_丽江股份_2019.pdf
2026-05-29 19:09:09,794 [INFO] 文本已保存: C:\Users\13765\OneDrive\Desktop\研究生\数据要素\data\extracted\002033_丽江股份_2019.md (17255字符)
2026-05-29 19:09:10,455 [INFO] 表格已保存: C:\Users\13765\OneDrive\Desktop\研究生\数据要素\data\extracted\002033_丽江股份_2019_tables.json (0个表格)
2026-05-29 19:09:10,455 [INFO] [1018/1056] 处理: 002033_丽江股份_2020.pdf
2026-05-29 19:09:11,075 [INFO] 文本已保存: C:\Users\13765\OneDrive\Desktop\研究生\数据要素\data\extracted\002033_丽江股份_2020.md (17714字符)
2026-05-29 19:09:11,583 [INFO] 表格已保存: C:\Users\13765\OneDrive\Desktop\研究生\数据要素\data\extracted\002033_丽江股份_2020_tables.json (0个表格)
2026-05-29 19:09:11,583 [INFO] [1019/1056] 处理: 002033_丽江股份_2021.pdf
2026-05-29 19:09:12,259 [INFO] 文本已保存: C:\Users\13765\OneDrive\Desktop\研究生\数据要素\data\extracted\002033_丽江股份_2021.md (19815字符)
2026-05-29 19:09:12,805 [INFO] 表格已保存: C:\Users\13765\OneDrive\Desktop\研究生\数据要素\data\extracted\002033_丽江股份_2021_tables.json (0个表格)
2026-05-29 19:09:12,805 [INFO] [1020/1056] 处理: 002033_丽江股份_2022.pdf
2026-05-29 19:09:13,392 [INFO] 文本已保存: C:\Users\13765\OneDrive\Desktop\研究生\数据要素\data\extracted\002033_丽江股份_2022.md (18227字符)
2026-05-29 19:09:13,946 [INFO] 表格已保存: C:\Users\13765\OneDrive\Desktop\研究生\数据要素\data\extracted\002033_丽江股份_2022_tables.json (0个表格)
2026-05-29 19:09:13,946 [INFO] [1021/1056] 处理: 002033_丽江股份_2023.pdf
2026-05-29 19:09:14,582 [INFO] 文本已保存: C:\Users\13765\OneDrive\Desktop\研究生\数据要素\data\extracted\002033_丽江股份_2023.md (18249字符)
2026-05-29 19:09:15,294 [INFO] 表格已保存: C:\Users\13765\OneDrive\Desktop\研究生\数据要素\data\extracted\002033_丽江股份_2023_tables.json (0个表格)
2026-05-29 19:09:15,294 [INFO] [1022/1056] 处理: 002033_丽江股份_2024.pdf
2026-05-29 19:09:16,005 [INFO] 文本已保存: C:\Users\13765\OneDrive\Desktop\研究生\数据要素\data\extracted\002033_丽江股份_2024.md (19373字符)
2026-05-29 19:09:16,808 [INFO] 表格已保存: C:\Users\13765\OneDrive\Desktop\研究生\数据要素\data\extracted\002033_丽江股份_2024_tables.json (0个表格)
2026-05-29 19:09:16,809 [INFO] [1023/1056] 处理: 002033_丽江股份_2025.pdf
2026-05-29 19:09:17,643 [INFO] 文本已保存: C:\Users\13765\OneDrive\Desktop\研究生\数据要素\data\extracted\002033_丽江股份_2025.md (20383字符)
2026-05-29 19:09:18,352 [INFO] 表格已保存: C:\Users\13765\OneDrive\Desktop\研究生\数据要素\data\extracted\002033_丽江股份_2025_tables.json (0个表格)
2026-05-29 19:09:18,352 [INFO] [1024/1056] 处理: 002033_丽江股份_2026.pdf
2026-05-29 19:09:19,539 [INFO] 文本已保存: C:\Users\13765\OneDrive\Desktop\研究生\数据要素\data\extracted\002033_丽江股份_2026.md (18312字符)
2026-05-29 19:09:20,566 [INFO] 表格已保存: C:\Users\13765\OneDrive\Desktop\研究生\数据要素\data\extracted\002033_丽江股份_2026_tables.json (0个表格)
2026-05-29 19:09:20,567 [INFO] [1025/1056] 处理: 002035_华帝股份_2019.pdf
2026-05-29 19:09:21,320 [INFO] 文本已保存: C:\Users\13765\OneDrive\Desktop\研究生\数据要素\data\extracted\002035_华帝股份_2019.md (13976字符)
2026-05-29 19:09:21,925 [INFO] 表格已保存: C:\Users\13765\OneDrive\Desktop\研究生\数据要素\data\extracted\002035_华帝股份_2019_tables.json (1个表格)
2026-05-29 19:09:21,925 [INFO] [1026/1056] 处理: 002035_华帝股份_2020.pdf
2026-05-29 19:09:22,907 [INFO] 文本已保存: C:\Users\13765\OneDrive\Desktop\研究生\数据要素\data\extracted\002035_华帝股份_2020.md (2576字符)
2026-05-29 19:09:23,710 [INFO] 表格已保存: C:\Users\13765\OneDrive\Desktop\研究生\数据要素\data\extracted\002035_华帝股份_2020_tables.json (0个表格)
2026-05-29 19:09:23,710 [INFO] [1027/1056] 处理: 002035_华帝股份_2021.pdf
2026-05-29 19:09:25,155 [INFO] 文本已保存: C:\Users\13765\OneDrive\Desktop\研究生\数据要素\data\extracted\002035_华帝股份_2021.md (15669字符)
2026-05-29 19:09:26,575 [INFO] 表格已保存: C:\Users\13765\OneDrive\Desktop\研究生\数据要素\data\extracted\002035_华帝股份_2021_tables.json (5个表格)
2026-05-29 19:09:26,575 [INFO] [1028/1056] 处理: 002035_华帝股份_2022.pdf
2026-05-29 19:09:27,660 [INFO] 文本已保存: C:\Users\13765\OneDrive\Desktop\研究生\数据要素\data\extracted\002035_华帝股份_2022.md (18730字符)
2026-05-29 19:09:28,602 [INFO] 表格已保存: C:\Users\13765\OneDrive\Desktop\研究生\数据要素\data\extracted\002035_华帝股份_2022_tables.json (7个表格)
2026-05-29 19:09:28,603 [INFO] [1029/1056] 处理: 002035_华帝股份_2023.pdf
2026-05-29 19:09:30,487 [INFO] 文本已保存: C:\Users\13765\OneDrive\Desktop\研究生\数据要素\data\extracted\002035_华帝股份_2023.md (44289字符)
2026-05-29 19:09:32,328 [INFO] 表格已保存: C:\Users\13765\OneDrive\Desktop\研究生\数据要素\data\extracted\002035_华帝股份_2023_tables.json (25个表格)
2026-05-29 19:09:32,328 [INFO] [1030/1056] 处理: 002035_华帝股份_2024.pdf
2026-05-29 19:09:34,083 [INFO] 文本已保存: C:\Users\13765\OneDrive\Desktop\研究生\数据要素\data\extracted\002035_华帝股份_2024.md (42355字符)
2026-05-29 19:09:35,701 [INFO] 表格已保存: C:\Users\13765\OneDrive\Desktop\研究生\数据要素\data\extracted\002035_华帝股份_2024_tables.json (35个表格)
2026-05-29 19:09:35,701 [INFO] [1031/1056] 处理: 002035_华帝股份_2025.pdf
2026-05-29 19:09:38,233 [INFO] 文本已保存: C:\Users\13765\OneDrive\Desktop\研究生\数据要素\data\extracted\002035_华帝股份_2025.md (59384字符)
2026-05-29 19:09:40,635 [INFO] 表格已保存: C:\Users\13765\OneDrive\Desktop\研究生\数据要素\data\extracted\002035_华帝股份_2025_tables.json (14个表格)
2026-05-29 19:09:40,635 [INFO] [1032/1056] 处理: 002035_华帝股份_2026.pdf
2026-05-29 19:09:43,691 [INFO] 文本已保存: C:\Users\13765\OneDrive\Desktop\研究生\数据要素\data\extracted\002035_华帝股份_2026.md (82215字符)
2026-05-29 19:09:46,704 [INFO] 表格已保存: C:\Users\13765\OneDrive\Desktop\研究生\数据要素\data\extracted\002035_华帝股份_2026_tables.json (55个表格)
2026-05-29 19:09:46,704 [INFO] [1033/1056] 处理: 002038_双鹭药业_2019.pdf
2026-05-29 19:09:47,229 [INFO] 文本已保存: C:\Users\13765\OneDrive\Desktop\研究生\数据要素\data\extracted\002038_双鹭药业_2019.md (18405字符)
2026-05-29 19:09:47,951 [INFO] 表格已保存: C:\Users\13765\OneDrive\Desktop\研究生\数据要素\data\extracted\002038_双鹭药业_2019_tables.json (2个表格)
2026-05-29 19:09:47,951 [INFO] [1034/1056] 处理: 002038_双鹭药业_2020.pdf
2026-05-29 19:09:48,758 [INFO] 文本已保存: C:\Users\13765\OneDrive\Desktop\研究生\数据要素\data\extracted\002038_双鹭药业_2020.md (18747字符)
2026-05-29 19:09:49,451 [INFO] 表格已保存: C:\Users\13765\OneDrive\Desktop\研究生\数据要素\data\extracted\002038_双鹭药业_2020_tables.json (2个表格)
2026-05-29 19:09:49,451 [INFO] [1035/1056] 处理: 002038_双鹭药业_2021.pdf
2026-05-29 19:09:50,078 [INFO] 文本已保存: C:\Users\13765\OneDrive\Desktop\研究生\数据要素\data\extracted\002038_双鹭药业_2021.md (18615字符)
2026-05-29 19:09:50,556 [INFO] 表格已保存: C:\Users\13765\OneDrive\Desktop\研究生\数据要素\data\extracted\002038_双鹭药业_2021_tables.json (2个表格)
2026-05-29 19:09:50,557 [INFO] [1036/1056] 处理: 002038_双鹭药业_2022.pdf
2026-05-29 19:09:51,232 [INFO] 文本已保存: C:\Users\13765\OneDrive\Desktop\研究生\数据要素\data\extracted\002038_双鹭药业_2022.md (20071字符)
2026-05-29 19:09:51,837 [INFO] 表格已保存: C:\Users\13765\OneDrive\Desktop\研究生\数据要素\data\extracted\002038_双鹭药业_2022_tables.json (2个表格)
2026-05-29 19:09:51,837 [INFO] [1037/1056] 处理: 002038_双鹭药业_2023.pdf
2026-05-29 19:09:52,459 [INFO] 文本已保存: C:\Users\13765\OneDrive\Desktop\研究生\数据要素\data\extracted\002038_双鹭药业_2023.md (17628字符)
2026-05-29 19:09:53,145 [INFO] 表格已保存: C:\Users\13765\OneDrive\Desktop\研究生\数据要素\data\extracted\002038_双鹭药业_2023_tables.json (2个表格)
2026-05-29 19:09:53,145 [INFO] [1038/1056] 处理: 002038_双鹭药业_2024.pdf
2026-05-29 19:09:53,650 [INFO] 文本已保存: C:\Users\13765\OneDrive\Desktop\研究生\数据要素\data\extracted\002038_双鹭药业_2024.md (17484字符)
2026-05-29 19:09:54,041 [INFO] 表格已保存: C:\Users\13765\OneDrive\Desktop\研究生\数据要素\data\extracted\002038_双鹭药业_2024_tables.json (3个表格)
2026-05-29 19:09:54,041 [INFO] [1039/1056] 处理: 002038_双鹭药业_2025.pdf
2026-05-29 19:09:54,775 [INFO] 文本已保存: C:\Users\13765\OneDrive\Desktop\研究生\数据要素\data\extracted\002038_双鹭药业_2025.md (18071字符)
2026-05-29 19:09:55,373 [INFO] 表格已保存: C:\Users\13765\OneDrive\Desktop\研究生\数据要素\data\extracted\002038_双鹭药业_2025_tables.json (3个表格)
2026-05-29 19:09:55,373 [INFO] [1040/1056] 处理: 002038_双鹭药业_2026.pdf
2026-05-29 19:09:56,347 [INFO] 文本已保存: C:\Users\13765\OneDrive\Desktop\研究生\数据要素\data\extracted\002038_双鹭药业_2026.md (18266字符)
2026-05-29 19:09:57,186 [INFO] 表格已保存: C:\Users\13765\OneDrive\Desktop\研究生\数据要素\data\extracted\002038_双鹭药业_2026_tables.json (3个表格)
2026-05-29 19:09:57,186 [INFO] [1041/1056] 处理: 002039_黔源电力_2019.pdf
2026-05-29 19:09:58,132 [INFO] 文本已保存: C:\Users\13765\OneDrive\Desktop\研究生\数据要素\data\extracted\002039_黔源电力_2019.md (25468字符)
2026-05-29 19:09:59,036 [INFO] 表格已保存: C:\Users\13765\OneDrive\Desktop\研究生\数据要素\data\extracted\002039_黔源电力_2019_tables.json (10个表格)
2026-05-29 19:09:59,037 [INFO] [1042/1056] 处理: 002039_黔源电力_2020.pdf
2026-05-29 19:10:00,293 [INFO] 文本已保存: C:\Users\13765\OneDrive\Desktop\研究生\数据要素\data\extracted\002039_黔源电力_2020.md (25770字符)
2026-05-29 19:10:01,472 [INFO] 表格已保存: C:\Users\13765\OneDrive\Desktop\研究生\数据要素\data\extracted\002039_黔源电力_2020_tables.json (10个表格)
2026-05-29 19:10:01,472 [INFO] [1043/1056] 处理: 002039_黔源电力_2021.pdf
2026-05-29 19:10:02,476 [INFO] 文本已保存: C:\Users\13765\OneDrive\Desktop\研究生\数据要素\data\extracted\002039_黔源电力_2021.md (26930字符)
2026-05-29 19:10:03,455 [INFO] 表格已保存: C:\Users\13765\OneDrive\Desktop\研究生\数据要素\data\extracted\002039_黔源电力_2021_tables.json (7个表格)
2026-05-29 19:10:03,455 [INFO] [1044/1056] 处理: 002039_黔源电力_2022.pdf
2026-05-29 19:10:04,458 [INFO] 文本已保存: C:\Users\13765\OneDrive\Desktop\研究生\数据要素\data\extracted\002039_黔源电力_2022.md (29389字符)
2026-05-29 19:10:05,425 [INFO] 表格已保存: C:\Users\13765\OneDrive\Desktop\研究生\数据要素\data\extracted\002039_黔源电力_2022_tables.json (8个表格)
2026-05-29 19:10:05,425 [INFO] [1045/1056] 处理: 002039_黔源电力_2023.pdf
2026-05-29 19:10:54,231 [INFO] 文本已保存: C:\Users\13765\OneDrive\Desktop\研究生\数据要素\data\extracted\002039_黔源电力_2023.md (5664字符)
2026-05-29 19:11:43,571 [INFO] 表格已保存: C:\Users\13765\OneDrive\Desktop\研究生\数据要素\data\extracted\002039_黔源电力_2023_tables.json (7个表格)
2026-05-29 19:11:43,571 [INFO] [1046/1056] 处理: 002039_黔源电力_2024.pdf
2026-05-29 19:11:44,284 [INFO] 文本已保存: C:\Users\13765\OneDrive\Desktop\研究生\数据要素\data\extracted\002039_黔源电力_2024.md (22667字符)
2026-05-29 19:11:44,979 [INFO] 表格已保存: C:\Users\13765\OneDrive\Desktop\研究生\数据要素\data\extracted\002039_黔源电力_2024_tables.json (8个表格)
2026-05-29 19:11:44,979 [INFO] [1047/1056] 处理: 002039_黔源电力_2025.pdf
2026-05-29 19:11:48,982 [INFO] 文本已保存: C:\Users\13765\OneDrive\Desktop\研究生\数据要素\data\extracted\002039_黔源电力_2025.md (40729字符)
2026-05-29 19:11:51,804 [INFO] 表格已保存: C:\Users\13765\OneDrive\Desktop\研究生\数据要素\data\extracted\002039_黔源电力_2025_tables.json (10个表格)
2026-05-29 19:11:51,804 [INFO] [1048/1056] 处理: 002039_黔源电力_2026.pdf
2026-05-29 19:11:57,772 [INFO] 文本已保存: C:\Users\13765\OneDrive\Desktop\研究生\数据要素\data\extracted\002039_黔源电力_2026.md (41635字符)
2026-05-29 19:12:03,725 [INFO] 表格已保存: C:\Users\13765\OneDrive\Desktop\研究生\数据要素\data\extracted\002039_黔源电力_2026_tables.json (26个表格)
2026-05-29 19:12:03,726 [INFO] [1049/1056] 处理: 002042_华孚时尚_2019.pdf
2026-05-29 19:12:05,054 [INFO] 文本已保存: C:\Users\13765\OneDrive\Desktop\研究生\数据要素\data\extracted\002042_华孚时尚_2019.md (37627字符)
2026-05-29 19:12:06,212 [INFO] 表格已保存: C:\Users\13765\OneDrive\Desktop\研究生\数据要素\data\extracted\002042_华孚时尚_2019_tables.json (11个表格)
2026-05-29 19:12:06,212 [INFO] [1050/1056] 处理: 002042_华孚时尚_2020.pdf
2026-05-29 19:12:07,427 [INFO] 文本已保存: C:\Users\13765\OneDrive\Desktop\研究生\数据要素\data\extracted\002042_华孚时尚_2020.md (39310字符)
2026-05-29 19:12:08,592 [INFO] 表格已保存: C:\Users\13765\OneDrive\Desktop\研究生\数据要素\data\extracted\002042_华孚时尚_2020_tables.json (17个表格)
2026-05-29 19:12:08,593 [INFO] [1051/1056] 处理: 002042_华孚时尚_2021.pdf
2026-05-29 19:12:09,757 [INFO] 文本已保存: C:\Users\13765\OneDrive\Desktop\研究生\数据要素\data\extracted\002042_华孚时尚_2021.md (34265字符)
2026-05-29 19:12:10,890 [INFO] 表格已保存: C:\Users\13765\OneDrive\Desktop\研究生\数据要素\data\extracted\002042_华孚时尚_2021_tables.json (10个表格)
2026-05-29 19:12:10,890 [INFO] [1052/1056] 处理: 002042_华孚时尚_2022.pdf
2026-05-29 19:12:12,523 [INFO] 文本已保存: C:\Users\13765\OneDrive\Desktop\研究生\数据要素\data\extracted\002042_华孚时尚_2022.md (37633字符)
2026-05-29 19:12:14,078 [INFO] 表格已保存: C:\Users\13765\OneDrive\Desktop\研究生\数据要素\data\extracted\002042_华孚时尚_2022_tables.json (8个表格)
2026-05-29 19:12:14,078 [INFO] [1053/1056] 处理: 002042_华孚时尚_2023.pdf
2026-05-29 19:12:15,329 [INFO] 文本已保存: C:\Users\13765\OneDrive\Desktop\研究生\数据要素\data\extracted\002042_华孚时尚_2023.md (32628字符)
2026-05-29 19:12:16,550 [INFO] 表格已保存: C:\Users\13765\OneDrive\Desktop\研究生\数据要素\data\extracted\002042_华孚时尚_2023_tables.json (9个表格)
2026-05-29 19:12:16,550 [INFO] [1054/1056] 处理: 002042_华孚时尚_2024.pdf
2026-05-29 19:12:17,967 [INFO] 文本已保存: C:\Users\13765\OneDrive\Desktop\研究生\数据要素\data\extracted\002042_华孚时尚_2024.md (33960字符)
2026-05-29 19:12:19,333 [INFO] 表格已保存: C:\Users\13765\OneDrive\Desktop\研究生\数据要素\data\extracted\002042_华孚时尚_2024_tables.json (7个表格)
2026-05-29 19:12:19,333 [INFO] [1055/1056] 处理: 002042_华孚时尚_2025.pdf
2026-05-29 19:12:20,739 [INFO] 文本已保存: C:\Users\13765\OneDrive\Desktop\研究生\数据要素\data\extracted\002042_华孚时尚_2025.md (33619字符)
2026-05-29 19:12:22,102 [INFO] 表格已保存: C:\Users\13765\OneDrive\Desktop\研究生\数据要素\data\extracted\002042_华孚时尚_2025_tables.json (7个表格)
2026-05-29 19:12:22,102 [INFO] [1056/1056] 处理: 002042_华孚时尚_2026.pdf
2026-05-29 19:12:23,904 [INFO] 文本已保存: C:\Users\13765\OneDrive\Desktop\研究生\数据要素\data\extracted\002042_华孚时尚_2026.md (34324字符)
2026-05-29 19:12:25,686 [INFO] 表格已保存: C:\Users\13765\OneDrive\Desktop\研究生\数据要素\data\extracted\002042_华孚时尚_2026_tables.json (12个表格)
目标公司: 132家

预处理完成: 1036个PDF已处理, 20个跳过, 0个失败
